pair_id,sheet,cell
PAIR_00001,critical_pair_contact_01.png,1
PAIR_00259,critical_pair_contact_01.png,2
PAIR_00516,critical_pair_contact_01.png,3
PAIR_01027,critical_pair_contact_01.png,4
PAIR_01281,critical_pair_contact_01.png,5
PAIR_01534,critical_pair_contact_01.png,6
PAIR_01786,critical_pair_contact_01.png,7
PAIR_02037,critical_pair_contact_01.png,8
PAIR_02287,critical_pair_contact_01.png,9
PAIR_02536,critical_pair_contact_01.png,10
PAIR_03031,critical_pair_contact_01.png,11
PAIR_03277,critical_pair_contact_01.png,12
PAIR_03522,critical_pair_contact_02.png,1
PAIR_03766,critical_pair_contact_02.png,2
PAIR_04009,critical_pair_contact_02.png,3
PAIR_06616,critical_pair_contact_02.png,4
PAIR_06847,critical_pair_contact_02.png,5
PAIR_07077,critical_pair_contact_02.png,6
PAIR_07306,critical_pair_contact_02.png,7
PAIR_07534,critical_pair_contact_02.png,8
PAIR_08212,critical_pair_contact_02.png,9
PAIR_08436,critical_pair_contact_02.png,10
PAIR_08659,critical_pair_contact_02.png,11
PAIR_09102,critical_pair_contact_02.png,12
PAIR_09322,critical_pair_contact_03.png,1
PAIR_09759,critical_pair_contact_03.png,2
PAIR_10192,critical_pair_contact_03.png,3
PAIR_10407,critical_pair_contact_03.png,4
PAIR_10621,critical_pair_contact_03.png,5
PAIR_10834,critical_pair_contact_03.png,6
PAIR_11046,critical_pair_contact_03.png,7
PAIR_11257,critical_pair_contact_03.png,8
PAIR_11676,critical_pair_contact_03.png,9
PAIR_11884,critical_pair_contact_03.png,10
PAIR_13512,critical_pair_contact_03.png,11
PAIR_14106,critical_pair_contact_03.png,12
PAIR_14119,critical_pair_contact_04.png,1
PAIR_14302,critical_pair_contact_04.png,2
PAIR_14497,critical_pair_contact_04.png,3
PAIR_14691,critical_pair_contact_04.png,4
PAIR_14703,critical_pair_contact_04.png,5
PAIR_14897,critical_pair_contact_04.png,6
PAIR_14898,critical_pair_contact_04.png,7
PAIR_15076,critical_pair_contact_04.png,8
PAIR_15267,critical_pair_contact_04.png,9
PAIR_15457,critical_pair_contact_04.png,10
PAIR_15646,critical_pair_contact_04.png,11
PAIR_15834,critical_pair_contact_04.png,12
PAIR_16021,critical_pair_contact_05.png,1
PAIR_16207,critical_pair_contact_05.png,2
PAIR_16392,critical_pair_contact_05.png,3
PAIR_16576,critical_pair_contact_05.png,4
PAIR_17122,critical_pair_contact_05.png,5
PAIR_17302,critical_pair_contact_05.png,6
PAIR_17659,critical_pair_contact_05.png,7
PAIR_18012,critical_pair_contact_05.png,8
PAIR_20692,critical_pair_contact_05.png,9
PAIR_20831,critical_pair_contact_05.png,10
PAIR_20832,critical_pair_contact_05.png,11
PAIR_20840,critical_pair_contact_05.png,12
PAIR_20851,critical_pair_contact_06.png,1
PAIR_21147,critical_pair_contact_06.png,2
PAIR_21148,critical_pair_contact_06.png,3
PAIR_21155,critical_pair_contact_06.png,4
PAIR_21936,critical_pair_contact_06.png,5
PAIR_22073,critical_pair_contact_06.png,6
PAIR_22074,critical_pair_contact_06.png,7
PAIR_22087,critical_pair_contact_06.png,8
PAIR_22373,critical_pair_contact_06.png,9
PAIR_22374,critical_pair_contact_06.png,10
PAIR_22681,critical_pair_contact_06.png,11
PAIR_23116,critical_pair_contact_06.png,12
PAIR_23259,critical_pair_contact_07.png,1
PAIR_23401,critical_pair_contact_07.png,2
PAIR_23411,critical_pair_contact_07.png,3
PAIR_23542,critical_pair_contact_07.png,4
PAIR_23660,critical_pair_contact_07.png,5
PAIR_23682,critical_pair_contact_07.png,6
PAIR_23831,critical_pair_contact_07.png,7
PAIR_23832,critical_pair_contact_07.png,8
PAIR_24766,critical_pair_contact_07.png,9
PAIR_24897,critical_pair_contact_07.png,10
PAIR_25027,critical_pair_contact_07.png,11
PAIR_25156,critical_pair_contact_07.png,12
PAIR_25284,critical_pair_contact_08.png,1
PAIR_25662,critical_pair_contact_08.png,2
PAIR_25786,critical_pair_contact_08.png,3
PAIR_25909,critical_pair_contact_08.png,4
PAIR_26031,critical_pair_contact_08.png,5
PAIR_26272,critical_pair_contact_08.png,6
PAIR_26391,critical_pair_contact_08.png,7
PAIR_26509,critical_pair_contact_08.png,8
PAIR_26626,critical_pair_contact_08.png,9
PAIR_26742,critical_pair_contact_08.png,10
PAIR_26971,critical_pair_contact_08.png,11
PAIR_27084,critical_pair_contact_08.png,12
PAIR_27196,critical_pair_contact_09.png,1
PAIR_27307,critical_pair_contact_09.png,2
PAIR_27417,critical_pair_contact_09.png,3
PAIR_27526,critical_pair_contact_09.png,4
PAIR_28261,critical_pair_contact_09.png,5
PAIR_28355,critical_pair_contact_09.png,6
PAIR_28361,critical_pair_contact_09.png,7
PAIR_28362,critical_pair_contact_09.png,8
PAIR_28554,critical_pair_contact_09.png,9
PAIR_28555,critical_pair_contact_09.png,10
PAIR_28560,critical_pair_contact_09.png,11
PAIR_28659,critical_pair_contact_09.png,12
PAIR_28751,critical_pair_contact_10.png,1
PAIR_28756,critical_pair_contact_10.png,2
PAIR_28942,critical_pair_contact_10.png,3
PAIR_29584,critical_pair_contact_10.png,4
PAIR_29671,critical_pair_contact_10.png,5
PAIR_29926,critical_pair_contact_10.png,6
PAIR_30009,critical_pair_contact_10.png,7
PAIR_30101,critical_pair_contact_10.png,8
PAIR_30252,critical_pair_contact_10.png,9
PAIR_30331,critical_pair_contact_10.png,10
PAIR_30409,critical_pair_contact_10.png,11
PAIR_30486,critical_pair_contact_10.png,12
PAIR_30562,critical_pair_contact_11.png,1
PAIR_30637,critical_pair_contact_11.png,2
PAIR_30997,critical_pair_contact_11.png,3
PAIR_31201,critical_pair_contact_11.png,4
PAIR_31332,critical_pair_contact_11.png,5
PAIR_31582,critical_pair_contact_11.png,6
PAIR_31642,critical_pair_contact_11.png,7
PAIR_31701,critical_pair_contact_11.png,8
PAIR_31872,critical_pair_contact_11.png,9
PAIR_31927,critical_pair_contact_11.png,10
PAIR_32034,critical_pair_contact_11.png,11
PAIR_32187,critical_pair_contact_11.png,12
PAIR_32236,critical_pair_contact_12.png,1
PAIR_32284,critical_pair_contact_12.png,2
PAIR_32331,critical_pair_contact_12.png,3
PAIR_32377,critical_pair_contact_12.png,4
PAIR_32594,critical_pair_contact_12.png,5
PAIR_32595,critical_pair_contact_12.png,6
PAIR_32596,critical_pair_contact_12.png,7
PAIR_32600,critical_pair_contact_12.png,8
PAIR_32601,critical_pair_contact_12.png,9
PAIR_32633,critical_pair_contact_12.png,10
PAIR_32635,critical_pair_contact_12.png,11
PAIR_32636,critical_pair_contact_12.png,12
PAIR_32637,critical_pair_contact_13.png,1
PAIR_32675,critical_pair_contact_13.png,2
PAIR_32676,critical_pair_contact_13.png,3
PAIR_32677,critical_pair_contact_13.png,4
PAIR_32709,critical_pair_contact_13.png,5
PAIR_32782,critical_pair_contact_13.png,6
PAIR_32851,critical_pair_contact_13.png,7
PAIR_32916,critical_pair_contact_13.png,8
PAIR_32977,critical_pair_contact_13.png,9
PAIR_32979,critical_pair_contact_13.png,10
PAIR_32980,critical_pair_contact_13.png,11
PAIR_32985,critical_pair_contact_13.png,12
PAIR_33006,critical_pair_contact_14.png,1
PAIR_33007,critical_pair_contact_14.png,2
PAIR_33008,critical_pair_contact_14.png,3
PAIR_33009,critical_pair_contact_14.png,4
PAIR_33013,critical_pair_contact_14.png,5
PAIR_33035,critical_pair_contact_14.png,6
PAIR_33036,critical_pair_contact_14.png,7
PAIR_33040,critical_pair_contact_14.png,8
PAIR_33061,critical_pair_contact_14.png,9
PAIR_33063,critical_pair_contact_14.png,10
PAIR_33064,critical_pair_contact_14.png,11
PAIR_33066,critical_pair_contact_14.png,12
PAIR_33087,critical_pair_contact_15.png,1
PAIR_33088,critical_pair_contact_15.png,2
PAIR_33089,critical_pair_contact_15.png,3
PAIR_33090,critical_pair_contact_15.png,4
PAIR_33091,critical_pair_contact_15.png,5
PAIR_33113,critical_pair_contact_15.png,6
PAIR_33114,critical_pair_contact_15.png,7
PAIR_33115,critical_pair_contact_15.png,8
PAIR_33136,critical_pair_contact_15.png,9
PAIR_33159,critical_pair_contact_15.png,10
PAIR_33222,critical_pair_contact_15.png,11
PAIR_33224,critical_pair_contact_15.png,12
PAIR_33225,critical_pair_contact_16.png,1
PAIR_33230,critical_pair_contact_16.png,2
PAIR_33241,critical_pair_contact_16.png,3
PAIR_33242,critical_pair_contact_16.png,4
PAIR_33243,critical_pair_contact_16.png,5
PAIR_33244,critical_pair_contact_16.png,6
PAIR_33248,critical_pair_contact_16.png,7
PAIR_33260,critical_pair_contact_16.png,8
PAIR_33261,critical_pair_contact_16.png,9
PAIR_33265,critical_pair_contact_16.png,10
PAIR_33276,critical_pair_contact_16.png,11
PAIR_33278,critical_pair_contact_16.png,12
PAIR_33279,critical_pair_contact_17.png,1
PAIR_33281,critical_pair_contact_17.png,2
PAIR_33292,critical_pair_contact_17.png,3
PAIR_33293,critical_pair_contact_17.png,4
PAIR_33294,critical_pair_contact_17.png,5
PAIR_33295,critical_pair_contact_17.png,6
PAIR_33296,critical_pair_contact_17.png,7
PAIR_33308,critical_pair_contact_17.png,8
PAIR_33309,critical_pair_contact_17.png,9
PAIR_33310,critical_pair_contact_17.png,10
PAIR_33321,critical_pair_contact_17.png,11
PAIR_33334,critical_pair_contact_17.png,12
PAIR_33367,critical_pair_contact_18.png,1
PAIR_33369,critical_pair_contact_18.png,2
PAIR_33370,critical_pair_contact_18.png,3
PAIR_33375,critical_pair_contact_18.png,4
PAIR_33376,critical_pair_contact_18.png,5
PAIR_33377,critical_pair_contact_18.png,6
PAIR_33378,critical_pair_contact_18.png,7
PAIR_33379,critical_pair_contact_18.png,8
PAIR_33383,critical_pair_contact_18.png,9
PAIR_33385,critical_pair_contact_18.png,10
PAIR_33386,critical_pair_contact_18.png,11
PAIR_33391,critical_pair_contact_18.png,12
PAIR_33393,critical_pair_contact_19.png,1
PAIR_33394,critical_pair_contact_19.png,2
PAIR_33396,critical_pair_contact_19.png,3
PAIR_33397,critical_pair_contact_19.png,4
PAIR_33398,critical_pair_contact_19.png,5
PAIR_33399,critical_pair_contact_19.png,6
PAIR_33400,critical_pair_contact_19.png,7
PAIR_33401,critical_pair_contact_19.png,8
PAIR_33403,critical_pair_contact_19.png,9
PAIR_33404,critical_pair_contact_19.png,10
PAIR_33406,critical_pair_contact_19.png,11
PAIR_33408,critical_pair_contact_19.png,12
PAIR_33409,critical_pair_contact_20.png,1
PAIR_33410,critical_pair_contact_20.png,2
