glyph_id,char,role,panel,glyph_class,font,font_size_pt_pdf_emit,ink_h_px,ink_area_px,source_span_id,comparison_signature,d_script_class,d_metric,d_cohort,d_cohort_size,same_panel_ratio,cross_panel_ratio,d_limits,d_decision
C0001,行,TITLE_CJK,LEFT,CJK_FULL,NotoSansSC-Bold,10.1619,40.0000,730.0000,SPAN_B12_L00_S00,CJK_FULL_GLYPH,CJK_FULL,actual PDF emitted font size (pt); raw H retained as diagnostic,TITLE_CJK|CJK_FULL|NotoSansSC-Bold|10.16,6,1.0000,1.0000,same-panel<=1.08; cross-panel<=1.10,PASS
C0002,随,TITLE_CJK,LEFT,CJK_FULL,NotoSansSC-Bold,10.1619,40.0000,1101.0000,SPAN_B12_L00_S00,CJK_FULL_GLYPH,CJK_FULL,actual PDF emitted font size (pt); raw H retained as diagnostic,TITLE_CJK|CJK_FULL|NotoSansSC-Bold|10.16,6,1.0000,1.0000,same-panel<=1.08; cross-panel<=1.10,PASS
C0003,机,TITLE_CJK,LEFT,CJK_FULL,NotoSansSC-Bold,10.1619,40.0000,930.0000,SPAN_B12_L00_S00,CJK_FULL_GLYPH,CJK_FULL,actual PDF emitted font size (pt); raw H retained as diagnostic,TITLE_CJK|CJK_FULL|NotoSansSC-Bold|10.16,6,1.0000,1.0000,same-panel<=1.08; cross-panel<=1.10,PASS
C0004,𝐴,TITLE_MATH,LEFT,BASE_MATH,STIXTwoMath-Regular,10.1619,28.0000,259.0000,SPAN_B12_L00_S01,MATH_CAPITAL,BASE_MATH,actual PDF emitted font size (pt); raw H retained as diagnostic,TITLE_MATH|BASE_MATH|STIXTwoMath-Regular|10.16,10,1.0000,1.0000,same-panel<=1.08; cross-panel<=1.10,PASS
C0005,：,TITLE_MATH,LEFT,LOW_PROFILE,NotoSansSC-Bold,10.1619,29.0000,126.0000,SPAN_B12_L00_S02,：,LOW_PROFILE,actual PDF emitted font size (pt); raw H retained as diagnostic,TITLE_MATH|LOW_PROFILE|NotoSansSC-Bold|10.16,2,N/A,1.0000,same-panel<=1.08; cross-panel<=1.10,PASS
C0006,𝑎,TITLE_MATH,LEFT,BASE_MATH,STIXTwoMath-Regular,10.1619,22.0000,236.0000,SPAN_B12_L00_S03,𝑎,BASE_MATH,actual PDF emitted font size (pt); raw H retained as diagnostic,TITLE_MATH|BASE_MATH|STIXTwoMath-Regular|10.16,10,1.0000,1.0000,same-panel<=1.08; cross-panel<=1.10,PASS
C0007,𝑖,TITLE_MATH,LEFT,NATURAL_SCRIPT,STIXTwoMath-Regular,7.1133,23.0000,90.0000,SPAN_B12_L00_S04,𝑖,NATURAL_SCRIPT,actual PDF emitted font size (pt); raw H retained as diagnostic,TITLE_MATH|NATURAL_SCRIPT|STIXTwoMath-Regular|7.11,4,1.0000,1.0000,same-panel<=1.08; cross-panel<=1.10,PASS
C0008,𝑗,TITLE_MATH,LEFT,NATURAL_SCRIPT,STIXTwoMath-Regular,7.1133,29.0000,115.0000,SPAN_B12_L00_S04,𝑗,NATURAL_SCRIPT,actual PDF emitted font size (pt); raw H retained as diagnostic,TITLE_MATH|NATURAL_SCRIPT|STIXTwoMath-Regular|7.11,4,1.0000,1.0000,same-panel<=1.08; cross-panel<=1.10,PASS
C0009,=,TITLE_MATH,LEFT,BASE_MATH_OPERATOR,STIXTwoMath-Regular,10.1619,12.0000,182.0000,SPAN_B12_L00_S05,=,BASE_MATH_OPERATOR,actual PDF emitted font size (pt); raw H retained as diagnostic,TITLE_MATH|BASE_MATH_OPERATOR|STIXTwoMath-Regular|10.16,4,1.0000,1.0000,same-panel<=1.08; cross-panel<=1.10,PASS
C0010,𝑃,TITLE_MATH,LEFT,BASE_MATH,STIXTwoMath-Regular,10.1619,28.0000,259.0000,SPAN_B12_L00_S05,MATH_CAPITAL,BASE_MATH,actual PDF emitted font size (pt); raw H retained as diagnostic,TITLE_MATH|BASE_MATH|STIXTwoMath-Regular|10.16,10,1.0000,1.0000,same-panel<=1.08; cross-panel<=1.10,PASS
C0011,(,TITLE_MATH,LEFT,LOW_PROFILE,STIXTwoMath-Regular,10.1619,40.0000,158.0000,SPAN_B12_L00_S05,(,LOW_PROFILE,actual PDF emitted font size (pt); raw H retained as diagnostic,TITLE_MATH|LOW_PROFILE|STIXTwoMath-Regular|10.16,4,1.0000,1.0000,same-panel<=1.08; cross-panel<=1.10,PASS
C0012,𝑖,TITLE_MATH,LEFT,BASE_MATH,STIXTwoMath-Regular,10.1619,30.0000,134.0000,SPAN_B12_L00_S05,𝑖,BASE_MATH,actual PDF emitted font size (pt); raw H retained as diagnostic,TITLE_MATH|BASE_MATH|STIXTwoMath-Regular|10.16,10,1.0000,1.0000,same-panel<=1.08; cross-panel<=1.10,PASS
C0013,→,TITLE_MATH,LEFT,BASE_MATH_OPERATOR,STIXTwoMath-Regular,10.1619,18.0000,176.0000,SPAN_B12_L00_S05,→,BASE_MATH_OPERATOR,actual PDF emitted font size (pt); raw H retained as diagnostic,TITLE_MATH|BASE_MATH_OPERATOR|STIXTwoMath-Regular|10.16,4,1.0000,1.0000,same-panel<=1.08; cross-panel<=1.10,PASS
C0014,𝑗,TITLE_MATH,LEFT,BASE_MATH,STIXTwoMath-Regular,10.1619,39.0000,177.0000,SPAN_B12_L00_S05,𝑗,BASE_MATH,actual PDF emitted font size (pt); raw H retained as diagnostic,TITLE_MATH|BASE_MATH|STIXTwoMath-Regular|10.16,10,1.0000,1.0000,same-panel<=1.08; cross-panel<=1.10,PASS
C0015,),TITLE_MATH,CENTRE,LOW_PROFILE,STIXTwoMath-Regular,10.1619,40.0000,161.0000,SPAN_B12_L00_S05,),LOW_PROFILE,actual PDF emitted font size (pt); raw H retained as diagnostic,TITLE_MATH|LOW_PROFILE|STIXTwoMath-Regular|10.16,4,1.0000,1.0000,same-panel<=1.08; cross-panel<=1.10,PASS
C0016,1,STATE_LABEL,LEFT,DIGIT_UPPER,STIXTwoMath-Regular,10.1619,27.0000,169.0000,SPAN_B13_L00_S00,DIGIT,DIGIT_UPPER,actual PDF emitted font size (pt); raw H retained as diagnostic,STATE_LABEL|DIGIT_UPPER|STIXTwoMath-Regular|10.16,4,1.0000,1.0000,same-panel<=1.08; cross-panel<=1.10,PASS
C0017,2,STATE_LABEL,LEFT,DIGIT_UPPER,STIXTwoMath-Regular,10.1619,28.0000,213.0000,SPAN_B13_L01_S00,DIGIT,DIGIT_UPPER,actual PDF emitted font size (pt); raw H retained as diagnostic,STATE_LABEL|DIGIT_UPPER|STIXTwoMath-Regular|10.16,4,1.0000,1.0000,same-panel<=1.08; cross-panel<=1.10,PASS
C0018,0,EDGE_LABEL,LEFT,DIGIT_UPPER,STIXTwoMath-Regular,11.5567,32.0000,339.0000,SPAN_B13_L02_S00,DIGIT,DIGIT_UPPER,actual PDF emitted font size (pt); raw H retained as diagnostic,EDGE_LABEL|DIGIT_UPPER|STIXTwoMath-Regular|11.56,12,1.0000,1.0000,same-panel<=1.08; cross-panel<=1.10,PASS
C0019,.,EDGE_LABEL,LEFT,LOW_PROFILE,STIXTwoMath-Regular,11.5567,7.0000,37.0000,SPAN_B13_L02_S00,.,LOW_PROFILE,actual PDF emitted font size (pt); raw H retained as diagnostic,EDGE_LABEL|LOW_PROFILE|STIXTwoMath-Regular|11.56,6,1.0000,1.0000,same-panel<=1.08; cross-panel<=1.10,PASS
C0020,7,EDGE_LABEL,LEFT,DIGIT_UPPER,STIXTwoMath-Regular,11.5567,32.0000,226.0000,SPAN_B13_L02_S00,DIGIT,DIGIT_UPPER,actual PDF emitted font size (pt); raw H retained as diagnostic,EDGE_LABEL|DIGIT_UPPER|STIXTwoMath-Regular|11.56,12,1.0000,1.0000,same-panel<=1.08; cross-panel<=1.10,PASS
C0021,0,EDGE_LABEL,CENTRE,DIGIT_UPPER,STIXTwoMath-Regular,11.5567,32.0000,339.0000,SPAN_B13_L03_S00,DIGIT,DIGIT_UPPER,actual PDF emitted font size (pt); raw H retained as diagnostic,EDGE_LABEL|DIGIT_UPPER|STIXTwoMath-Regular|11.56,12,1.0000,1.0000,same-panel<=1.08; cross-panel<=1.10,PASS
C0022,.,EDGE_LABEL,CENTRE,LOW_PROFILE,STIXTwoMath-Regular,11.5567,7.0000,37.0000,SPAN_B13_L03_S00,.,LOW_PROFILE,actual PDF emitted font size (pt); raw H retained as diagnostic,EDGE_LABEL|LOW_PROFILE|STIXTwoMath-Regular|11.56,6,1.0000,1.0000,same-panel<=1.08; cross-panel<=1.10,PASS
C0023,8,EDGE_LABEL,CENTRE,DIGIT_UPPER,STIXTwoMath-Regular,11.5567,33.0000,344.0000,SPAN_B13_L03_S00,DIGIT,DIGIT_UPPER,actual PDF emitted font size (pt); raw H retained as diagnostic,EDGE_LABEL|DIGIT_UPPER|STIXTwoMath-Regular|11.56,12,1.0000,1.0000,same-panel<=1.08; cross-panel<=1.10,PASS
C0024,𝑎,EDGE_LABEL,LEFT,BASE_MATH,STIXTwoMath-Regular,11.5567,24.0000,298.0000,SPAN_B14_L00_S00,𝑎,BASE_MATH,actual PDF emitted font size (pt); raw H retained as diagnostic,EDGE_LABEL|BASE_MATH|STIXTwoMath-Regular|11.56,2,N/A,1.0000,same-panel<=1.08; cross-panel<=1.10,PASS
C0025,1,EDGE_LABEL,LEFT,NATURAL_SCRIPT,STIXTwoMath-Regular,8.0896,23.0000,122.0000,SPAN_B14_L00_S01,1,NATURAL_SCRIPT,actual PDF emitted font size (pt); raw H retained as diagnostic,EDGE_LABEL|NATURAL_SCRIPT|STIXTwoMath-Regular|8.09,2,1.0000,N/A,same-panel<=1.08; cross-panel<=1.10,PASS
C0026,2,EDGE_LABEL,LEFT,NATURAL_SCRIPT,STIXTwoMath-Regular,8.0896,33.0000,157.0000,SPAN_B14_L00_S01,2,NATURAL_SCRIPT,actual PDF emitted font size (pt); raw H retained as diagnostic,EDGE_LABEL|NATURAL_SCRIPT|STIXTwoMath-Regular|8.09,2,1.0000,N/A,same-panel<=1.08; cross-panel<=1.10,PASS
C0027,=,EDGE_LABEL,LEFT,BASE_MATH_OPERATOR,STIXTwoMath-Regular,11.5567,14.0000,261.0000,SPAN_B14_L00_S03,=,BASE_MATH_OPERATOR,actual PDF emitted font size (pt); raw H retained as diagnostic,EDGE_LABEL|BASE_MATH_OPERATOR|STIXTwoMath-Regular|11.56,2,N/A,1.0000,same-panel<=1.08; cross-panel<=1.10,PASS
C0028,0,EDGE_LABEL,LEFT,DIGIT_UPPER,STIXTwoMath-Regular,11.5567,32.0000,339.0000,SPAN_B14_L00_S03,DIGIT,DIGIT_UPPER,actual PDF emitted font size (pt); raw H retained as diagnostic,EDGE_LABEL|DIGIT_UPPER|STIXTwoMath-Regular|11.56,12,1.0000,1.0000,same-panel<=1.08; cross-panel<=1.10,PASS
C0029,.,EDGE_LABEL,LEFT,LOW_PROFILE,STIXTwoMath-Regular,11.5567,7.0000,37.0000,SPAN_B14_L00_S03,.,LOW_PROFILE,actual PDF emitted font size (pt); raw H retained as diagnostic,EDGE_LABEL|LOW_PROFILE|STIXTwoMath-Regular|11.56,6,1.0000,1.0000,same-panel<=1.08; cross-panel<=1.10,PASS
C0030,3,EDGE_LABEL,LEFT,DIGIT_UPPER,STIXTwoMath-Regular,11.5567,32.0000,256.0000,SPAN_B14_L00_S03,DIGIT,DIGIT_UPPER,actual PDF emitted font size (pt); raw H retained as diagnostic,EDGE_LABEL|DIGIT_UPPER|STIXTwoMath-Regular|11.56,12,1.0000,1.0000,same-panel<=1.08; cross-panel<=1.10,PASS
C0031,𝑎,MATRIX_FORMULA,LEFT,BASE_MATH,STIXTwoMath-Regular,11.5567,24.0000,298.0000,SPAN_B15_L00_S00,𝑎,BASE_MATH,actual PDF emitted font size (pt); raw H retained as diagnostic,MATRIX_FORMULA|BASE_MATH|STIXTwoMath-Regular|11.56,2,N/A,1.0000,same-panel<=1.08; cross-panel<=1.10,PASS
C0032,2,MATRIX_FORMULA,LEFT,NATURAL_SCRIPT,STIXTwoMath-Regular,8.0896,23.0000,156.0000,SPAN_B15_L00_S01,2,NATURAL_SCRIPT,actual PDF emitted font size (pt); raw H retained as diagnostic,MATRIX_FORMULA|NATURAL_SCRIPT|STIXTwoMath-Regular|8.09,4,1.0000,1.0000,same-panel<=1.08; cross-panel<=1.10,PASS
C0033,1,MATRIX_FORMULA,LEFT,NATURAL_SCRIPT,STIXTwoMath-Regular,8.0896,23.0000,122.0000,SPAN_B15_L00_S01,1,NATURAL_SCRIPT,actual PDF emitted font size (pt); raw H retained as diagnostic,MATRIX_FORMULA|NATURAL_SCRIPT|STIXTwoMath-Regular|8.09,4,1.0000,1.0000,same-panel<=1.08; cross-panel<=1.10,PASS
C0034,=,MATRIX_FORMULA,LEFT,BASE_MATH_OPERATOR,STIXTwoMath-Regular,11.5567,14.0000,261.0000,SPAN_B15_L00_S03,=,BASE_MATH_OPERATOR,actual PDF emitted font size (pt); raw H retained as diagnostic,MATRIX_FORMULA|BASE_MATH_OPERATOR|STIXTwoMath-Regular|11.56,2,N/A,1.0000,same-panel<=1.08; cross-panel<=1.10,PASS
C0035,0,MATRIX_FORMULA,LEFT,DIGIT_UPPER,STIXTwoMath-Regular,11.5567,32.0000,339.0000,SPAN_B15_L00_S03,DIGIT,DIGIT_UPPER,actual PDF emitted font size (pt); raw H retained as diagnostic,MATRIX_FORMULA|DIGIT_UPPER|STIXTwoMath-Regular|11.56,4,1.0000,1.0000,same-panel<=1.08; cross-panel<=1.10,PASS
C0036,.,MATRIX_FORMULA,LEFT,LOW_PROFILE,STIXTwoMath-Regular,11.5567,7.0000,37.0000,SPAN_B15_L00_S03,.,LOW_PROFILE,actual PDF emitted font size (pt); raw H retained as diagnostic,MATRIX_FORMULA|LOW_PROFILE|STIXTwoMath-Regular|11.56,2,N/A,1.0000,same-panel<=1.08; cross-panel<=1.10,PASS
C0037,2,MATRIX_FORMULA,LEFT,DIGIT_UPPER,STIXTwoMath-Regular,11.5567,31.0000,268.0000,SPAN_B15_L00_S03,DIGIT,DIGIT_UPPER,actual PDF emitted font size (pt); raw H retained as diagnostic,MATRIX_FORMULA|DIGIT_UPPER|STIXTwoMath-Regular|11.56,4,1.0000,1.0000,same-panel<=1.08; cross-panel<=1.10,PASS
C0038,𝐴,MATRIX_FORMULA,LEFT,BASE_MATH,STIXTwoMath-Regular,11.7559,33.0000,346.0000,SPAN_B16_L00_S00,𝐴,BASE_MATH,actual PDF emitted font size (pt); raw H retained as diagnostic,MATRIX_FORMULA|BASE_MATH|STIXTwoMath-Regular|11.76,2,N/A,1.0000,same-panel<=1.08; cross-panel<=1.10,PASS
C0039,=,MATRIX_FORMULA,LEFT,BASE_MATH_OPERATOR,STIXTwoMath-Regular,11.7559,14.0000,240.0000,SPAN_B16_L00_S00,=,BASE_MATH_OPERATOR,actual PDF emitted font size (pt); raw H retained as diagnostic,MATRIX_FORMULA|BASE_MATH_OPERATOR|STIXTwoMath-Regular|11.76,2,N/A,1.0000,same-panel<=1.08; cross-panel<=1.10,PASS
C0040,[,MATRIX_FORMULA,LEFT,LOW_PROFILE,STIXTwoMath-Regular,11.7559,52.0000,312.0000,SPAN_B16_L00_S00,[,LOW_PROFILE,actual PDF emitted font size (pt); raw H retained as diagnostic,MATRIX_FORMULA|LOW_PROFILE|STIXTwoMath-Regular|11.76,12,1.0000,1.0000,same-panel<=1.08; cross-panel<=1.10,PASS
C0041,0,MATRIX_FORMULA,LEFT,DIGIT_UPPER,STIXTwoMath-Regular,11.7559,33.0000,348.0000,SPAN_B16_L00_S01,DIGIT,DIGIT_UPPER,actual PDF emitted font size (pt); raw H retained as diagnostic,MATRIX_FORMULA|DIGIT_UPPER|STIXTwoMath-Regular|11.76,12,1.0000,1.0000,same-panel<=1.08; cross-panel<=1.10,PASS
C0042,.,MATRIX_FORMULA,LEFT,LOW_PROFILE,STIXTwoMath-Regular,11.7559,7.0000,38.0000,SPAN_B16_L00_S01,.,LOW_PROFILE,actual PDF emitted font size (pt); raw H retained as diagnostic,MATRIX_FORMULA|LOW_PROFILE|STIXTwoMath-Regular|11.76,12,1.0000,1.0000,same-panel<=1.08; cross-panel<=1.10,PASS
C0043,7,MATRIX_FORMULA,LEFT,DIGIT_UPPER,STIXTwoMath-Regular,11.7559,32.0000,225.0000,SPAN_B16_L00_S01,DIGIT,DIGIT_UPPER,actual PDF emitted font size (pt); raw H retained as diagnostic,MATRIX_FORMULA|DIGIT_UPPER|STIXTwoMath-Regular|11.76,12,1.0000,1.0000,same-panel<=1.08; cross-panel<=1.10,PASS
C0044,0,MATRIX_FORMULA,LEFT,DIGIT_UPPER,STIXTwoText-Bold,11.7559,33.0000,469.0000,SPAN_B16_L01_S00,DIGIT,DIGIT_UPPER,actual PDF emitted font size (pt); raw H retained as diagnostic,MATRIX_FORMULA|DIGIT_UPPER|STIXTwoText-Bold|11.76,4,1.0000,1.0000,same-panel<=1.08; cross-panel<=1.10,PASS
C0045,.,MATRIX_FORMULA,LEFT,LOW_PROFILE,STIXTwoMath-Regular,11.7559,7.0000,37.0000,SPAN_B16_L01_S01,.,LOW_PROFILE,actual PDF emitted font size (pt); raw H retained as diagnostic,MATRIX_FORMULA|LOW_PROFILE|STIXTwoMath-Regular|11.76,12,1.0000,1.0000,same-panel<=1.08; cross-panel<=1.10,PASS
C0046,3,MATRIX_FORMULA,LEFT,DIGIT_UPPER,STIXTwoText-Bold,11.7559,33.0000,364.0000,SPAN_B16_L01_S02,DIGIT,DIGIT_UPPER,actual PDF emitted font size (pt); raw H retained as diagnostic,MATRIX_FORMULA|DIGIT_UPPER|STIXTwoText-Bold|11.76,4,1.0000,1.0000,same-panel<=1.08; cross-panel<=1.10,PASS
C0047,0,MATRIX_FORMULA,LEFT,DIGIT_UPPER,STIXTwoMath-Regular,11.7559,33.0000,348.0000,SPAN_B16_L02_S00,DIGIT,DIGIT_UPPER,actual PDF emitted font size (pt); raw H retained as diagnostic,MATRIX_FORMULA|DIGIT_UPPER|STIXTwoMath-Regular|11.76,12,1.0000,1.0000,same-panel<=1.08; cross-panel<=1.10,PASS
C0048,.,MATRIX_FORMULA,LEFT,LOW_PROFILE,STIXTwoMath-Regular,11.7559,7.0000,38.0000,SPAN_B16_L02_S00,.,LOW_PROFILE,actual PDF emitted font size (pt); raw H retained as diagnostic,MATRIX_FORMULA|LOW_PROFILE|STIXTwoMath-Regular|11.76,12,1.0000,1.0000,same-panel<=1.08; cross-panel<=1.10,PASS
C0049,2,MATRIX_FORMULA,LEFT,DIGIT_UPPER,STIXTwoMath-Regular,11.7559,32.0000,273.0000,SPAN_B16_L02_S00,DIGIT,DIGIT_UPPER,actual PDF emitted font size (pt); raw H retained as diagnostic,MATRIX_FORMULA|DIGIT_UPPER|STIXTwoMath-Regular|11.76,12,1.0000,1.0000,same-panel<=1.08; cross-panel<=1.10,PASS
C0050,0,MATRIX_FORMULA,LEFT,DIGIT_UPPER,STIXTwoMath-Regular,11.7559,33.0000,348.0000,SPAN_B16_L03_S00,DIGIT,DIGIT_UPPER,actual PDF emitted font size (pt); raw H retained as diagnostic,MATRIX_FORMULA|DIGIT_UPPER|STIXTwoMath-Regular|11.76,12,1.0000,1.0000,same-panel<=1.08; cross-panel<=1.10,PASS
C0051,.,MATRIX_FORMULA,LEFT,LOW_PROFILE,STIXTwoMath-Regular,11.7559,7.0000,38.0000,SPAN_B16_L03_S00,.,LOW_PROFILE,actual PDF emitted font size (pt); raw H retained as diagnostic,MATRIX_FORMULA|LOW_PROFILE|STIXTwoMath-Regular|11.76,12,1.0000,1.0000,same-panel<=1.08; cross-panel<=1.10,PASS
C0052,8,MATRIX_FORMULA,LEFT,DIGIT_UPPER,STIXTwoMath-Regular,11.7559,33.0000,352.0000,SPAN_B16_L03_S00,DIGIT,DIGIT_UPPER,actual PDF emitted font size (pt); raw H retained as diagnostic,MATRIX_FORMULA|DIGIT_UPPER|STIXTwoMath-Regular|11.76,12,1.0000,1.0000,same-panel<=1.08; cross-panel<=1.10,PASS
C0053,],MATRIX_FORMULA,LEFT,LOW_PROFILE,STIXTwoMath-Regular,11.7559,52.0000,312.0000,SPAN_B16_L03_S01,],LOW_PROFILE,actual PDF emitted font size (pt); raw H retained as diagnostic,MATRIX_FORMULA|LOW_PROFILE|STIXTwoMath-Regular|11.76,12,1.0000,1.0000,same-panel<=1.08; cross-panel<=1.10,PASS
C0054,每,CAPTION,LEFT,CJK_FULL,NotoSerifSC-ExtraLight,9.7634,37.0000,470.0000,SPAN_B17_L00_S00,CJK_FULL_GLYPH,CJK_FULL,actual PDF emitted font size (pt); raw H retained as diagnostic,CAPTION|CJK_FULL|NotoSerifSC-ExtraLight|9.76,8,1.0000,1.0000,same-panel<=1.08; cross-panel<=1.10,PASS
C0055,行,CAPTION,LEFT,CJK_FULL,NotoSerifSC-ExtraLight,9.7634,37.0000,331.0000,SPAN_B17_L00_S00,CJK_FULL_GLYPH,CJK_FULL,actual PDF emitted font size (pt); raw H retained as diagnostic,CAPTION|CJK_FULL|NotoSerifSC-ExtraLight|9.76,8,1.0000,1.0000,same-panel<=1.08; cross-panel<=1.10,PASS
C0056,和,CAPTION,LEFT,CJK_FULL,NotoSerifSC-ExtraLight,9.7634,37.0000,422.0000,SPAN_B17_L00_S00,CJK_FULL_GLYPH,CJK_FULL,actual PDF emitted font size (pt); raw H retained as diagnostic,CAPTION|CJK_FULL|NotoSerifSC-ExtraLight|9.76,8,1.0000,1.0000,same-panel<=1.08; cross-panel<=1.10,PASS
C0057,为,CAPTION,LEFT,CJK_FULL,NotoSerifSC-ExtraLight,9.7634,37.0000,333.0000,SPAN_B17_L00_S00,CJK_FULL_GLYPH,CJK_FULL,actual PDF emitted font size (pt); raw H retained as diagnostic,CAPTION|CJK_FULL|NotoSerifSC-ExtraLight|9.76,8,1.0000,1.0000,same-panel<=1.08; cross-panel<=1.10,PASS
C0058,1,CAPTION,LEFT,DIGIT_UPPER,STIXTwoMath-Regular,9.7634,26.0000,164.0000,SPAN_B17_L00_S01,DIGIT,DIGIT_UPPER,actual PDF emitted font size (pt); raw H retained as diagnostic,CAPTION|DIGIT_UPPER|STIXTwoMath-Regular|9.76,2,N/A,1.0000,same-panel<=1.08; cross-panel<=1.10,PASS
C0059,；,CAPTION,LEFT,LOW_PROFILE,NotoSerifSC-ExtraLight,9.7634,28.0000,57.0000,SPAN_B17_L00_S02,；,LOW_PROFILE,actual PDF emitted font size (pt); raw H retained as diagnostic,CAPTION|LOW_PROFILE|NotoSerifSC-ExtraLight|9.76,2,N/A,1.0000,same-panel<=1.08; cross-panel<=1.10,PASS
C0060,𝜌,CAPTION,LEFT,BASE_MATH,STIXTwoMath-Regular,11.5567,35.0000,310.0000,SPAN_B17_L00_S03,𝜌,BASE_MATH,actual PDF emitted font size (pt); raw H retained as diagnostic,CAPTION|BASE_MATH|STIXTwoMath-Regular|11.56,4,1.0000,1.0000,same-panel<=1.08; cross-panel<=1.10,PASS
C0061,𝑡,CAPTION,LEFT,NATURAL_SCRIPT,STIXTwoMath-Regular,8.0896,23.0000,112.0000,SPAN_B17_L00_S04,𝑡,NATURAL_SCRIPT,actual PDF emitted font size (pt); raw H retained as diagnostic,CAPTION|NATURAL_SCRIPT|STIXTwoMath-Regular|8.09,12,1.0000,1.0000,same-panel<=1.08; cross-panel<=1.10,PASS
C0062,+,CAPTION,LEFT,NATURAL_SCRIPT,STIXTwoMath-Regular,8.0896,22.0000,160.0000,SPAN_B17_L00_S04,+,NATURAL_SCRIPT,actual PDF emitted font size (pt); raw H retained as diagnostic,CAPTION|NATURAL_SCRIPT|STIXTwoMath-Regular|8.09,12,1.0000,1.0000,same-panel<=1.08; cross-panel<=1.10,PASS
C0063,1,CAPTION,LEFT,NATURAL_SCRIPT,STIXTwoMath-Regular,8.0896,23.0000,122.0000,SPAN_B17_L00_S04,1,NATURAL_SCRIPT,actual PDF emitted font size (pt); raw H retained as diagnostic,CAPTION|NATURAL_SCRIPT|STIXTwoMath-Regular|8.09,12,1.0000,1.0000,same-panel<=1.08; cross-panel<=1.10,PASS
C0064,=,CAPTION,LEFT,BASE_MATH_OPERATOR,STIXTwoMath-Regular,11.5567,14.0000,261.0000,SPAN_B17_L00_S06,=,BASE_MATH_OPERATOR,actual PDF emitted font size (pt); raw H retained as diagnostic,CAPTION|BASE_MATH_OPERATOR|STIXTwoMath-Regular|11.56,2,N/A,1.0000,same-panel<=1.08; cross-panel<=1.10,PASS
C0065,𝜌,CAPTION,LEFT,BASE_MATH,STIXTwoMath-Regular,11.5567,35.0000,310.0000,SPAN_B17_L00_S06,𝜌,BASE_MATH,actual PDF emitted font size (pt); raw H retained as diagnostic,CAPTION|BASE_MATH|STIXTwoMath-Regular|11.56,4,1.0000,1.0000,same-panel<=1.08; cross-panel<=1.10,PASS
C0066,𝑡,CAPTION,LEFT,NATURAL_SCRIPT,STIXTwoMath-Regular,8.0896,23.0000,118.0000,SPAN_B17_L00_S07,𝑡,NATURAL_SCRIPT,actual PDF emitted font size (pt); raw H retained as diagnostic,CAPTION|NATURAL_SCRIPT|STIXTwoMath-Regular|8.09,12,1.0000,1.0000,same-panel<=1.08; cross-panel<=1.10,PASS
C0067,𝐴,CAPTION,LEFT,BASE_MATH,STIXTwoMath-Regular,11.5567,32.0000,331.0000,SPAN_B17_L00_S08,𝐴,BASE_MATH,actual PDF emitted font size (pt); raw H retained as diagnostic,CAPTION|BASE_MATH|STIXTwoMath-Regular|11.56,4,1.0000,1.0000,same-panel<=1.08; cross-panel<=1.10,PASS
C0068,𝑃,BRIDGE,CENTRE,BASE_MATH,STIXTwoMath-Regular,11.9552,33.0000,349.0000,SPAN_B18_L00_S00,𝑃,BASE_MATH,actual PDF emitted font size (pt); raw H retained as diagnostic,BRIDGE|BASE_MATH|STIXTwoMath-Regular|11.96,2,1.0000,N/A,same-panel<=1.08; cross-panel<=1.10,PASS
C0069,=,BRIDGE,CENTRE,BASE_MATH_OPERATOR,STIXTwoMath-Regular,11.9552,14.0000,240.0000,SPAN_B18_L00_S00,=,BASE_MATH_OPERATOR,actual PDF emitted font size (pt); raw H retained as diagnostic,BRIDGE|BASE_MATH_OPERATOR|STIXTwoMath-Regular|11.96,1,N/A,N/A,same-panel<=1.08; cross-panel<=1.10,N/A_NO_COMPARABLE_PEER
C0070,𝐴,BRIDGE,CENTRE,BASE_MATH,STIXTwoMath-Regular,11.9552,33.0000,355.0000,SPAN_B18_L00_S00,𝐴,BASE_MATH,actual PDF emitted font size (pt); raw H retained as diagnostic,BRIDGE|BASE_MATH|STIXTwoMath-Regular|11.96,2,1.0000,N/A,same-panel<=1.08; cross-panel<=1.10,PASS
C0071,T,BRIDGE,CENTRE,DIGIT_UPPER,TeXGyreHeros-Regular,11.4570,35.0000,289.0000,SPAN_B18_L00_S01,T,DIGIT_UPPER,actual PDF emitted font size (pt); raw H retained as diagnostic,BRIDGE|DIGIT_UPPER|TeXGyreHeros-Regular|11.46,1,N/A,N/A,same-panel<=1.08; cross-panel<=1.10,N/A_NO_COMPARABLE_PEER
C0072,同,BRIDGE,CENTRE,CJK_FULL,NotoSerifSC-ExtraLight,11.5567,42.0000,558.0000,SPAN_B19_L00_S00,CJK_FULL_GLYPH,CJK_FULL,actual PDF emitted font size (pt); raw H retained as diagnostic,BRIDGE|CJK_FULL|NotoSerifSC-ExtraLight|11.56,3,1.0000,N/A,same-panel<=1.08; cross-panel<=1.10,PASS
C0073,一,BRIDGE,CENTRE,CJK_FULL,NotoSerifSC-ExtraLight,11.5567,6.0000,103.0000,SPAN_B19_L00_S00,CJK_FULL_GLYPH,CJK_FULL,actual PDF emitted font size (pt); raw H retained as diagnostic,BRIDGE|CJK_FULL|NotoSerifSC-ExtraLight|11.56,3,1.0000,N/A,same-panel<=1.08; cross-panel<=1.10,PASS
C0074,条,BRIDGE,CENTRE,CJK_FULL,NotoSerifSC-ExtraLight,11.5567,43.0000,566.0000,SPAN_B19_L00_S00,CJK_FULL_GLYPH,CJK_FULL,actual PDF emitted font size (pt); raw H retained as diagnostic,BRIDGE|CJK_FULL|NotoSerifSC-ExtraLight|11.56,3,1.0000,N/A,same-panel<=1.08; cross-panel<=1.10,PASS
C0075,𝑖,BRIDGE,CENTRE,BASE_MATH,STIXTwoMath-Regular,11.5567,33.0000,168.0000,SPAN_B19_L00_S01,𝑖,BASE_MATH,actual PDF emitted font size (pt); raw H retained as diagnostic,BRIDGE|BASE_MATH|STIXTwoMath-Regular|11.56,4,1.0000,N/A,same-panel<=1.08; cross-panel<=1.10,PASS
C0076,→,BRIDGE,CENTRE,BASE_MATH_OPERATOR,STIXTwoMath-Regular,11.5567,19.0000,246.0000,SPAN_B19_L00_S01,→,BASE_MATH_OPERATOR,actual PDF emitted font size (pt); raw H retained as diagnostic,BRIDGE|BASE_MATH_OPERATOR|STIXTwoMath-Regular|11.56,2,1.0000,N/A,same-panel<=1.08; cross-panel<=1.10,PASS
C0077,𝑗,BRIDGE,CENTRE,BASE_MATH,STIXTwoMath-Regular,11.5567,43.0000,222.0000,SPAN_B19_L00_S01,𝑗,BASE_MATH,actual PDF emitted font size (pt); raw H retained as diagnostic,BRIDGE|BASE_MATH|STIXTwoMath-Regular|11.56,4,1.0000,N/A,same-panel<=1.08; cross-panel<=1.10,PASS
C0078,：,BRIDGE,CENTRE,LOW_PROFILE,NotoSerifSC-ExtraLight,11.5567,26.0000,50.0000,SPAN_B19_L00_S02,：,LOW_PROFILE,actual PDF emitted font size (pt); raw H retained as diagnostic,BRIDGE|LOW_PROFILE|NotoSerifSC-ExtraLight|11.56,1,N/A,N/A,same-panel<=1.08; cross-panel<=1.10,N/A_NO_COMPARABLE_PEER
C0079,𝑎,BRIDGE,CENTRE,BASE_MATH,STIXTwoMath-Regular,11.5567,24.0000,297.0000,SPAN_B19_L00_S03,𝑎,BASE_MATH,actual PDF emitted font size (pt); raw H retained as diagnostic,BRIDGE|BASE_MATH|STIXTwoMath-Regular|11.56,4,1.0000,N/A,same-panel<=1.08; cross-panel<=1.10,PASS
C0080,𝑖,BRIDGE,CENTRE,NATURAL_SCRIPT,STIXTwoMath-Regular,8.0896,26.0000,114.0000,SPAN_B19_L00_S04,𝑖,NATURAL_SCRIPT,actual PDF emitted font size (pt); raw H retained as diagnostic,BRIDGE|NATURAL_SCRIPT|STIXTwoMath-Regular|8.09,4,1.0000,N/A,same-panel<=1.08; cross-panel<=1.10,PASS
C0081,𝑗,BRIDGE,CENTRE,NATURAL_SCRIPT,STIXTwoMath-Regular,8.0896,33.0000,142.0000,SPAN_B19_L00_S04,𝑗,NATURAL_SCRIPT,actual PDF emitted font size (pt); raw H retained as diagnostic,BRIDGE|NATURAL_SCRIPT|STIXTwoMath-Regular|8.09,4,1.0000,N/A,same-panel<=1.08; cross-panel<=1.10,PASS
C0082,=,BRIDGE,CENTRE,BASE_MATH_OPERATOR,STIXTwoMath-Regular,11.5567,14.0000,261.0000,SPAN_B19_L00_S05,=,BASE_MATH_OPERATOR,actual PDF emitted font size (pt); raw H retained as diagnostic,BRIDGE|BASE_MATH_OPERATOR|STIXTwoMath-Regular|11.56,2,1.0000,N/A,same-panel<=1.08; cross-panel<=1.10,PASS
C0083,𝑃,BRIDGE,CENTRE,BASE_MATH,STIXTwoMath-Regular,11.5567,32.0000,333.0000,SPAN_B19_L00_S05,𝑃,BASE_MATH,actual PDF emitted font size (pt); raw H retained as diagnostic,BRIDGE|BASE_MATH|STIXTwoMath-Regular|11.56,4,1.0000,N/A,same-panel<=1.08; cross-panel<=1.10,PASS
C0084,𝑗,BRIDGE,CENTRE,NATURAL_SCRIPT,STIXTwoMath-Regular,8.0896,33.0000,142.0000,SPAN_B19_L00_S06,𝑗,NATURAL_SCRIPT,actual PDF emitted font size (pt); raw H retained as diagnostic,BRIDGE|NATURAL_SCRIPT|STIXTwoMath-Regular|8.09,4,1.0000,N/A,same-panel<=1.08; cross-panel<=1.10,PASS
C0085,𝑖,BRIDGE,CENTRE,NATURAL_SCRIPT,STIXTwoMath-Regular,8.0896,26.0000,114.0000,SPAN_B19_L00_S06,𝑖,NATURAL_SCRIPT,actual PDF emitted font size (pt); raw H retained as diagnostic,BRIDGE|NATURAL_SCRIPT|STIXTwoMath-Regular|8.09,4,1.0000,N/A,same-panel<=1.08; cross-panel<=1.10,PASS
C0086,列,TITLE_CJK,CENTRE,CJK_FULL,NotoSansSC-Bold,10.1619,40.0000,909.0000,SPAN_B20_L00_S00,CJK_FULL_GLYPH,CJK_FULL,actual PDF emitted font size (pt); raw H retained as diagnostic,TITLE_CJK|CJK_FULL|NotoSansSC-Bold|10.16,6,1.0000,1.0000,same-panel<=1.08; cross-panel<=1.10,PASS
C0087,随,TITLE_CJK,CENTRE,CJK_FULL,NotoSansSC-Bold,10.1619,40.0000,1101.0000,SPAN_B20_L00_S00,CJK_FULL_GLYPH,CJK_FULL,actual PDF emitted font size (pt); raw H retained as diagnostic,TITLE_CJK|CJK_FULL|NotoSansSC-Bold|10.16,6,1.0000,1.0000,same-panel<=1.08; cross-panel<=1.10,PASS
C0088,机,TITLE_CJK,CENTRE,CJK_FULL,NotoSansSC-Bold,10.1619,40.0000,930.0000,SPAN_B20_L00_S00,CJK_FULL_GLYPH,CJK_FULL,actual PDF emitted font size (pt); raw H retained as diagnostic,TITLE_CJK|CJK_FULL|NotoSansSC-Bold|10.16,6,1.0000,1.0000,same-panel<=1.08; cross-panel<=1.10,PASS
C0089,𝑃,TITLE_MATH,CENTRE,BASE_MATH,STIXTwoMath-Regular,10.1619,28.0000,258.0000,SPAN_B20_L00_S01,MATH_CAPITAL,BASE_MATH,actual PDF emitted font size (pt); raw H retained as diagnostic,TITLE_MATH|BASE_MATH|STIXTwoMath-Regular|10.16,10,1.0000,1.0000,same-panel<=1.08; cross-panel<=1.10,PASS
C0090,/,TITLE_LATIN,RIGHT,BASE_MATH_OPERATOR,STIXTwoText-Bold,10.1619,34.0000,152.0000,SPAN_B20_L00_S02,/,BASE_MATH_OPERATOR,actual PDF emitted font size (pt); raw H retained as diagnostic,TITLE_LATIN|BASE_MATH_OPERATOR|STIXTwoText-Bold|10.16,1,N/A,N/A,same-panel<=1.08; cross-panel<=1.10,N/A_NO_COMPARABLE_PEER
C0091,P,TITLE_LATIN,RIGHT,DIGIT_UPPER,STIXTwoText-Bold,10.1619,28.0000,380.0000,SPAN_B20_L00_S02,P,DIGIT_UPPER,actual PDF emitted font size (pt); raw H retained as diagnostic,TITLE_LATIN|DIGIT_UPPER|STIXTwoText-Bold|10.16,2,1.0000,N/A,same-panel<=1.08; cross-panel<=1.10,PASS
C0092,a,TITLE_LATIN,RIGHT,BASE_MATH,STIXTwoText-Bold,10.1619,27.0000,300.0000,SPAN_B20_L00_S02,a,BASE_MATH,actual PDF emitted font size (pt); raw H retained as diagnostic,TITLE_LATIN|BASE_MATH|STIXTwoText-Bold|10.16,6,1.0000,N/A,same-panel<=1.08; cross-panel<=1.10,PASS
C0093,g,TITLE_LATIN,RIGHT,BASE_MATH,STIXTwoText-Bold,10.1619,31.0000,435.0000,SPAN_B20_L00_S02,g,BASE_MATH,actual PDF emitted font size (pt); raw H retained as diagnostic,TITLE_LATIN|BASE_MATH|STIXTwoText-Bold|10.16,6,1.0000,N/A,same-panel<=1.08; cross-panel<=1.10,PASS
C0094,e,TITLE_LATIN,RIGHT,BASE_MATH,STIXTwoText-Bold,10.1619,29.0000,290.0000,SPAN_B20_L00_S02,e,BASE_MATH,actual PDF emitted font size (pt); raw H retained as diagnostic,TITLE_LATIN|BASE_MATH|STIXTwoText-Bold|10.16,6,1.0000,N/A,same-panel<=1.08; cross-panel<=1.10,PASS
C0095,R,TITLE_LATIN,RIGHT,DIGIT_UPPER,STIXTwoText-Bold,10.1619,28.0000,470.0000,SPAN_B20_L00_S02,R,DIGIT_UPPER,actual PDF emitted font size (pt); raw H retained as diagnostic,TITLE_LATIN|DIGIT_UPPER|STIXTwoText-Bold|10.16,2,1.0000,N/A,same-panel<=1.08; cross-panel<=1.10,PASS
C0096,a,TITLE_LATIN,RIGHT,BASE_MATH,STIXTwoText-Bold,10.1619,22.0000,299.0000,SPAN_B20_L00_S02,a,BASE_MATH,actual PDF emitted font size (pt); raw H retained as diagnostic,TITLE_LATIN|BASE_MATH|STIXTwoText-Bold|10.16,6,1.0000,N/A,same-panel<=1.08; cross-panel<=1.10,PASS
C0097,n,TITLE_LATIN,RIGHT,BASE_MATH,STIXTwoText-Bold,10.1619,29.0000,353.0000,SPAN_B20_L00_S02,n,BASE_MATH,actual PDF emitted font size (pt); raw H retained as diagnostic,TITLE_LATIN|BASE_MATH|STIXTwoText-Bold|10.16,6,1.0000,N/A,same-panel<=1.08; cross-panel<=1.10,PASS
C0098,k,TITLE_LATIN,RIGHT,BASE_MATH,STIXTwoText-Bold,10.1619,30.0000,379.0000,SPAN_B20_L00_S02,k,BASE_MATH,actual PDF emitted font size (pt); raw H retained as diagnostic,TITLE_LATIN|BASE_MATH|STIXTwoText-Bold|10.16,6,1.0000,N/A,same-panel<=1.08; cross-panel<=1.10,PASS
C0099,：,TITLE_MATH,RIGHT,LOW_PROFILE,NotoSansSC-Bold,10.1619,29.0000,129.0000,SPAN_B20_L00_S03,：,LOW_PROFILE,actual PDF emitted font size (pt); raw H retained as diagnostic,TITLE_MATH|LOW_PROFILE|NotoSansSC-Bold|10.16,2,N/A,1.0000,same-panel<=1.08; cross-panel<=1.10,PASS
C0100,𝑃,TITLE_MATH,RIGHT,BASE_MATH,STIXTwoMath-Regular,10.1619,28.0000,256.0000,SPAN_B20_L00_S04,MATH_CAPITAL,BASE_MATH,actual PDF emitted font size (pt); raw H retained as diagnostic,TITLE_MATH|BASE_MATH|STIXTwoMath-Regular|10.16,10,1.0000,1.0000,same-panel<=1.08; cross-panel<=1.10,PASS
C0101,𝑗,TITLE_MATH,RIGHT,NATURAL_SCRIPT,STIXTwoMath-Regular,7.1133,29.0000,115.0000,SPAN_B20_L00_S05,𝑗,NATURAL_SCRIPT,actual PDF emitted font size (pt); raw H retained as diagnostic,TITLE_MATH|NATURAL_SCRIPT|STIXTwoMath-Regular|7.11,4,1.0000,1.0000,same-panel<=1.08; cross-panel<=1.10,PASS
C0102,𝑖,TITLE_MATH,RIGHT,NATURAL_SCRIPT,STIXTwoMath-Regular,7.1133,23.0000,90.0000,SPAN_B20_L00_S05,𝑖,NATURAL_SCRIPT,actual PDF emitted font size (pt); raw H retained as diagnostic,TITLE_MATH|NATURAL_SCRIPT|STIXTwoMath-Regular|7.11,4,1.0000,1.0000,same-panel<=1.08; cross-panel<=1.10,PASS
C0103,=,TITLE_MATH,RIGHT,BASE_MATH_OPERATOR,STIXTwoMath-Regular,10.1619,12.0000,182.0000,SPAN_B20_L00_S06,=,BASE_MATH_OPERATOR,actual PDF emitted font size (pt); raw H retained as diagnostic,TITLE_MATH|BASE_MATH_OPERATOR|STIXTwoMath-Regular|10.16,4,1.0000,1.0000,same-panel<=1.08; cross-panel<=1.10,PASS
C0104,𝑃,TITLE_MATH,RIGHT,BASE_MATH,STIXTwoMath-Regular,10.1619,28.0000,258.0000,SPAN_B20_L00_S06,MATH_CAPITAL,BASE_MATH,actual PDF emitted font size (pt); raw H retained as diagnostic,TITLE_MATH|BASE_MATH|STIXTwoMath-Regular|10.16,10,1.0000,1.0000,same-panel<=1.08; cross-panel<=1.10,PASS
C0105,(,TITLE_MATH,RIGHT,LOW_PROFILE,STIXTwoMath-Regular,10.1619,40.0000,158.0000,SPAN_B20_L00_S06,(,LOW_PROFILE,actual PDF emitted font size (pt); raw H retained as diagnostic,TITLE_MATH|LOW_PROFILE|STIXTwoMath-Regular|10.16,4,1.0000,1.0000,same-panel<=1.08; cross-panel<=1.10,PASS
C0106,𝑖,TITLE_MATH,RIGHT,BASE_MATH,STIXTwoMath-Regular,10.1619,30.0000,134.0000,SPAN_B20_L00_S06,𝑖,BASE_MATH,actual PDF emitted font size (pt); raw H retained as diagnostic,TITLE_MATH|BASE_MATH|STIXTwoMath-Regular|10.16,10,1.0000,1.0000,same-panel<=1.08; cross-panel<=1.10,PASS
C0107,→,TITLE_MATH,RIGHT,BASE_MATH_OPERATOR,STIXTwoMath-Regular,10.1619,18.0000,176.0000,SPAN_B20_L00_S06,→,BASE_MATH_OPERATOR,actual PDF emitted font size (pt); raw H retained as diagnostic,TITLE_MATH|BASE_MATH_OPERATOR|STIXTwoMath-Regular|10.16,4,1.0000,1.0000,same-panel<=1.08; cross-panel<=1.10,PASS
C0108,𝑗,TITLE_MATH,RIGHT,BASE_MATH,STIXTwoMath-Regular,10.1619,39.0000,177.0000,SPAN_B20_L00_S06,𝑗,BASE_MATH,actual PDF emitted font size (pt); raw H retained as diagnostic,TITLE_MATH|BASE_MATH|STIXTwoMath-Regular|10.16,10,1.0000,1.0000,same-panel<=1.08; cross-panel<=1.10,PASS
C0109,),TITLE_MATH,RIGHT,LOW_PROFILE,STIXTwoMath-Regular,10.1619,40.0000,161.0000,SPAN_B20_L00_S06,),LOW_PROFILE,actual PDF emitted font size (pt); raw H retained as diagnostic,TITLE_MATH|LOW_PROFILE|STIXTwoMath-Regular|10.16,4,1.0000,1.0000,same-panel<=1.08; cross-panel<=1.10,PASS
C0110,1,STATE_LABEL,RIGHT,DIGIT_UPPER,STIXTwoMath-Regular,10.1619,27.0000,169.0000,SPAN_B21_L00_S00,DIGIT,DIGIT_UPPER,actual PDF emitted font size (pt); raw H retained as diagnostic,STATE_LABEL|DIGIT_UPPER|STIXTwoMath-Regular|10.16,4,1.0000,1.0000,same-panel<=1.08; cross-panel<=1.10,PASS
C0111,2,STATE_LABEL,RIGHT,DIGIT_UPPER,STIXTwoMath-Regular,10.1619,28.0000,213.0000,SPAN_B21_L01_S00,DIGIT,DIGIT_UPPER,actual PDF emitted font size (pt); raw H retained as diagnostic,STATE_LABEL|DIGIT_UPPER|STIXTwoMath-Regular|10.16,4,1.0000,1.0000,same-panel<=1.08; cross-panel<=1.10,PASS
C0112,0,EDGE_LABEL,CENTRE,DIGIT_UPPER,STIXTwoMath-Regular,11.5567,32.0000,339.0000,SPAN_B21_L02_S00,DIGIT,DIGIT_UPPER,actual PDF emitted font size (pt); raw H retained as diagnostic,EDGE_LABEL|DIGIT_UPPER|STIXTwoMath-Regular|11.56,12,1.0000,1.0000,same-panel<=1.08; cross-panel<=1.10,PASS
C0113,.,EDGE_LABEL,CENTRE,LOW_PROFILE,STIXTwoMath-Regular,11.5567,7.0000,37.0000,SPAN_B21_L02_S00,.,LOW_PROFILE,actual PDF emitted font size (pt); raw H retained as diagnostic,EDGE_LABEL|LOW_PROFILE|STIXTwoMath-Regular|11.56,6,1.0000,1.0000,same-panel<=1.08; cross-panel<=1.10,PASS
C0114,7,EDGE_LABEL,CENTRE,DIGIT_UPPER,STIXTwoMath-Regular,11.5567,32.0000,226.0000,SPAN_B21_L02_S00,DIGIT,DIGIT_UPPER,actual PDF emitted font size (pt); raw H retained as diagnostic,EDGE_LABEL|DIGIT_UPPER|STIXTwoMath-Regular|11.56,12,1.0000,1.0000,same-panel<=1.08; cross-panel<=1.10,PASS
C0115,0,EDGE_LABEL,RIGHT,DIGIT_UPPER,STIXTwoMath-Regular,11.5567,32.0000,339.0000,SPAN_B21_L03_S00,DIGIT,DIGIT_UPPER,actual PDF emitted font size (pt); raw H retained as diagnostic,EDGE_LABEL|DIGIT_UPPER|STIXTwoMath-Regular|11.56,12,1.0000,1.0000,same-panel<=1.08; cross-panel<=1.10,PASS
C0116,.,EDGE_LABEL,RIGHT,LOW_PROFILE,STIXTwoMath-Regular,11.5567,7.0000,37.0000,SPAN_B21_L03_S00,.,LOW_PROFILE,actual PDF emitted font size (pt); raw H retained as diagnostic,EDGE_LABEL|LOW_PROFILE|STIXTwoMath-Regular|11.56,6,1.0000,1.0000,same-panel<=1.08; cross-panel<=1.10,PASS
C0117,8,EDGE_LABEL,RIGHT,DIGIT_UPPER,STIXTwoMath-Regular,11.5567,33.0000,344.0000,SPAN_B21_L03_S00,DIGIT,DIGIT_UPPER,actual PDF emitted font size (pt); raw H retained as diagnostic,EDGE_LABEL|DIGIT_UPPER|STIXTwoMath-Regular|11.56,12,1.0000,1.0000,same-panel<=1.08; cross-panel<=1.10,PASS
C0118,𝑃,EDGE_LABEL,RIGHT,BASE_MATH,STIXTwoMath-Regular,11.5567,32.0000,333.0000,SPAN_B22_L00_S00,𝑃,BASE_MATH,actual PDF emitted font size (pt); raw H retained as diagnostic,EDGE_LABEL|BASE_MATH|STIXTwoMath-Regular|11.56,2,N/A,1.0000,same-panel<=1.08; cross-panel<=1.10,PASS
C0119,2,STATE_LABEL,RIGHT,NATURAL_SCRIPT,STIXTwoMath-Regular,8.0896,23.0000,156.0000,SPAN_B22_L00_S01,2,NATURAL_SCRIPT,actual PDF emitted font size (pt); raw H retained as diagnostic,STATE_LABEL|NATURAL_SCRIPT|STIXTwoMath-Regular|8.09,2,1.0000,N/A,same-panel<=1.08; cross-panel<=1.10,PASS
C0120,1,STATE_LABEL,RIGHT,NATURAL_SCRIPT,STIXTwoMath-Regular,8.0896,33.0000,123.0000,SPAN_B22_L00_S01,1,NATURAL_SCRIPT,actual PDF emitted font size (pt); raw H retained as diagnostic,STATE_LABEL|NATURAL_SCRIPT|STIXTwoMath-Regular|8.09,2,1.0000,N/A,same-panel<=1.08; cross-panel<=1.10,PASS
C0121,=,EDGE_LABEL,RIGHT,BASE_MATH_OPERATOR,STIXTwoMath-Regular,11.5567,14.0000,261.0000,SPAN_B22_L00_S03,=,BASE_MATH_OPERATOR,actual PDF emitted font size (pt); raw H retained as diagnostic,EDGE_LABEL|BASE_MATH_OPERATOR|STIXTwoMath-Regular|11.56,2,N/A,1.0000,same-panel<=1.08; cross-panel<=1.10,PASS
C0122,0,EDGE_LABEL,RIGHT,DIGIT_UPPER,STIXTwoMath-Regular,11.5567,32.0000,339.0000,SPAN_B22_L00_S03,DIGIT,DIGIT_UPPER,actual PDF emitted font size (pt); raw H retained as diagnostic,EDGE_LABEL|DIGIT_UPPER|STIXTwoMath-Regular|11.56,12,1.0000,1.0000,same-panel<=1.08; cross-panel<=1.10,PASS
C0123,.,EDGE_LABEL,RIGHT,LOW_PROFILE,STIXTwoMath-Regular,11.5567,7.0000,37.0000,SPAN_B22_L00_S03,.,LOW_PROFILE,actual PDF emitted font size (pt); raw H retained as diagnostic,EDGE_LABEL|LOW_PROFILE|STIXTwoMath-Regular|11.56,6,1.0000,1.0000,same-panel<=1.08; cross-panel<=1.10,PASS
C0124,3,EDGE_LABEL,RIGHT,DIGIT_UPPER,STIXTwoMath-Regular,11.5567,32.0000,256.0000,SPAN_B22_L00_S03,DIGIT,DIGIT_UPPER,actual PDF emitted font size (pt); raw H retained as diagnostic,EDGE_LABEL|DIGIT_UPPER|STIXTwoMath-Regular|11.56,12,1.0000,1.0000,same-panel<=1.08; cross-panel<=1.10,PASS
C0125,𝑃,MATRIX_FORMULA,RIGHT,BASE_MATH,STIXTwoMath-Regular,11.5567,32.0000,333.0000,SPAN_B23_L00_S00,𝑃,BASE_MATH,actual PDF emitted font size (pt); raw H retained as diagnostic,MATRIX_FORMULA|BASE_MATH|STIXTwoMath-Regular|11.56,2,N/A,1.0000,same-panel<=1.08; cross-panel<=1.10,PASS
C0126,1,MATRIX_FORMULA,RIGHT,NATURAL_SCRIPT,STIXTwoMath-Regular,8.0896,23.0000,122.0000,SPAN_B23_L00_S01,1,NATURAL_SCRIPT,actual PDF emitted font size (pt); raw H retained as diagnostic,MATRIX_FORMULA|NATURAL_SCRIPT|STIXTwoMath-Regular|8.09,4,1.0000,1.0000,same-panel<=1.08; cross-panel<=1.10,PASS
C0127,2,MATRIX_FORMULA,RIGHT,NATURAL_SCRIPT,STIXTwoMath-Regular,8.0896,23.0000,156.0000,SPAN_B23_L00_S01,2,NATURAL_SCRIPT,actual PDF emitted font size (pt); raw H retained as diagnostic,MATRIX_FORMULA|NATURAL_SCRIPT|STIXTwoMath-Regular|8.09,4,1.0000,1.0000,same-panel<=1.08; cross-panel<=1.10,PASS
C0128,=,MATRIX_FORMULA,RIGHT,BASE_MATH_OPERATOR,STIXTwoMath-Regular,11.5567,14.0000,261.0000,SPAN_B23_L00_S03,=,BASE_MATH_OPERATOR,actual PDF emitted font size (pt); raw H retained as diagnostic,MATRIX_FORMULA|BASE_MATH_OPERATOR|STIXTwoMath-Regular|11.56,2,N/A,1.0000,same-panel<=1.08; cross-panel<=1.10,PASS
C0129,0,MATRIX_FORMULA,RIGHT,DIGIT_UPPER,STIXTwoMath-Regular,11.5567,32.0000,339.0000,SPAN_B23_L00_S03,DIGIT,DIGIT_UPPER,actual PDF emitted font size (pt); raw H retained as diagnostic,MATRIX_FORMULA|DIGIT_UPPER|STIXTwoMath-Regular|11.56,4,1.0000,1.0000,same-panel<=1.08; cross-panel<=1.10,PASS
C0130,.,MATRIX_FORMULA,RIGHT,LOW_PROFILE,STIXTwoMath-Regular,11.5567,7.0000,37.0000,SPAN_B23_L00_S03,.,LOW_PROFILE,actual PDF emitted font size (pt); raw H retained as diagnostic,MATRIX_FORMULA|LOW_PROFILE|STIXTwoMath-Regular|11.56,2,N/A,1.0000,same-panel<=1.08; cross-panel<=1.10,PASS
C0131,2,MATRIX_FORMULA,RIGHT,DIGIT_UPPER,STIXTwoMath-Regular,11.5567,31.0000,268.0000,SPAN_B23_L00_S03,DIGIT,DIGIT_UPPER,actual PDF emitted font size (pt); raw H retained as diagnostic,MATRIX_FORMULA|DIGIT_UPPER|STIXTwoMath-Regular|11.56,4,1.0000,1.0000,same-panel<=1.08; cross-panel<=1.10,PASS
C0132,𝑃,MATRIX_FORMULA,RIGHT,BASE_MATH,STIXTwoMath-Regular,11.7559,37.0000,348.0000,SPAN_B24_L00_S00,𝑃,BASE_MATH,actual PDF emitted font size (pt); raw H retained as diagnostic,MATRIX_FORMULA|BASE_MATH|STIXTwoMath-Regular|11.76,2,N/A,1.0000,same-panel<=1.08; cross-panel<=1.10,PASS
C0133,=,MATRIX_FORMULA,RIGHT,BASE_MATH_OPERATOR,STIXTwoMath-Regular,11.7559,14.0000,240.0000,SPAN_B24_L00_S00,=,BASE_MATH_OPERATOR,actual PDF emitted font size (pt); raw H retained as diagnostic,MATRIX_FORMULA|BASE_MATH_OPERATOR|STIXTwoMath-Regular|11.76,2,N/A,1.0000,same-panel<=1.08; cross-panel<=1.10,PASS
C0134,[,MATRIX_FORMULA,RIGHT,LOW_PROFILE,STIXTwoMath-Regular,11.7559,52.0000,312.0000,SPAN_B24_L00_S00,[,LOW_PROFILE,actual PDF emitted font size (pt); raw H retained as diagnostic,MATRIX_FORMULA|LOW_PROFILE|STIXTwoMath-Regular|11.76,12,1.0000,1.0000,same-panel<=1.08; cross-panel<=1.10,PASS
C0135,0,MATRIX_FORMULA,RIGHT,DIGIT_UPPER,STIXTwoMath-Regular,11.7559,33.0000,348.0000,SPAN_B24_L00_S01,DIGIT,DIGIT_UPPER,actual PDF emitted font size (pt); raw H retained as diagnostic,MATRIX_FORMULA|DIGIT_UPPER|STIXTwoMath-Regular|11.76,12,1.0000,1.0000,same-panel<=1.08; cross-panel<=1.10,PASS
C0136,.,MATRIX_FORMULA,RIGHT,LOW_PROFILE,STIXTwoMath-Regular,11.7559,7.0000,38.0000,SPAN_B24_L00_S01,.,LOW_PROFILE,actual PDF emitted font size (pt); raw H retained as diagnostic,MATRIX_FORMULA|LOW_PROFILE|STIXTwoMath-Regular|11.76,12,1.0000,1.0000,same-panel<=1.08; cross-panel<=1.10,PASS
C0137,7,MATRIX_FORMULA,RIGHT,DIGIT_UPPER,STIXTwoMath-Regular,11.7559,32.0000,225.0000,SPAN_B24_L00_S01,DIGIT,DIGIT_UPPER,actual PDF emitted font size (pt); raw H retained as diagnostic,MATRIX_FORMULA|DIGIT_UPPER|STIXTwoMath-Regular|11.76,12,1.0000,1.0000,same-panel<=1.08; cross-panel<=1.10,PASS
C0138,0,MATRIX_FORMULA,RIGHT,DIGIT_UPPER,STIXTwoMath-Regular,11.7559,33.0000,348.0000,SPAN_B24_L01_S00,DIGIT,DIGIT_UPPER,actual PDF emitted font size (pt); raw H retained as diagnostic,MATRIX_FORMULA|DIGIT_UPPER|STIXTwoMath-Regular|11.76,12,1.0000,1.0000,same-panel<=1.08; cross-panel<=1.10,PASS
C0139,.,MATRIX_FORMULA,RIGHT,LOW_PROFILE,STIXTwoMath-Regular,11.7559,7.0000,38.0000,SPAN_B24_L01_S00,.,LOW_PROFILE,actual PDF emitted font size (pt); raw H retained as diagnostic,MATRIX_FORMULA|LOW_PROFILE|STIXTwoMath-Regular|11.76,12,1.0000,1.0000,same-panel<=1.08; cross-panel<=1.10,PASS
C0140,2,MATRIX_FORMULA,RIGHT,DIGIT_UPPER,STIXTwoMath-Regular,11.7559,32.0000,273.0000,SPAN_B24_L01_S00,DIGIT,DIGIT_UPPER,actual PDF emitted font size (pt); raw H retained as diagnostic,MATRIX_FORMULA|DIGIT_UPPER|STIXTwoMath-Regular|11.76,12,1.0000,1.0000,same-panel<=1.08; cross-panel<=1.10,PASS
C0141,0,MATRIX_FORMULA,RIGHT,DIGIT_UPPER,STIXTwoText-Bold,11.7559,33.0000,469.0000,SPAN_B24_L02_S00,DIGIT,DIGIT_UPPER,actual PDF emitted font size (pt); raw H retained as diagnostic,MATRIX_FORMULA|DIGIT_UPPER|STIXTwoText-Bold|11.76,4,1.0000,1.0000,same-panel<=1.08; cross-panel<=1.10,PASS
C0142,.,MATRIX_FORMULA,RIGHT,LOW_PROFILE,STIXTwoMath-Regular,11.7559,7.0000,37.0000,SPAN_B24_L02_S01,.,LOW_PROFILE,actual PDF emitted font size (pt); raw H retained as diagnostic,MATRIX_FORMULA|LOW_PROFILE|STIXTwoMath-Regular|11.76,12,1.0000,1.0000,same-panel<=1.08; cross-panel<=1.10,PASS
C0143,3,MATRIX_FORMULA,RIGHT,DIGIT_UPPER,STIXTwoText-Bold,11.7559,33.0000,364.0000,SPAN_B24_L02_S02,DIGIT,DIGIT_UPPER,actual PDF emitted font size (pt); raw H retained as diagnostic,MATRIX_FORMULA|DIGIT_UPPER|STIXTwoText-Bold|11.76,4,1.0000,1.0000,same-panel<=1.08; cross-panel<=1.10,PASS
C0144,0,MATRIX_FORMULA,RIGHT,DIGIT_UPPER,STIXTwoMath-Regular,11.7559,33.0000,348.0000,SPAN_B24_L03_S00,DIGIT,DIGIT_UPPER,actual PDF emitted font size (pt); raw H retained as diagnostic,MATRIX_FORMULA|DIGIT_UPPER|STIXTwoMath-Regular|11.76,12,1.0000,1.0000,same-panel<=1.08; cross-panel<=1.10,PASS
C0145,.,MATRIX_FORMULA,RIGHT,LOW_PROFILE,STIXTwoMath-Regular,11.7559,7.0000,38.0000,SPAN_B24_L03_S00,.,LOW_PROFILE,actual PDF emitted font size (pt); raw H retained as diagnostic,MATRIX_FORMULA|LOW_PROFILE|STIXTwoMath-Regular|11.76,12,1.0000,1.0000,same-panel<=1.08; cross-panel<=1.10,PASS
C0146,8,MATRIX_FORMULA,RIGHT,DIGIT_UPPER,STIXTwoMath-Regular,11.7559,33.0000,352.0000,SPAN_B24_L03_S00,DIGIT,DIGIT_UPPER,actual PDF emitted font size (pt); raw H retained as diagnostic,MATRIX_FORMULA|DIGIT_UPPER|STIXTwoMath-Regular|11.76,12,1.0000,1.0000,same-panel<=1.08; cross-panel<=1.10,PASS
C0147,],MATRIX_FORMULA,RIGHT,LOW_PROFILE,STIXTwoMath-Regular,11.7559,52.0000,312.0000,SPAN_B24_L03_S01,],LOW_PROFILE,actual PDF emitted font size (pt); raw H retained as diagnostic,MATRIX_FORMULA|LOW_PROFILE|STIXTwoMath-Regular|11.76,12,1.0000,1.0000,same-panel<=1.08; cross-panel<=1.10,PASS
C0148,每,CAPTION,CENTRE,CJK_FULL,NotoSerifSC-ExtraLight,9.7634,37.0000,470.0000,SPAN_B25_L00_S00,CJK_FULL_GLYPH,CJK_FULL,actual PDF emitted font size (pt); raw H retained as diagnostic,CAPTION|CJK_FULL|NotoSerifSC-ExtraLight|9.76,8,1.0000,1.0000,same-panel<=1.08; cross-panel<=1.10,PASS
C0149,列,CAPTION,CENTRE,CJK_FULL,NotoSerifSC-ExtraLight,9.7634,36.0000,435.0000,SPAN_B25_L00_S00,CJK_FULL_GLYPH,CJK_FULL,actual PDF emitted font size (pt); raw H retained as diagnostic,CAPTION|CJK_FULL|NotoSerifSC-ExtraLight|9.76,8,1.0000,1.0000,same-panel<=1.08; cross-panel<=1.10,PASS
C0150,和,CAPTION,RIGHT,CJK_FULL,NotoSerifSC-ExtraLight,9.7634,37.0000,422.0000,SPAN_B25_L00_S00,CJK_FULL_GLYPH,CJK_FULL,actual PDF emitted font size (pt); raw H retained as diagnostic,CAPTION|CJK_FULL|NotoSerifSC-ExtraLight|9.76,8,1.0000,1.0000,same-panel<=1.08; cross-panel<=1.10,PASS
C0151,为,CAPTION,RIGHT,CJK_FULL,NotoSerifSC-ExtraLight,9.7634,37.0000,333.0000,SPAN_B25_L00_S00,CJK_FULL_GLYPH,CJK_FULL,actual PDF emitted font size (pt); raw H retained as diagnostic,CAPTION|CJK_FULL|NotoSerifSC-ExtraLight|9.76,8,1.0000,1.0000,same-panel<=1.08; cross-panel<=1.10,PASS
C0152,1,CAPTION,RIGHT,DIGIT_UPPER,STIXTwoMath-Regular,9.7634,26.0000,164.0000,SPAN_B25_L00_S01,DIGIT,DIGIT_UPPER,actual PDF emitted font size (pt); raw H retained as diagnostic,CAPTION|DIGIT_UPPER|STIXTwoMath-Regular|9.76,2,N/A,1.0000,same-panel<=1.08; cross-panel<=1.10,PASS
C0153,；,CAPTION,RIGHT,LOW_PROFILE,NotoSerifSC-ExtraLight,9.7634,33.0000,60.0000,SPAN_B25_L00_S02,；,LOW_PROFILE,actual PDF emitted font size (pt); raw H retained as diagnostic,CAPTION|LOW_PROFILE|NotoSerifSC-ExtraLight|9.76,2,N/A,1.0000,same-panel<=1.08; cross-panel<=1.10,PASS
C0154,𝑝,CAPTION,RIGHT,BASE_MATH,XITSMath-Bold,11.5567,33.0000,408.0000,SPAN_B25_L00_S03,𝑝,BASE_MATH,actual PDF emitted font size (pt); raw H retained as diagnostic,CAPTION|BASE_MATH|XITSMath-Bold|11.56,2,1.0000,N/A,same-panel<=1.08; cross-panel<=1.10,PASS
C0155,(,CAPTION,RIGHT,LOW_PROFILE,STIXTwoMath-Regular,8.0896,33.0000,130.0000,SPAN_B25_L00_S04,(,NATURAL_SCRIPT,actual PDF emitted font size (pt); raw H retained as diagnostic,CAPTION|NATURAL_SCRIPT|STIXTwoMath-Regular|8.09,12,1.0000,1.0000,same-panel<=1.08; cross-panel<=1.10,PASS
C0156,𝑡,CAPTION,RIGHT,NATURAL_SCRIPT,STIXTwoMath-Regular,8.0896,23.0000,112.0000,SPAN_B25_L00_S04,𝑡,NATURAL_SCRIPT,actual PDF emitted font size (pt); raw H retained as diagnostic,CAPTION|NATURAL_SCRIPT|STIXTwoMath-Regular|8.09,12,1.0000,1.0000,same-panel<=1.08; cross-panel<=1.10,PASS
C0157,+,CAPTION,RIGHT,NATURAL_SCRIPT,STIXTwoMath-Regular,8.0896,22.0000,160.0000,SPAN_B25_L00_S04,+,NATURAL_SCRIPT,actual PDF emitted font size (pt); raw H retained as diagnostic,CAPTION|NATURAL_SCRIPT|STIXTwoMath-Regular|8.09,12,1.0000,1.0000,same-panel<=1.08; cross-panel<=1.10,PASS
C0158,1,CAPTION,RIGHT,NATURAL_SCRIPT,STIXTwoMath-Regular,8.0896,23.0000,122.0000,SPAN_B25_L00_S04,1,NATURAL_SCRIPT,actual PDF emitted font size (pt); raw H retained as diagnostic,CAPTION|NATURAL_SCRIPT|STIXTwoMath-Regular|8.09,12,1.0000,1.0000,same-panel<=1.08; cross-panel<=1.10,PASS
C0159,),CAPTION,RIGHT,LOW_PROFILE,STIXTwoMath-Regular,8.0896,33.0000,132.0000,SPAN_B25_L00_S04,),NATURAL_SCRIPT,actual PDF emitted font size (pt); raw H retained as diagnostic,CAPTION|NATURAL_SCRIPT|STIXTwoMath-Regular|8.09,12,1.0000,1.0000,same-panel<=1.08; cross-panel<=1.10,PASS
C0160,=,CAPTION,RIGHT,BASE_MATH_OPERATOR,STIXTwoMath-Regular,11.5567,14.0000,261.0000,SPAN_B25_L00_S06,=,BASE_MATH_OPERATOR,actual PDF emitted font size (pt); raw H retained as diagnostic,CAPTION|BASE_MATH_OPERATOR|STIXTwoMath-Regular|11.56,2,N/A,1.0000,same-panel<=1.08; cross-panel<=1.10,PASS
C0161,𝑃,CAPTION,RIGHT,BASE_MATH,STIXTwoMath-Regular,11.5567,42.0000,334.0000,SPAN_B25_L00_S06,𝑃,BASE_MATH,actual PDF emitted font size (pt); raw H retained as diagnostic,CAPTION|BASE_MATH|STIXTwoMath-Regular|11.56,4,1.0000,1.0000,same-panel<=1.08; cross-panel<=1.10,PASS
C0162,𝑝,CAPTION,RIGHT,BASE_MATH,XITSMath-Bold,11.5567,33.0000,408.0000,SPAN_B25_L00_S07,𝑝,BASE_MATH,actual PDF emitted font size (pt); raw H retained as diagnostic,CAPTION|BASE_MATH|XITSMath-Bold|11.56,2,1.0000,N/A,same-panel<=1.08; cross-panel<=1.10,PASS
C0163,(,CAPTION,RIGHT,LOW_PROFILE,STIXTwoMath-Regular,8.0896,33.0000,130.0000,SPAN_B25_L00_S08,(,NATURAL_SCRIPT,actual PDF emitted font size (pt); raw H retained as diagnostic,CAPTION|NATURAL_SCRIPT|STIXTwoMath-Regular|8.09,12,1.0000,1.0000,same-panel<=1.08; cross-panel<=1.10,PASS
C0164,𝑡,CAPTION,RIGHT,NATURAL_SCRIPT,STIXTwoMath-Regular,8.0896,23.0000,112.0000,SPAN_B25_L00_S08,𝑡,NATURAL_SCRIPT,actual PDF emitted font size (pt); raw H retained as diagnostic,CAPTION|NATURAL_SCRIPT|STIXTwoMath-Regular|8.09,12,1.0000,1.0000,same-panel<=1.08; cross-panel<=1.10,PASS
C0165,),CAPTION,RIGHT,LOW_PROFILE,STIXTwoMath-Regular,8.0896,33.0000,132.0000,SPAN_B25_L00_S08,),NATURAL_SCRIPT,actual PDF emitted font size (pt); raw H retained as diagnostic,CAPTION|NATURAL_SCRIPT|STIXTwoMath-Regular|8.09,12,1.0000,1.0000,same-panel<=1.08; cross-panel<=1.10,PASS
C0166,图,CAPTION,LEFT,CJK_FULL,NotoSansSC-Bold,9.9626,38.0000,1108.0000,SPAN_B26_L00_S00,CJK_FULL_GLYPH,CJK_FULL,actual PDF emitted font size (pt); raw H retained as diagnostic,CAPTION|CJK_FULL|NotoSansSC-Bold|9.96,1,N/A,N/A,same-panel<=1.08; cross-panel<=1.10,N/A_NO_COMPARABLE_PEER
C0167,3,CAPTION,LEFT,DIGIT_UPPER,STIXTwoText-Bold,9.9626,29.0000,271.0000,SPAN_B26_L00_S01,DIGIT,DIGIT_UPPER,actual PDF emitted font size (pt); raw H retained as diagnostic,CAPTION|DIGIT_UPPER|STIXTwoText-Bold|9.96,3,1.0000,N/A,same-panel<=1.08; cross-panel<=1.10,PASS
C0168,0,CAPTION,LEFT,DIGIT_UPPER,STIXTwoText-Bold,9.9626,28.0000,350.0000,SPAN_B26_L00_S01,DIGIT,DIGIT_UPPER,actual PDF emitted font size (pt); raw H retained as diagnostic,CAPTION|DIGIT_UPPER|STIXTwoText-Bold|9.96,3,1.0000,N/A,same-panel<=1.08; cross-panel<=1.10,PASS
C0169,.,CAPTION,LEFT,LOW_PROFILE,STIXTwoText-Bold,9.9626,7.0000,43.0000,SPAN_B26_L00_S01,.,LOW_PROFILE,actual PDF emitted font size (pt); raw H retained as diagnostic,CAPTION|LOW_PROFILE|STIXTwoText-Bold|9.96,1,N/A,N/A,same-panel<=1.08; cross-panel<=1.10,N/A_NO_COMPARABLE_PEER
C0170,2,CAPTION,LEFT,DIGIT_UPPER,STIXTwoText-Bold,9.9626,27.0000,279.0000,SPAN_B26_L00_S01,DIGIT,DIGIT_UPPER,actual PDF emitted font size (pt); raw H retained as diagnostic,CAPTION|DIGIT_UPPER|STIXTwoText-Bold|9.96,3,1.0000,N/A,same-panel<=1.08; cross-panel<=1.10,PASS
C0171,行,CAPTION,LEFT,CJK_FULL,NotoSerifSC-ExtraLight,9.9626,37.0000,322.0000,SPAN_B26_L01_S00,CJK_FULL_GLYPH,CJK_FULL,actual PDF emitted font size (pt); raw H retained as diagnostic,CAPTION|CJK_FULL|NotoSerifSC-ExtraLight|9.96,28,1.0000,1.0000,same-panel<=1.08; cross-panel<=1.10,PASS
C0172,随,CAPTION,LEFT,CJK_FULL,NotoSerifSC-ExtraLight,9.9626,37.0000,642.0000,SPAN_B26_L01_S00,CJK_FULL_GLYPH,CJK_FULL,actual PDF emitted font size (pt); raw H retained as diagnostic,CAPTION|CJK_FULL|NotoSerifSC-ExtraLight|9.96,28,1.0000,1.0000,same-panel<=1.08; cross-panel<=1.10,PASS
C0173,机,CAPTION,LEFT,CJK_FULL,NotoSerifSC-ExtraLight,9.9626,37.0000,402.0000,SPAN_B26_L01_S00,CJK_FULL_GLYPH,CJK_FULL,actual PDF emitted font size (pt); raw H retained as diagnostic,CAPTION|CJK_FULL|NotoSerifSC-ExtraLight|9.96,28,1.0000,1.0000,same-panel<=1.08; cross-panel<=1.10,PASS
C0174,约,CAPTION,LEFT,CJK_FULL,NotoSerifSC-ExtraLight,9.9626,37.0000,430.0000,SPAN_B26_L01_S00,CJK_FULL_GLYPH,CJK_FULL,actual PDF emitted font size (pt); raw H retained as diagnostic,CAPTION|CJK_FULL|NotoSerifSC-ExtraLight|9.96,28,1.0000,1.0000,same-panel<=1.08; cross-panel<=1.10,PASS
C0175,定,CAPTION,LEFT,CJK_FULL,NotoSerifSC-ExtraLight,9.9626,37.0000,444.0000,SPAN_B26_L01_S00,CJK_FULL_GLYPH,CJK_FULL,actual PDF emitted font size (pt); raw H retained as diagnostic,CAPTION|CJK_FULL|NotoSerifSC-ExtraLight|9.96,28,1.0000,1.0000,same-panel<=1.08; cross-panel<=1.10,PASS
C0176,下,CAPTION,LEFT,CJK_FULL,NotoSerifSC-ExtraLight,9.9626,37.0000,227.0000,SPAN_B26_L01_S00,CJK_FULL_GLYPH,CJK_FULL,actual PDF emitted font size (pt); raw H retained as diagnostic,CAPTION|CJK_FULL|NotoSerifSC-ExtraLight|9.96,28,1.0000,1.0000,same-panel<=1.08; cross-panel<=1.10,PASS
C0177,的,CAPTION,LEFT,CJK_FULL,NotoSerifSC-ExtraLight,9.9626,37.0000,436.0000,SPAN_B26_L01_S00,CJK_FULL_GLYPH,CJK_FULL,actual PDF emitted font size (pt); raw H retained as diagnostic,CAPTION|CJK_FULL|NotoSerifSC-ExtraLight|9.96,28,1.0000,1.0000,same-panel<=1.08; cross-panel<=1.10,PASS
C0178,两,CAPTION,LEFT,CJK_FULL,NotoSerifSC-ExtraLight,9.9626,38.0000,508.0000,SPAN_B26_L01_S00,CJK_FULL_GLYPH,CJK_FULL,actual PDF emitted font size (pt); raw H retained as diagnostic,CAPTION|CJK_FULL|NotoSerifSC-ExtraLight|9.96,28,1.0000,1.0000,same-panel<=1.08; cross-panel<=1.10,PASS
C0179,状,CAPTION,CENTRE,CJK_FULL,NotoSerifSC-ExtraLight,9.9626,37.0000,416.0000,SPAN_B26_L01_S00,CJK_FULL_GLYPH,CJK_FULL,actual PDF emitted font size (pt); raw H retained as diagnostic,CAPTION|CJK_FULL|NotoSerifSC-ExtraLight|9.96,28,1.0000,1.0000,same-panel<=1.08; cross-panel<=1.10,PASS
C0180,态,CAPTION,CENTRE,CJK_FULL,NotoSerifSC-ExtraLight,9.9626,36.0000,401.0000,SPAN_B26_L01_S00,CJK_FULL_GLYPH,CJK_FULL,actual PDF emitted font size (pt); raw H retained as diagnostic,CAPTION|CJK_FULL|NotoSerifSC-ExtraLight|9.96,28,1.0000,1.0000,same-panel<=1.08; cross-panel<=1.10,PASS
C0181,转,CAPTION,CENTRE,CJK_FULL,NotoSerifSC-ExtraLight,9.9626,38.0000,500.0000,SPAN_B26_L01_S00,CJK_FULL_GLYPH,CJK_FULL,actual PDF emitted font size (pt); raw H retained as diagnostic,CAPTION|CJK_FULL|NotoSerifSC-ExtraLight|9.96,28,1.0000,1.0000,same-panel<=1.08; cross-panel<=1.10,PASS
C0182,移,CAPTION,CENTRE,CJK_FULL,NotoSerifSC-ExtraLight,9.9626,38.0000,523.0000,SPAN_B26_L01_S00,CJK_FULL_GLYPH,CJK_FULL,actual PDF emitted font size (pt); raw H retained as diagnostic,CAPTION|CJK_FULL|NotoSerifSC-ExtraLight|9.96,28,1.0000,1.0000,same-panel<=1.08; cross-panel<=1.10,PASS
C0183,图,CAPTION,CENTRE,CJK_FULL,NotoSerifSC-ExtraLight,9.9626,37.0000,581.0000,SPAN_B26_L01_S00,CJK_FULL_GLYPH,CJK_FULL,actual PDF emitted font size (pt); raw H retained as diagnostic,CAPTION|CJK_FULL|NotoSerifSC-ExtraLight|9.96,28,1.0000,1.0000,same-panel<=1.08; cross-panel<=1.10,PASS
C0184,，,CAPTION,CENTRE,LOW_PROFILE,NotoSerifSC-ExtraLight,9.9626,13.0000,49.0000,SPAN_B26_L01_S00,，,LOW_PROFILE,actual PDF emitted font size (pt); raw H retained as diagnostic,CAPTION|LOW_PROFILE|NotoSerifSC-ExtraLight|9.96,2,N/A,1.0000,same-panel<=1.08; cross-panel<=1.10,PASS
C0185,并,CAPTION,CENTRE,CJK_FULL,NotoSerifSC-ExtraLight,9.9626,38.0000,355.0000,SPAN_B26_L01_S00,CJK_FULL_GLYPH,CJK_FULL,actual PDF emitted font size (pt); raw H retained as diagnostic,CAPTION|CJK_FULL|NotoSerifSC-ExtraLight|9.96,28,1.0000,1.0000,same-panel<=1.08; cross-panel<=1.10,PASS
C0186,给,CAPTION,CENTRE,CJK_FULL,NotoSerifSC-ExtraLight,9.9626,37.0000,461.0000,SPAN_B26_L01_S00,CJK_FULL_GLYPH,CJK_FULL,actual PDF emitted font size (pt); raw H retained as diagnostic,CAPTION|CJK_FULL|NotoSerifSC-ExtraLight|9.96,28,1.0000,1.0000,same-panel<=1.08; cross-panel<=1.10,PASS
C0187,出,CAPTION,CENTRE,CJK_FULL,NotoSerifSC-ExtraLight,9.9626,37.0000,366.0000,SPAN_B26_L01_S00,CJK_FULL_GLYPH,CJK_FULL,actual PDF emitted font size (pt); raw H retained as diagnostic,CAPTION|CJK_FULL|NotoSerifSC-ExtraLight|9.96,28,1.0000,1.0000,same-panel<=1.08; cross-panel<=1.10,PASS
C0188,到,CAPTION,CENTRE,CJK_FULL,NotoSerifSC-ExtraLight,9.9626,37.0000,491.0000,SPAN_B26_L01_S00,CJK_FULL_GLYPH,CJK_FULL,actual PDF emitted font size (pt); raw H retained as diagnostic,CAPTION|CJK_FULL|NotoSerifSC-ExtraLight|9.96,28,1.0000,1.0000,same-panel<=1.08; cross-panel<=1.10,PASS
C0189,列,CAPTION,CENTRE,CJK_FULL,NotoSerifSC-ExtraLight,9.9626,37.0000,417.0000,SPAN_B26_L01_S00,CJK_FULL_GLYPH,CJK_FULL,actual PDF emitted font size (pt); raw H retained as diagnostic,CAPTION|CJK_FULL|NotoSerifSC-ExtraLight|9.96,28,1.0000,1.0000,same-panel<=1.08; cross-panel<=1.10,PASS
C0190,随,CAPTION,CENTRE,CJK_FULL,NotoSerifSC-ExtraLight,9.9626,37.0000,642.0000,SPAN_B26_L01_S00,CJK_FULL_GLYPH,CJK_FULL,actual PDF emitted font size (pt); raw H retained as diagnostic,CAPTION|CJK_FULL|NotoSerifSC-ExtraLight|9.96,28,1.0000,1.0000,same-panel<=1.08; cross-panel<=1.10,PASS
C0191,机,CAPTION,CENTRE,CJK_FULL,NotoSerifSC-ExtraLight,9.9626,37.0000,402.0000,SPAN_B26_L01_S00,CJK_FULL_GLYPH,CJK_FULL,actual PDF emitted font size (pt); raw H retained as diagnostic,CAPTION|CJK_FULL|NotoSerifSC-ExtraLight|9.96,28,1.0000,1.0000,same-panel<=1.08; cross-panel<=1.10,PASS
C0192,P,CAPTION,CENTRE,DIGIT_UPPER,STIXTwoText-Regular,9.9626,28.0000,266.0000,SPAN_B26_L01_S01,P,DIGIT_UPPER,actual PDF emitted font size (pt); raw H retained as diagnostic,CAPTION|DIGIT_UPPER|STIXTwoText-Regular|9.96,2,1.0000,N/A,same-panel<=1.08; cross-panel<=1.10,PASS
C0193,a,CAPTION,CENTRE,BASE_MATH,STIXTwoText-Regular,9.9626,22.0000,203.0000,SPAN_B26_L01_S01,a,BASE_MATH,actual PDF emitted font size (pt); raw H retained as diagnostic,CAPTION|BASE_MATH|STIXTwoText-Regular|9.96,6,1.0000,1.0000,same-panel<=1.08; cross-panel<=1.10,PASS
C0194,g,CAPTION,CENTRE,BASE_MATH,STIXTwoText-Regular,9.9626,31.0000,310.0000,SPAN_B26_L01_S01,g,BASE_MATH,actual PDF emitted font size (pt); raw H retained as diagnostic,CAPTION|BASE_MATH|STIXTwoText-Regular|9.96,6,1.0000,1.0000,same-panel<=1.08; cross-panel<=1.10,PASS
C0195,e,CAPTION,CENTRE,BASE_MATH,STIXTwoText-Regular,9.9626,22.0000,191.0000,SPAN_B26_L01_S01,e,BASE_MATH,actual PDF emitted font size (pt); raw H retained as diagnostic,CAPTION|BASE_MATH|STIXTwoText-Regular|9.96,6,1.0000,1.0000,same-panel<=1.08; cross-panel<=1.10,PASS
C0196,R,CAPTION,CENTRE,DIGIT_UPPER,STIXTwoText-Regular,9.9626,28.0000,349.0000,SPAN_B26_L01_S01,R,DIGIT_UPPER,actual PDF emitted font size (pt); raw H retained as diagnostic,CAPTION|DIGIT_UPPER|STIXTwoText-Regular|9.96,2,1.0000,N/A,same-panel<=1.08; cross-panel<=1.10,PASS
C0197,a,CAPTION,RIGHT,BASE_MATH,STIXTwoText-Regular,9.9626,22.0000,203.0000,SPAN_B26_L01_S01,a,BASE_MATH,actual PDF emitted font size (pt); raw H retained as diagnostic,CAPTION|BASE_MATH|STIXTwoText-Regular|9.96,6,1.0000,1.0000,same-panel<=1.08; cross-panel<=1.10,PASS
C0198,n,CAPTION,RIGHT,BASE_MATH,STIXTwoText-Regular,9.9626,21.0000,217.0000,SPAN_B26_L01_S01,n,BASE_MATH,actual PDF emitted font size (pt); raw H retained as diagnostic,CAPTION|BASE_MATH|STIXTwoText-Regular|9.96,6,1.0000,1.0000,same-panel<=1.08; cross-panel<=1.10,PASS
C0199,k,CAPTION,RIGHT,BASE_MATH,STIXTwoText-Regular,9.9626,30.0000,258.0000,SPAN_B26_L01_S01,k,BASE_MATH,actual PDF emitted font size (pt); raw H retained as diagnostic,CAPTION|BASE_MATH|STIXTwoText-Regular|9.96,6,1.0000,1.0000,same-panel<=1.08; cross-panel<=1.10,PASS
C0200,约,CAPTION,RIGHT,CJK_FULL,NotoSerifSC-ExtraLight,9.9626,37.0000,430.0000,SPAN_B26_L01_S02,CJK_FULL_GLYPH,CJK_FULL,actual PDF emitted font size (pt); raw H retained as diagnostic,CAPTION|CJK_FULL|NotoSerifSC-ExtraLight|9.96,28,1.0000,1.0000,same-panel<=1.08; cross-panel<=1.10,PASS
C0201,定,CAPTION,RIGHT,CJK_FULL,NotoSerifSC-ExtraLight,9.9626,37.0000,444.0000,SPAN_B26_L01_S02,CJK_FULL_GLYPH,CJK_FULL,actual PDF emitted font size (pt); raw H retained as diagnostic,CAPTION|CJK_FULL|NotoSerifSC-ExtraLight|9.96,28,1.0000,1.0000,same-panel<=1.08; cross-panel<=1.10,PASS
C0202,的,CAPTION,RIGHT,CJK_FULL,NotoSerifSC-ExtraLight,9.9626,37.0000,436.0000,SPAN_B26_L01_S02,CJK_FULL_GLYPH,CJK_FULL,actual PDF emitted font size (pt); raw H retained as diagnostic,CAPTION|CJK_FULL|NotoSerifSC-ExtraLight|9.96,28,1.0000,1.0000,same-panel<=1.08; cross-panel<=1.10,PASS
C0203,显,CAPTION,RIGHT,CJK_FULL,NotoSerifSC-ExtraLight,9.9626,36.0000,495.0000,SPAN_B26_L01_S02,CJK_FULL_GLYPH,CJK_FULL,actual PDF emitted font size (pt); raw H retained as diagnostic,CAPTION|CJK_FULL|NotoSerifSC-ExtraLight|9.96,28,1.0000,1.0000,same-panel<=1.08; cross-panel<=1.10,PASS
C0204,式,CAPTION,RIGHT,CJK_FULL,NotoSerifSC-ExtraLight,9.9626,37.0000,370.0000,SPAN_B26_L01_S02,CJK_FULL_GLYPH,CJK_FULL,actual PDF emitted font size (pt); raw H retained as diagnostic,CAPTION|CJK_FULL|NotoSerifSC-ExtraLight|9.96,28,1.0000,1.0000,same-panel<=1.08; cross-panel<=1.10,PASS
C0205,转,CAPTION,RIGHT,CJK_FULL,NotoSerifSC-ExtraLight,9.9626,38.0000,500.0000,SPAN_B26_L01_S02,CJK_FULL_GLYPH,CJK_FULL,actual PDF emitted font size (pt); raw H retained as diagnostic,CAPTION|CJK_FULL|NotoSerifSC-ExtraLight|9.96,28,1.0000,1.0000,same-panel<=1.08; cross-panel<=1.10,PASS
C0206,置,CAPTION,RIGHT,CJK_FULL,NotoSerifSC-ExtraLight,9.9626,36.0000,615.0000,SPAN_B26_L01_S02,CJK_FULL_GLYPH,CJK_FULL,actual PDF emitted font size (pt); raw H retained as diagnostic,CAPTION|CJK_FULL|NotoSerifSC-ExtraLight|9.96,28,1.0000,1.0000,same-panel<=1.08; cross-panel<=1.10,PASS
C0207,桥,CAPTION,RIGHT,CJK_FULL,NotoSerifSC-ExtraLight,9.9626,38.0000,497.0000,SPAN_B26_L01_S02,CJK_FULL_GLYPH,CJK_FULL,actual PDF emitted font size (pt); raw H retained as diagnostic,CAPTION|CJK_FULL|NotoSerifSC-ExtraLight|9.96,28,1.0000,1.0000,same-panel<=1.08; cross-panel<=1.10,PASS
C0208,。,CAPTION,RIGHT,LOW_PROFILE,NotoSerifSC-ExtraLight,9.9626,13.0000,76.0000,SPAN_B26_L01_S02,。,LOW_PROFILE,actual PDF emitted font size (pt); raw H retained as diagnostic,CAPTION|LOW_PROFILE|NotoSerifSC-ExtraLight|9.96,2,N/A,1.0000,same-panel<=1.08; cross-panel<=1.10,PASS
