glyph_id,safe_filename,parent_object_id,panel_id,role,char,codepoint,font,pdf_font_size_pt,source_base_pt,script_class_machine,bbox_x0_px,bbox_y0_px,bbox_x1_px,bbox_y1_px,h_ink_px,w_ink_px,mask_pixel_count,legacy_threshold_px_advisory,legacy_threshold_status_advisory,mask_path,roi_1x_path,roi_8x_path
C0001,C0001.png,T001,A,TICK,0,U+0030,STIXTwoMath-Regular,9.564140319824219,9.6,LATIN_UPPER_OR_DIGIT,212,611,233,652,27,19,229,24,LEGACY_MET,glyph_masks/C0001.png,glyph_rois_1x/C0001.png,glyph_rois_8x/C0001.png
C0002,C0002.png,T002,A,TICK,2,U+0032,STIXTwoMath-Regular,9.564140319824219,9.6,LATIN_UPPER_OR_DIGIT,350,611,371,652,26,17,190,24,LEGACY_MET,glyph_masks/C0002.png,glyph_rois_1x/C0002.png,glyph_rois_8x/C0002.png
C0003,C0003.png,T003,A,TICK,4,U+0034,STIXTwoMath-Regular,9.564140319824219,9.6,LATIN_UPPER_OR_DIGIT,488,611,509,652,26,19,188,24,LEGACY_MET,glyph_masks/C0003.png,glyph_rois_1x/C0003.png,glyph_rois_8x/C0003.png
C0004,C0004.png,T004,A,TICK,6,U+0036,STIXTwoMath-Regular,9.564140319824219,9.6,LATIN_UPPER_OR_DIGIT,626,611,647,652,27,18,218,24,LEGACY_MET,glyph_masks/C0004.png,glyph_rois_1x/C0004.png,glyph_rois_8x/C0004.png
C0005,C0005.png,T005,A,TICK,8,U+0038,STIXTwoMath-Regular,9.564140319824219,9.6,LATIN_UPPER_OR_DIGIT,764,612,785,652,27,17,238,24,LEGACY_MET,glyph_masks/C0005.png,glyph_rois_1x/C0005.png,glyph_rois_8x/C0005.png
C0006,C0006.png,T006,A,TICK,1,U+0031,STIXTwoMath-Regular,9.564140319824219,9.6,LATIN_UPPER_OR_DIGIT,893,611,913,652,26,15,158,24,LEGACY_MET,glyph_masks/C0006.png,glyph_rois_1x/C0006.png,glyph_rois_8x/C0006.png
C0007,C0007.png,T006,A,TICK,0,U+0030,STIXTwoMath-Regular,9.564140319824219,9.6,LATIN_UPPER_OR_DIGIT,912,611,933,652,27,18,236,24,LEGACY_MET,glyph_masks/C0007.png,glyph_rois_1x/C0007.png,glyph_rois_8x/C0007.png
C0008,C0008.png,T007,A,TICK,1,U+0031,STIXTwoMath-Regular,9.564140319824219,9.6,LATIN_UPPER_OR_DIGIT,1031,611,1052,652,26,15,158,24,LEGACY_MET,glyph_masks/C0008.png,glyph_rois_1x/C0008.png,glyph_rois_8x/C0008.png
C0009,C0009.png,T007,A,TICK,2,U+0032,STIXTwoMath-Regular,9.564140319824219,9.6,LATIN_UPPER_OR_DIGIT,1051,611,1071,652,26,18,191,24,LEGACY_MET,glyph_masks/C0009.png,glyph_rois_1x/C0009.png,glyph_rois_8x/C0009.png
C0010,C0010.png,T008,A,TICK,0,U+0030,STIXTwoMath-Regular,9.564140319824219,9.6,LATIN_UPPER_OR_DIGIT,186,582,207,623,27,19,229,24,LEGACY_MET,glyph_masks/C0010.png,glyph_rois_1x/C0010.png,glyph_rois_8x/C0010.png
C0011,C0011.png,T009,A,TICK,0,U+0030,STIXTwoMath-Regular,9.564140319824219,9.6,LATIN_UPPER_OR_DIGIT,137,467,158,507,27,19,229,24,LEGACY_MET,glyph_masks/C0011.png,glyph_rois_1x/C0011.png,glyph_rois_8x/C0011.png
C0012,C0012.png,T009,A,TICK,.,U+002E,STIXTwoMath-Regular,9.564140319824219,9.6,LOW_PROFILE_PUNCTUATION,157,467,167,507,6,6,27,,CALIBRATION_ADVISORY,glyph_masks/C0012.png,glyph_rois_1x/C0012.png,glyph_rois_8x/C0012.png
C0013,C0013.png,T009,A,TICK,2,U+0032,STIXTwoMath-Regular,9.564140319824219,9.6,LATIN_UPPER_OR_DIGIT,166,467,187,507,26,18,191,24,LEGACY_MET,glyph_masks/C0013.png,glyph_rois_1x/C0013.png,glyph_rois_8x/C0013.png
C0014,C0014.png,T009,A,TICK,5,U+0035,STIXTwoMath-Regular,9.564140319824219,9.6,LATIN_UPPER_OR_DIGIT,186,467,207,507,27,16,192,24,LEGACY_MET,glyph_masks/C0014.png,glyph_rois_1x/C0014.png,glyph_rois_8x/C0014.png
C0015,C0015.png,T010,A,TICK,0,U+0030,STIXTwoMath-Regular,9.564140319824219,9.6,LATIN_UPPER_OR_DIGIT,157,351,177,391,27,18,236,24,LEGACY_MET,glyph_masks/C0015.png,glyph_rois_1x/C0015.png,glyph_rois_8x/C0015.png
C0016,C0016.png,T010,A,TICK,.,U+002E,STIXTwoMath-Regular,9.564140319824219,9.6,LOW_PROFILE_PUNCTUATION,176,351,187,391,6,5,25,,CALIBRATION_ADVISORY,glyph_masks/C0016.png,glyph_rois_1x/C0016.png,glyph_rois_8x/C0016.png
C0017,C0017.png,T010,A,TICK,5,U+0035,STIXTwoMath-Regular,9.564140319824219,9.6,LATIN_UPPER_OR_DIGIT,186,351,207,391,27,16,192,24,LEGACY_MET,glyph_masks/C0017.png,glyph_rois_1x/C0017.png,glyph_rois_8x/C0017.png
C0018,C0018.png,T011,A,TICK,0,U+0030,STIXTwoMath-Regular,9.564140319824219,9.6,LATIN_UPPER_OR_DIGIT,137,235,158,276,27,19,229,24,LEGACY_MET,glyph_masks/C0018.png,glyph_rois_1x/C0018.png,glyph_rois_8x/C0018.png
C0019,C0019.png,T011,A,TICK,.,U+002E,STIXTwoMath-Regular,9.564140319824219,9.6,LOW_PROFILE_PUNCTUATION,157,235,167,276,6,6,27,,CALIBRATION_ADVISORY,glyph_masks/C0019.png,glyph_rois_1x/C0019.png,glyph_rois_8x/C0019.png
C0020,C0020.png,T011,A,TICK,7,U+0037,STIXTwoMath-Regular,9.564140319824219,9.6,LATIN_UPPER_OR_DIGIT,166,235,187,276,27,18,163,24,LEGACY_MET,glyph_masks/C0020.png,glyph_rois_1x/C0020.png,glyph_rois_8x/C0020.png
C0021,C0021.png,T011,A,TICK,5,U+0035,STIXTwoMath-Regular,9.564140319824219,9.6,LATIN_UPPER_OR_DIGIT,186,235,207,276,27,16,192,24,LEGACY_MET,glyph_masks/C0021.png,glyph_rois_1x/C0021.png,glyph_rois_8x/C0021.png
C0022,C0022.png,T012,A,TICK,1,U+0031,STIXTwoMath-Regular,9.564140319824219,9.6,LATIN_UPPER_OR_DIGIT,186,119,207,160,26,15,158,24,LEGACY_MET,glyph_masks/C0022.png,glyph_rois_1x/C0022.png,glyph_rois_8x/C0022.png
C0023,C0023.png,T013,A,AXIS_LABEL,滞,U+6EDE,NotoSerifSC-ExtraLight,9.763389587402344,9.8,CJK_FULL,580,677,621,721,36,38,489,30,LEGACY_MET,glyph_masks/C0023.png,glyph_rois_1x/C0023.png,glyph_rois_8x/C0023.png
C0024,C0024.png,T013,A,AXIS_LABEL,后,U+540E,NotoSerifSC-ExtraLight,9.763389587402344,9.8,CJK_FULL,620,677,662,721,36,38,334,30,LEGACY_MET,glyph_masks/C0024.png,glyph_rois_1x/C0024.png,glyph_rois_8x/C0024.png
C0025,C0025.png,T013,A,AXIS_LABEL,𝑘,U+1D458,STIXTwoMath-Regular,9.763389587402344,9.8,LATIN_GREEK_LOWER,671,678,693,720,30,21,232,17,LEGACY_MET,glyph_masks/C0025.png,glyph_rois_1x/C0025.png,glyph_rois_8x/C0025.png
C0026,C0026.png,T014,A,FORMULA_AXIS_LABEL,C,U+0043,STIXTwoText-Regular,9.763389587402344,9.8,LATIN_UPPER_OR_DIGIT,65,532,107,561,24,29,244,24,LEGACY_MET,glyph_masks/C0026.png,glyph_rois_1x/C0026.png,glyph_rois_8x/C0026.png
C0027,C0027.png,T014,A,FORMULA_AXIS_LABEL,o,U+006F,STIXTwoText-Regular,9.763389587402344,9.8,LATIN_GREEK_LOWER,65,512,107,533,19,21,198,17,LEGACY_MET,glyph_masks/C0027.png,glyph_rois_1x/C0027.png,glyph_rois_8x/C0027.png
C0028,C0028.png,T014,A,FORMULA_AXIS_LABEL,r,U+0072,STIXTwoText-Regular,9.763389587402344,9.8,LATIN_GREEK_LOWER,65,496,107,513,14,20,128,17,LEGACY_BELOW,glyph_masks/C0028.png,glyph_rois_1x/C0028.png,glyph_rois_8x/C0028.png
C0029,C0029.png,T014,A,FORMULA_AXIS_LABEL,r,U+0072,STIXTwoText-Regular,9.763389587402344,9.8,LATIN_GREEK_LOWER,65,481,107,497,16,20,131,17,LEGACY_BELOW,glyph_masks/C0029.png,glyph_rois_1x/C0029.png,glyph_rois_8x/C0029.png
C0030,C0030.png,T014,A,FORMULA_AXIS_LABEL,(,U+0028,STIXTwoMath-Regular,9.763389587402344,9.8,MATH_OPERATOR_OR_DELIMITER,65,466,107,482,14,38,148,22,LEGACY_BELOW,glyph_masks/C0030.png,glyph_rois_1x/C0030.png,glyph_rois_8x/C0030.png
C0031,C0031.png,T014,A,FORMULA_AXIS_LABEL,𝑋,U+1D44B,STIXTwoMath-Regular,9.763389587402344,9.8,MATH_OR_OTHER,65,440,107,467,26,27,263,22,LEGACY_MET,glyph_masks/C0031.png,glyph_rois_1x/C0031.png,glyph_rois_8x/C0031.png
C0032,C0032.png,T014,A,FORMULA_AXIS_LABEL,(,U+0028,STIXTwoMath-Regular,6.8343400955200195,9.8,NATURAL_SCRIPT,53,425,82,438,11,28,97,15,LEGACY_BELOW,glyph_masks/C0032.png,glyph_rois_1x/C0032.png,glyph_rois_8x/C0032.png
C0033,C0033.png,T014,A,FORMULA_AXIS_LABEL,𝑡,U+1D461,STIXTwoMath-Regular,6.8343400955200195,9.8,NATURAL_SCRIPT,53,414,82,426,9,19,80,15,LEGACY_BELOW,glyph_masks/C0033.png,glyph_rois_1x/C0033.png,glyph_rois_8x/C0033.png
C0034,C0034.png,T014,A,FORMULA_AXIS_LABEL,),U+0029,STIXTwoMath-Regular,6.8343400955200195,9.8,NATURAL_SCRIPT,53,401,82,414,10,28,97,15,LEGACY_BELOW,glyph_masks/C0034.png,glyph_rois_1x/C0034.png,glyph_rois_8x/C0034.png
C0035,C0035.png,T014,A,FORMULA_AXIS_LABEL,2,U+0032,STIXTwoMath-Regular,6.8343400955200195,9.8,NATURAL_SCRIPT,84,425,113,441,14,19,117,15,LEGACY_BELOW,glyph_masks/C0035.png,glyph_rois_1x/C0035.png,glyph_rois_8x/C0035.png
C0036,C0036.png,T014,A,FORMULA_AXIS_LABEL,",",U+002C,STIXTwoMath-Regular,9.763389587402344,9.8,LOW_PROFILE_PUNCTUATION,65,390,107,401,6,11,43,,CALIBRATION_ADVISORY,glyph_masks/C0036.png,glyph_rois_1x/C0036.png,glyph_rois_8x/C0036.png
C0037,C0037.png,T014,A,FORMULA_AXIS_LABEL,𝑋,U+1D44B,STIXTwoMath-Regular,9.763389587402344,9.8,MATH_OR_OTHER,65,357,107,384,27,27,265,22,LEGACY_MET,glyph_masks/C0037.png,glyph_rois_1x/C0037.png,glyph_rois_8x/C0037.png
C0038,C0038.png,T014,A,FORMULA_AXIS_LABEL,(,U+0028,STIXTwoMath-Regular,6.8343400955200195,9.8,NATURAL_SCRIPT,53,342,82,355,12,28,97,15,LEGACY_BELOW,glyph_masks/C0038.png,glyph_rois_1x/C0038.png,glyph_rois_8x/C0038.png
C0039,C0039.png,T014,A,FORMULA_AXIS_LABEL,𝑡,U+1D461,STIXTwoMath-Regular,6.8343400955200195,9.8,NATURAL_SCRIPT,53,330,82,343,9,19,80,15,LEGACY_BELOW,glyph_masks/C0039.png,glyph_rois_1x/C0039.png,glyph_rois_8x/C0039.png
C0040,C0040.png,T014,A,FORMULA_AXIS_LABEL,+,U+002B,STIXTwoMath-Regular,6.8343400955200195,9.8,NATURAL_SCRIPT,53,308,82,331,19,19,105,15,LEGACY_MET,glyph_masks/C0040.png,glyph_rois_1x/C0040.png,glyph_rois_8x/C0040.png
C0041,C0041.png,T014,A,FORMULA_AXIS_LABEL,𝑘,U+1D458,STIXTwoMath-Regular,6.8343400955200195,9.8,NATURAL_SCRIPT,53,290,82,309,16,23,156,15,LEGACY_MET,glyph_masks/C0041.png,glyph_rois_1x/C0041.png,glyph_rois_8x/C0041.png
C0042,C0042.png,T014,A,FORMULA_AXIS_LABEL,),U+0029,STIXTwoMath-Regular,6.8343400955200195,9.8,NATURAL_SCRIPT,53,278,82,291,10,28,92,15,LEGACY_BELOW,glyph_masks/C0042.png,glyph_rois_1x/C0042.png,glyph_rois_8x/C0042.png
C0043,C0043.png,T014,A,FORMULA_AXIS_LABEL,2,U+0032,STIXTwoMath-Regular,6.8343400955200195,9.8,NATURAL_SCRIPT,84,342,113,358,14,19,117,15,LEGACY_BELOW,glyph_masks/C0043.png,glyph_rois_1x/C0043.png,glyph_rois_8x/C0043.png
C0044,C0044.png,T014,A,FORMULA_AXIS_LABEL,),U+0029,STIXTwoMath-Regular,9.763389587402344,9.8,MATH_OPERATOR_OR_DELIMITER,65,262,107,278,12,38,143,22,LEGACY_BELOW,glyph_masks/C0044.png,glyph_rois_1x/C0044.png,glyph_rois_8x/C0044.png
C0045,C0045.png,T014,A,FORMULA_AXIS_LABEL,=,U+003D,STIXTwoMath-Regular,9.763389587402344,9.8,MATH_OPERATOR_OR_DELIMITER,65,222,107,252,25,11,150,22,LEGACY_MET,glyph_masks/C0045.png,glyph_rois_1x/C0045.png,glyph_rois_8x/C0045.png
C0046,C0046.png,T014,A,FORMULA_AXIS_LABEL,𝜌,U+1D70C,STIXTwoMath-Regular,9.763389587402344,9.8,LATIN_GREEK_LOWER,65,188,107,211,21,29,214,17,LEGACY_MET,glyph_masks/C0046.png,glyph_rois_1x/C0046.png,glyph_rois_8x/C0046.png
C0047,C0047.png,T014,A,FORMULA_AXIS_LABEL,2,U+0032,STIXTwoMath-Regular,6.8343400955200195,9.8,NATURAL_SCRIPT,60,173,89,189,14,19,117,15,LEGACY_BELOW,glyph_masks/C0047.png,glyph_rois_1x/C0047.png,glyph_rois_8x/C0047.png
C0048,C0048.png,T014,A,FORMULA_AXIS_LABEL,𝑘,U+1D458,STIXTwoMath-Regular,6.8343400955200195,9.8,NATURAL_SCRIPT,60,156,89,174,16,23,156,15,LEGACY_MET,glyph_masks/C0048.png,glyph_rois_1x/C0048.png,glyph_rois_8x/C0048.png
C0049,C0049.png,T015,A,PANEL_TITLE,(,U+0028,STIXTwoText-Regular,9.564140319824219,9.6,MATH_OPERATOR_OR_DELIMITER,476,34,491,75,37,12,138,22,LEGACY_MET,glyph_masks/C0049.png,glyph_rois_1x/C0049.png,glyph_rois_8x/C0049.png
C0050,C0050.png,T015,A,PANEL_TITLE,a,U+0061,STIXTwoText-Regular,9.564140319824219,9.6,LATIN_GREEK_LOWER,490,34,510,75,21,17,181,17,LEGACY_MET,glyph_masks/C0050.png,glyph_rois_1x/C0050.png,glyph_rois_8x/C0050.png
C0051,C0051.png,T015,A,PANEL_TITLE,),U+0029,STIXTwoText-Regular,9.564140319824219,9.6,MATH_OPERATOR_OR_DELIMITER,509,34,524,75,37,13,139,22,LEGACY_MET,glyph_masks/C0051.png,glyph_rois_1x/C0051.png,glyph_rois_8x/C0051.png
C0052,C0052.png,T015,A,PANEL_TITLE,轮,U+8F6E,NotoSerifSC-ExtraLight,9.564140319824219,9.6,CJK_FULL,532,32,573,76,36,37,430,30,LEGACY_MET,glyph_masks/C0052.png,glyph_rois_1x/C0052.png,glyph_rois_8x/C0052.png
C0053,C0053.png,T015,A,PANEL_TITLE,末,U+672B,NotoSerifSC-ExtraLight,9.564140319824219,9.6,CJK_FULL,572,32,613,76,36,37,346,30,LEGACY_MET,glyph_masks/C0053.png,glyph_rois_1x/C0053.png,glyph_rois_8x/C0053.png
C0054,C0054.png,T015,A,PANEL_TITLE,A,U+0041,STIXTwoText-Regular,9.564140319824219,9.6,LATIN_UPPER_OR_DIGIT,621,34,651,75,27,28,247,24,LEGACY_MET,glyph_masks/C0054.png,glyph_rois_1x/C0054.png,glyph_rois_8x/C0054.png
C0055,C0055.png,T015,A,PANEL_TITLE,C,U+0043,STIXTwoText-Regular,9.564140319824219,9.6,LATIN_UPPER_OR_DIGIT,648,34,676,75,28,25,240,24,LEGACY_MET,glyph_masks/C0055.png,glyph_rois_1x/C0055.png,glyph_rois_8x/C0055.png
C0056,C0056.png,T015,A,PANEL_TITLE,F,U+0046,STIXTwoText-Regular,9.564140319824219,9.6,LATIN_UPPER_OR_DIGIT,675,34,699,75,27,22,245,24,LEGACY_MET,glyph_masks/C0056.png,glyph_rois_1x/C0056.png,glyph_rois_8x/C0056.png
C0057,C0057.png,T015,A,PANEL_TITLE,：,U+FF1A,NotoSerifSC-ExtraLight,9.564140319824219,9.6,LOW_PROFILE_PUNCTUATION,698,32,739,76,31,34,39,,CALIBRATION_ADVISORY,glyph_masks/C0057.png,glyph_rois_1x/C0057.png,glyph_rois_8x/C0057.png
C0058,C0058.png,T015,A,PANEL_TITLE,𝜌,U+1D70C,STIXTwoMath-Regular,9.564140319824219,9.6,LATIN_GREEK_LOWER,738,34,761,75,29,20,206,17,LEGACY_MET,glyph_masks/C0058.png,glyph_rois_1x/C0058.png,glyph_rois_8x/C0058.png
C0059,C0059.png,T015,A,PANEL_TITLE,2,U+0032,STIXTwoMath-Regular,6.694859981536865,9.6,NATURAL_SCRIPT,760,29,776,57,20,13,128,15,LEGACY_MET,glyph_masks/C0059.png,glyph_rois_1x/C0059.png,glyph_rois_8x/C0059.png
C0060,C0060.png,T015,A,PANEL_TITLE,𝑘,U+1D458,STIXTwoMath-Regular,6.694859981536865,9.6,NATURAL_SCRIPT,775,29,796,57,22,17,165,15,LEGACY_MET,glyph_masks/C0060.png,glyph_rois_1x/C0060.png,glyph_rois_8x/C0060.png
C0061,C0061.png,T016,A,LEGEND,|,U+007C,STIXTwoMath-Regular,9.962639808654785,9.6,MATH_OPERATOR_OR_DELIMITER,330,751,342,794,40,8,159,22,LEGACY_MET,glyph_masks/C0061.png,glyph_rois_1x/C0061.png,glyph_rois_8x/C0061.png
C0062,C0062.png,T016,A,LEGEND,𝜌,U+1D70C,STIXTwoMath-Regular,9.962639808654785,9.6,LATIN_GREEK_LOWER,341,751,365,794,29,20,217,17,LEGACY_MET,glyph_masks/C0062.png,glyph_rois_1x/C0062.png,glyph_rois_8x/C0062.png
C0063,C0063.png,T016,A,LEGEND,|,U+007C,STIXTwoMath-Regular,9.962639808654785,9.6,MATH_OPERATOR_OR_DELIMITER,364,751,376,794,40,4,156,22,LEGACY_MET,glyph_masks/C0063.png,glyph_rois_1x/C0063.png,glyph_rois_8x/C0063.png
C0064,C0064.png,T016,A,LEGEND,=,U+003D,STIXTwoMath-Regular,9.962639808654785,9.6,MATH_OPERATOR_OR_DELIMITER,386,751,417,794,12,26,182,22,LEGACY_BELOW,glyph_masks/C0064.png,glyph_rois_1x/C0064.png,glyph_rois_8x/C0064.png
C0065,C0065.png,T016,A,LEGEND,.,U+002E,STIXTwoMath-Regular,9.962639808654785,9.6,LOW_PROFILE_PUNCTUATION,428,751,439,794,6,5,26,,CALIBRATION_ADVISORY,glyph_masks/C0065.png,glyph_rois_1x/C0065.png,glyph_rois_8x/C0065.png
C0066,C0066.png,T016,A,LEGEND,9,U+0039,STIXTwoMath-Regular,9.962639808654785,9.6,LATIN_UPPER_OR_DIGIT,438,751,460,794,28,18,228,24,LEGACY_MET,glyph_masks/C0066.png,glyph_rois_1x/C0066.png,glyph_rois_8x/C0066.png
C0067,C0067.png,T016,A,LEGEND,5,U+0035,STIXTwoMath-Regular,9.962639808654785,9.6,LATIN_UPPER_OR_DIGIT,459,751,480,794,28,17,206,24,LEGACY_MET,glyph_masks/C0067.png,glyph_rois_1x/C0067.png,glyph_rois_8x/C0067.png
C0068,C0068.png,T017,A,LEGEND,|,U+007C,STIXTwoMath-Regular,9.962639808654785,9.6,MATH_OPERATOR_OR_DELIMITER,599,751,611,794,40,7,120,22,LEGACY_MET,glyph_masks/C0068.png,glyph_rois_1x/C0068.png,glyph_rois_8x/C0068.png
C0069,C0069.png,T017,A,LEGEND,𝜌,U+1D70C,STIXTwoMath-Regular,9.962639808654785,9.6,LATIN_GREEK_LOWER,610,751,634,794,29,21,226,17,LEGACY_MET,glyph_masks/C0069.png,glyph_rois_1x/C0069.png,glyph_rois_8x/C0069.png
C0070,C0070.png,T017,A,LEGEND,|,U+007C,STIXTwoMath-Regular,9.962639808654785,9.6,MATH_OPERATOR_OR_DELIMITER,633,751,645,794,40,4,156,22,LEGACY_MET,glyph_masks/C0070.png,glyph_rois_1x/C0070.png,glyph_rois_8x/C0070.png
C0071,C0071.png,T017,A,LEGEND,=,U+003D,STIXTwoMath-Regular,9.962639808654785,9.6,MATH_OPERATOR_OR_DELIMITER,656,751,687,794,12,26,182,22,LEGACY_BELOW,glyph_masks/C0071.png,glyph_rois_1x/C0071.png,glyph_rois_8x/C0071.png
C0072,C0072.png,T017,A,LEGEND,.,U+002E,STIXTwoMath-Regular,9.962639808654785,9.6,LOW_PROFILE_PUNCTUATION,697,751,708,794,6,5,26,,CALIBRATION_ADVISORY,glyph_masks/C0072.png,glyph_rois_1x/C0072.png,glyph_rois_8x/C0072.png
C0073,C0073.png,T017,A,LEGEND,7,U+0037,STIXTwoMath-Regular,9.962639808654785,9.6,LATIN_UPPER_OR_DIGIT,707,751,729,794,28,18,175,24,LEGACY_MET,glyph_masks/C0073.png,glyph_rois_1x/C0073.png,glyph_rois_8x/C0073.png
C0074,C0074.png,T017,A,LEGEND,0,U+0030,STIXTwoMath-Regular,9.962639808654785,9.6,LATIN_UPPER_OR_DIGIT,728,751,749,794,28,19,255,24,LEGACY_MET,glyph_masks/C0074.png,glyph_rois_1x/C0074.png,glyph_rois_8x/C0074.png
C0075,C0075.png,T018,A,LEGEND,|,U+007C,STIXTwoMath-Regular,9.962639808654785,9.6,MATH_OPERATOR_OR_DELIMITER,868,751,880,794,40,8,157,22,LEGACY_MET,glyph_masks/C0075.png,glyph_rois_1x/C0075.png,glyph_rois_8x/C0075.png
C0076,C0076.png,T018,A,LEGEND,𝜌,U+1D70C,STIXTwoMath-Regular,9.962639808654785,9.6,LATIN_GREEK_LOWER,879,751,903,794,29,21,226,17,LEGACY_MET,glyph_masks/C0076.png,glyph_rois_1x/C0076.png,glyph_rois_8x/C0076.png
C0077,C0077.png,T018,A,LEGEND,|,U+007C,STIXTwoMath-Regular,9.962639808654785,9.6,MATH_OPERATOR_OR_DELIMITER,902,751,914,794,40,4,156,22,LEGACY_MET,glyph_masks/C0077.png,glyph_rois_1x/C0077.png,glyph_rois_8x/C0077.png
C0078,C0078.png,T018,A,LEGEND,=,U+003D,STIXTwoMath-Regular,9.962639808654785,9.6,MATH_OPERATOR_OR_DELIMITER,925,751,955,794,12,26,182,22,LEGACY_BELOW,glyph_masks/C0078.png,glyph_rois_1x/C0078.png,glyph_rois_8x/C0078.png
C0079,C0079.png,T018,A,LEGEND,.,U+002E,STIXTwoMath-Regular,9.962639808654785,9.6,LOW_PROFILE_PUNCTUATION,966,751,977,794,6,5,26,,CALIBRATION_ADVISORY,glyph_masks/C0079.png,glyph_rois_1x/C0079.png,glyph_rois_8x/C0079.png
C0080,C0080.png,T018,A,LEGEND,2,U+0032,STIXTwoMath-Regular,9.962639808654785,9.6,LATIN_UPPER_OR_DIGIT,976,751,998,794,27,18,202,24,LEGACY_MET,glyph_masks/C0080.png,glyph_rois_1x/C0080.png,glyph_rois_8x/C0080.png
C0081,C0081.png,T018,A,LEGEND,0,U+0030,STIXTwoMath-Regular,9.962639808654785,9.6,LATIN_UPPER_OR_DIGIT,997,751,1018,794,28,19,255,24,LEGACY_MET,glyph_masks/C0081.png,glyph_rois_1x/C0081.png,glyph_rois_8x/C0081.png
C0082,C0082.png,T019,B,TICK,0,U+0030,STIXTwoText-Regular,9.564140319824219,9.6,LATIN_UPPER_OR_DIGIT,1340,518,1361,559,27,19,229,24,LEGACY_MET,glyph_masks/C0082.png,glyph_rois_1x/C0082.png,glyph_rois_8x/C0082.png
C0083,C0083.png,T020,B,TICK,.,U+002E,STIXTwoText-Regular,9.564140319824219,9.6,LOW_PROFILE_PUNCTUATION,1533,517,1544,558,6,5,25,,CALIBRATION_ADVISORY,glyph_masks/C0083.png,glyph_rois_1x/C0083.png,glyph_rois_8x/C0083.png
C0084,C0084.png,T020,B,TICK,5,U+0035,STIXTwoText-Regular,9.564140319824219,9.6,LATIN_UPPER_OR_DIGIT,1543,517,1564,558,27,16,191,24,LEGACY_MET,glyph_masks/C0084.png,glyph_rois_1x/C0084.png,glyph_rois_8x/C0084.png
C0085,C0085.png,T021,B,TICK,.,U+002E,STIXTwoText-Regular,9.564140319824219,9.6,LOW_PROFILE_PUNCTUATION,1717,518,1728,559,6,5,25,,CALIBRATION_ADVISORY,glyph_masks/C0085.png,glyph_rois_1x/C0085.png,glyph_rois_8x/C0085.png
C0086,C0086.png,T021,B,TICK,9,U+0039,STIXTwoText-Regular,9.564140319824219,9.6,LATIN_UPPER_OR_DIGIT,1727,518,1748,559,27,17,219,24,LEGACY_MET,glyph_masks/C0086.png,glyph_rois_1x/C0086.png,glyph_rois_8x/C0086.png
C0087,C0087.png,T021,B,TICK,9,U+0039,STIXTwoText-Regular,9.564140319824219,9.6,LATIN_UPPER_OR_DIGIT,1747,518,1767,559,27,17,217,24,LEGACY_MET,glyph_masks/C0087.png,glyph_rois_1x/C0087.png,glyph_rois_8x/C0087.png
C0088,C0088.png,T022,B,TICK,0,U+0030,STIXTwoMath-Regular,9.564140319824219,9.6,LATIN_UPPER_OR_DIGIT,1305,463,1326,503,27,18,236,24,LEGACY_MET,glyph_masks/C0088.png,glyph_rois_1x/C0088.png,glyph_rois_8x/C0088.png
C0089,C0089.png,T023,B,TICK,0,U+0030,STIXTwoMath-Regular,9.564140319824219,9.6,LATIN_UPPER_OR_DIGIT,1276,317,1297,357,27,19,229,24,LEGACY_MET,glyph_masks/C0089.png,glyph_rois_1x/C0089.png,glyph_rois_8x/C0089.png
C0090,C0090.png,T023,B,TICK,.,U+002E,STIXTwoMath-Regular,9.564140319824219,9.6,LOW_PROFILE_PUNCTUATION,1296,317,1306,357,6,6,27,,CALIBRATION_ADVISORY,glyph_masks/C0090.png,glyph_rois_1x/C0090.png,glyph_rois_8x/C0090.png
C0091,C0091.png,T023,B,TICK,5,U+0035,STIXTwoMath-Regular,9.564140319824219,9.6,LATIN_UPPER_OR_DIGIT,1305,317,1326,357,27,16,194,24,LEGACY_MET,glyph_masks/C0091.png,glyph_rois_1x/C0091.png,glyph_rois_8x/C0091.png
C0092,C0092.png,T024,B,TICK,1,U+0031,STIXTwoMath-Regular,9.564140319824219,9.6,LATIN_UPPER_OR_DIGIT,1305,171,1326,212,26,14,137,24,LEGACY_MET,glyph_masks/C0092.png,glyph_rois_1x/C0092.png,glyph_rois_8x/C0092.png
C0093,C0093.png,T025,B,POINT_LABEL,(,U+0028,STIXTwoMath-Regular,9.564140319824219,9.6,MATH_OPERATOR_OR_DELIMITER,1559,426,1574,467,38,12,140,22,LEGACY_MET,glyph_masks/C0093.png,glyph_rois_1x/C0093.png,glyph_rois_8x/C0093.png
C0094,C0094.png,T025,B,POINT_LABEL,.,U+002E,STIXTwoMath-Regular,9.564140319824219,9.6,LOW_PROFILE_PUNCTUATION,1573,426,1584,467,6,5,25,,CALIBRATION_ADVISORY,glyph_masks/C0094.png,glyph_rois_1x/C0094.png,glyph_rois_8x/C0094.png
C0095,C0095.png,T025,B,POINT_LABEL,9,U+0039,STIXTwoMath-Regular,9.564140319824219,9.6,LATIN_UPPER_OR_DIGIT,1583,426,1604,467,27,17,219,24,LEGACY_MET,glyph_masks/C0095.png,glyph_rois_1x/C0095.png,glyph_rois_8x/C0095.png
C0096,C0096.png,T025,B,POINT_LABEL,9,U+0039,STIXTwoMath-Regular,9.564140319824219,9.6,LATIN_UPPER_OR_DIGIT,1603,426,1623,467,27,17,217,24,LEGACY_MET,glyph_masks/C0096.png,glyph_rois_1x/C0096.png,glyph_rois_8x/C0096.png
C0097,C0097.png,T025,B,POINT_LABEL,",",U+002C,STIXTwoMath-Regular,9.564140319824219,9.6,LOW_PROFILE_PUNCTUATION,1622,426,1633,467,10,6,42,,CALIBRATION_ADVISORY,glyph_masks/C0097.png,glyph_rois_1x/C0097.png,glyph_rois_8x/C0097.png
C0098,C0098.png,T025,B,POINT_LABEL,.,U+002E,STIXTwoMath-Regular,9.564140319824219,9.6,LOW_PROFILE_PUNCTUATION,1645,426,1656,467,6,6,27,,CALIBRATION_ADVISORY,glyph_masks/C0098.png,glyph_rois_1x/C0098.png,glyph_rois_8x/C0098.png
C0099,C0099.png,T025,B,POINT_LABEL,0,U+0030,STIXTwoMath-Regular,9.564140319824219,9.6,LATIN_UPPER_OR_DIGIT,1655,426,1676,467,27,19,229,24,LEGACY_MET,glyph_masks/C0099.png,glyph_rois_1x/C0099.png,glyph_rois_8x/C0099.png
C0100,C0100.png,T025,B,POINT_LABEL,1,U+0031,STIXTwoMath-Regular,9.564140319824219,9.6,LATIN_UPPER_OR_DIGIT,1675,426,1696,467,26,15,158,24,LEGACY_MET,glyph_masks/C0100.png,glyph_rois_1x/C0100.png,glyph_rois_8x/C0100.png
C0101,C0101.png,T025,B,POINT_LABEL,0,U+0030,STIXTwoMath-Regular,9.564140319824219,9.6,LATIN_UPPER_OR_DIGIT,1695,426,1715,467,27,18,236,24,LEGACY_MET,glyph_masks/C0101.png,glyph_rois_1x/C0101.png,glyph_rois_8x/C0101.png
C0102,C0102.png,T025,B,POINT_LABEL,),U+0029,STIXTwoMath-Regular,9.564140319824219,9.6,MATH_OPERATOR_OR_DELIMITER,1714,426,1729,467,38,12,139,22,LEGACY_MET,glyph_masks/C0102.png,glyph_rois_1x/C0102.png,glyph_rois_8x/C0102.png
C0103,C0103.png,T026,B,ANNOTATION,|,U+007C,STIXTwoMath-Regular,9.564140319824219,9.6,MATH_OPERATOR_OR_DELIMITER,1552,204,1564,245,38,7,116,22,LEGACY_MET,glyph_masks/C0103.png,glyph_rois_1x/C0103.png,glyph_rois_8x/C0103.png
C0104,C0104.png,T026,B,ANNOTATION,𝜌,U+1D70C,STIXTwoMath-Regular,9.564140319824219,9.6,LATIN_GREEK_LOWER,1563,204,1586,245,29,20,206,17,LEGACY_MET,glyph_masks/C0104.png,glyph_rois_1x/C0104.png,glyph_rois_8x/C0104.png
C0105,C0105.png,T026,B,ANNOTATION,|,U+007C,STIXTwoMath-Regular,9.564140319824219,9.6,MATH_OPERATOR_OR_DELIMITER,1585,204,1596,245,38,3,113,22,LEGACY_MET,glyph_masks/C0105.png,glyph_rois_1x/C0105.png,glyph_rois_8x/C0105.png
C0106,C0106.png,T026,B,ANNOTATION,→,U+2192,STIXTwoMath-Regular,9.564140319824219,9.6,MATH_OPERATOR_OR_DELIMITER,1606,204,1645,245,16,33,143,22,LEGACY_BELOW,glyph_masks/C0106.png,glyph_rois_1x/C0106.png,glyph_rois_8x/C0106.png
C0107,C0107.png,T026,B,ANNOTATION,1,U+0031,STIXTwoMath-Regular,9.564140319824219,9.6,LATIN_UPPER_OR_DIGIT,1655,204,1676,245,26,14,137,24,LEGACY_MET,glyph_masks/C0107.png,glyph_rois_1x/C0107.png,glyph_rois_8x/C0107.png
C0108,C0108.png,T026,B,ANNOTATION,−,U+2212,STIXTwoMath-Regular,6.694859981536865,9.6,NATURAL_SCRIPT,1673,198,1696,227,3,19,57,15,LEGACY_BELOW,glyph_masks/C0108.png,glyph_rois_1x/C0108.png,glyph_rois_8x/C0108.png
C0109,C0109.png,T026,B,ANNOTATION,∶,U+2236,STIXTwoMath-Regular,9.564140319824219,9.6,LOW_PROFILE_PUNCTUATION,1708,204,1730,245,23,6,58,,CALIBRATION_ADVISORY,glyph_masks/C0109.png,glyph_rois_1x/C0109.png,glyph_rois_8x/C0109.png
C0110,C0110.png,T026,B,ANNOTATION,𝑁,U+1D441,STIXTwoMath-Regular,9.564140319824219,9.6,MATH_OR_OTHER,1543,251,1572,292,28,29,294,22,LEGACY_MET,glyph_masks/C0110.png,glyph_rois_1x/C0110.png,glyph_rois_8x/C0110.png
C0111,C0111.png,T026,B,ANNOTATION,e,U+0065,STIXTwoText-Regular,6.694859981536865,9.6,NATURAL_SCRIPT,1571,269,1585,298,15,12,97,15,LEGACY_MET,glyph_masks/C0111.png,glyph_rois_1x/C0111.png,glyph_rois_8x/C0111.png
C0112,C0112.png,T026,B,ANNOTATION,f,U+0066,STIXTwoText-Regular,6.694859981536865,9.6,NATURAL_SCRIPT,1584,269,1594,298,20,8,79,15,LEGACY_MET,glyph_masks/C0112.png,glyph_rois_1x/C0112.png,glyph_rois_8x/C0112.png
C0113,C0113.png,T026,B,ANNOTATION,f,U+0066,STIXTwoText-Regular,6.694859981536865,9.6,NATURAL_SCRIPT,1593,269,1602,298,20,9,98,15,LEGACY_MET,glyph_masks/C0113.png,glyph_rois_1x/C0113.png,glyph_rois_8x/C0113.png
C0114,C0114.png,T026,B,ANNOTATION,/,U+002F,STIXTwoMath-Regular,9.564140319824219,9.6,MATH_OPERATOR_OR_DELIMITER,1603,251,1619,292,33,16,106,22,LEGACY_MET,glyph_masks/C0114.png,glyph_rois_1x/C0114.png,glyph_rois_8x/C0114.png
C0115,C0115.png,T026,B,ANNOTATION,𝑁,U+1D441,STIXTwoMath-Regular,9.564140319824219,9.6,MATH_OR_OTHER,1618,251,1648,292,28,29,294,22,LEGACY_MET,glyph_masks/C0115.png,glyph_rois_1x/C0115.png,glyph_rois_8x/C0115.png
C0116,C0116.png,T026,B,ANNOTATION,→,U+2192,STIXTwoMath-Regular,9.564140319824219,9.6,MATH_OPERATOR_OR_DELIMITER,1660,251,1699,292,16,33,143,22,LEGACY_BELOW,glyph_masks/C0116.png,glyph_rois_1x/C0116.png,glyph_rois_8x/C0116.png
C0117,C0117.png,T026,B,ANNOTATION,0,U+0030,STIXTwoMath-Regular,9.564140319824219,9.6,LATIN_UPPER_OR_DIGIT,1709,251,1730,292,27,19,229,24,LEGACY_MET,glyph_masks/C0117.png,glyph_rois_1x/C0117.png,glyph_rois_8x/C0117.png
C0118,C0118.png,T027,B,FORMULA_AXIS_LABEL,|,U+007C,STIXTwoMath-Regular,9.763389587402344,9.8,MATH_OPERATOR_OR_DELIMITER,1524,578,1536,619,38,8,157,22,LEGACY_MET,glyph_masks/C0118.png,glyph_rois_1x/C0118.png,glyph_rois_8x/C0118.png
C0119,C0119.png,T027,B,FORMULA_AXIS_LABEL,𝜌,U+1D70C,STIXTwoMath-Regular,9.763389587402344,9.8,LATIN_GREEK_LOWER,1535,578,1558,619,29,20,209,17,LEGACY_MET,glyph_masks/C0119.png,glyph_rois_1x/C0119.png,glyph_rois_8x/C0119.png
C0120,C0120.png,T027,B,FORMULA_AXIS_LABEL,|,U+007C,STIXTwoMath-Regular,9.763389587402344,9.8,MATH_OPERATOR_OR_DELIMITER,1557,578,1569,619,38,4,151,22,LEGACY_MET,glyph_masks/C0120.png,glyph_rois_1x/C0120.png,glyph_rois_8x/C0120.png
C0121,C0121.png,T028,B,FORMULA_AXIS_LABEL,𝑁,U+1D441,STIXTwoMath-Regular,9.763389587402344,9.8,MATH_OR_OTHER,1205,369,1247,399,30,28,296,22,LEGACY_MET,glyph_masks/C0121.png,glyph_rois_1x/C0121.png,glyph_rois_8x/C0121.png
C0122,C0122.png,T028,B,FORMULA_AXIS_LABEL,e,U+0065,STIXTwoText-Regular,6.8343400955200195,9.8,NATURAL_SCRIPT,1223,355,1252,370,12,15,99,15,LEGACY_BELOW,glyph_masks/C0122.png,glyph_rois_1x/C0122.png,glyph_rois_8x/C0122.png
C0123,C0123.png,T028,B,FORMULA_AXIS_LABEL,f,U+0066,STIXTwoText-Regular,6.8343400955200195,9.8,NATURAL_SCRIPT,1223,347,1252,356,9,21,96,15,LEGACY_BELOW,glyph_masks/C0123.png,glyph_rois_1x/C0123.png,glyph_rois_8x/C0123.png
C0124,C0124.png,T028,B,FORMULA_AXIS_LABEL,f,U+0066,STIXTwoText-Regular,6.8343400955200195,9.8,NATURAL_SCRIPT,1223,338,1252,348,9,21,102,15,LEGACY_BELOW,glyph_masks/C0124.png,glyph_rois_1x/C0124.png,glyph_rois_8x/C0124.png
C0125,C0125.png,T028,B,FORMULA_AXIS_LABEL,/,U+002F,STIXTwoMath-Regular,9.763389587402344,9.8,MATH_OPERATOR_OR_DELIMITER,1205,320,1247,337,17,33,111,22,LEGACY_BELOW,glyph_masks/C0125.png,glyph_rois_1x/C0125.png,glyph_rois_8x/C0125.png
C0126,C0126.png,T028,B,FORMULA_AXIS_LABEL,𝑁,U+1D441,STIXTwoMath-Regular,9.763389587402344,9.8,MATH_OR_OTHER,1205,291,1247,321,29,28,294,22,LEGACY_MET,glyph_masks/C0126.png,glyph_rois_1x/C0126.png,glyph_rois_8x/C0126.png
C0127,C0127.png,T029,B,PANEL_TITLE,(,U+0028,STIXTwoText-Regular,9.564140319824219,9.6,MATH_OPERATOR_OR_DELIMITER,1385,33,1400,74,37,13,141,22,LEGACY_MET,glyph_masks/C0127.png,glyph_rois_1x/C0127.png,glyph_rois_8x/C0127.png
C0128,C0128.png,T029,B,PANEL_TITLE,b,U+0062,STIXTwoText-Regular,9.564140319824219,9.6,LATIN_GREEK_LOWER,1399,33,1421,74,30,19,240,17,LEGACY_MET,glyph_masks/C0128.png,glyph_rois_1x/C0128.png,glyph_rois_8x/C0128.png
C0129,C0129.png,T029,B,PANEL_TITLE,),U+0029,STIXTwoText-Regular,9.564140319824219,9.6,MATH_OPERATOR_OR_DELIMITER,1420,33,1435,74,37,12,138,22,LEGACY_MET,glyph_masks/C0129.png,glyph_rois_1x/C0129.png,glyph_rois_8x/C0129.png
C0130,C0130.png,T029,B,PANEL_TITLE,渐,U+6E10,NotoSerifSC-ExtraLight,9.564140319824219,9.6,CJK_FULL,1443,31,1484,75,36,39,522,30,LEGACY_MET,glyph_masks/C0130.png,glyph_rois_1x/C0130.png,glyph_rois_8x/C0130.png
C0131,C0131.png,T029,B,PANEL_TITLE,近,U+8FD1,NotoSerifSC-ExtraLight,9.564140319824219,9.6,CJK_FULL,1483,31,1524,75,36,37,398,30,LEGACY_MET,glyph_masks/C0131.png,glyph_rois_1x/C0131.png,glyph_rois_8x/C0131.png
C0132,C0132.png,T029,B,PANEL_TITLE,E,U+0045,STIXTwoText-Regular,9.564140319824219,9.6,LATIN_UPPER_OR_DIGIT,1532,33,1558,74,27,23,290,24,LEGACY_MET,glyph_masks/C0132.png,glyph_rois_1x/C0132.png,glyph_rois_8x/C0132.png
C0133,C0133.png,T029,B,PANEL_TITLE,S,U+0053,STIXTwoText-Regular,9.564140319824219,9.6,LATIN_UPPER_OR_DIGIT,1557,33,1578,74,28,19,238,24,LEGACY_MET,glyph_masks/C0133.png,glyph_rois_1x/C0133.png,glyph_rois_8x/C0133.png
C0134,C0134.png,T029,B,PANEL_TITLE,S,U+0053,STIXTwoText-Regular,9.564140319824219,9.6,LATIN_UPPER_OR_DIGIT,1577,33,1598,74,28,19,238,24,LEGACY_MET,glyph_masks/C0134.png,glyph_rois_1x/C0134.png,glyph_rois_8x/C0134.png
C0135,C0135.png,T029,B,PANEL_TITLE,比,U+6BD4,NotoSerifSC-ExtraLight,9.564140319824219,9.6,CJK_FULL,1607,31,1647,75,35,33,323,30,LEGACY_MET,glyph_masks/C0135.png,glyph_rois_1x/C0135.png,glyph_rois_8x/C0135.png
C0136,C0136.png,T029,B,PANEL_TITLE,例,U+4F8B,NotoSerifSC-ExtraLight,9.564140319824219,9.6,CJK_FULL,1646,31,1687,75,36,37,426,30,LEGACY_MET,glyph_masks/C0136.png,glyph_rois_1x/C0136.png,glyph_rois_8x/C0136.png
C0137,C0137.png,T029,B,PANEL_TITLE,：,U+FF1A,NotoSerifSC-ExtraLight,9.564140319824219,9.6,LOW_PROFILE_PUNCTUATION,1686,31,1727,75,21,5,36,,CALIBRATION_ADVISORY,glyph_masks/C0137.png,glyph_rois_1x/C0137.png,glyph_rois_8x/C0137.png
C0138,C0138.png,T030,B,FORMULA_TITLE,1,U+0031,STIXTwoMath-Regular,6.694859981536865,9.6,NATURAL_SCRIPT,1511,73,1528,102,20,11,102,15,LEGACY_MET,glyph_masks/C0138.png,glyph_rois_1x/C0138.png,glyph_rois_8x/C0138.png
C0139,C0139.png,T030,B,FORMULA_TITLE,−,U+2212,STIXTwoMath-Regular,6.694859981536865,9.6,NATURAL_SCRIPT,1527,73,1550,102,3,18,54,15,LEGACY_BELOW,glyph_masks/C0139.png,glyph_rois_1x/C0139.png,glyph_rois_8x/C0139.png
C0140,C0140.png,T030,B,FORMULA_TITLE,𝜌,U+1D70C,STIXTwoMath-Regular,6.694859981536865,9.6,NATURAL_SCRIPT,1549,73,1569,102,23,18,158,15,LEGACY_MET,glyph_masks/C0140.png,glyph_rois_1x/C0140.png,glyph_rois_8x/C0140.png
C0141,C0141.png,T030,B,FORMULA_TITLE,2,U+0032,STIXTwoMath-Regular,4.782070159912109,9.6,NATURAL_SCRIPT,1568,69,1580,90,14,10,67,15,LEGACY_BELOW,glyph_masks/C0141.png,glyph_rois_1x/C0141.png,glyph_rois_8x/C0141.png
C0142,C0142.png,T031,B,FORMULA_TITLE,1,U+0031,STIXTwoMath-Regular,6.694859981536865,9.6,NATURAL_SCRIPT,1511,120,1528,149,20,11,102,15,LEGACY_MET,glyph_masks/C0142.png,glyph_rois_1x/C0142.png,glyph_rois_8x/C0142.png
C0143,C0143.png,T031,B,FORMULA_TITLE,+,U+002B,STIXTwoMath-Regular,6.694859981536865,9.6,NATURAL_SCRIPT,1527,120,1550,149,19,18,116,15,LEGACY_MET,glyph_masks/C0143.png,glyph_rois_1x/C0143.png,glyph_rois_8x/C0143.png
C0144,C0144.png,T031,B,FORMULA_TITLE,𝜌,U+1D70C,STIXTwoMath-Regular,6.694859981536865,9.6,NATURAL_SCRIPT,1549,120,1569,149,23,18,158,15,LEGACY_MET,glyph_masks/C0144.png,glyph_rois_1x/C0144.png,glyph_rois_8x/C0144.png
C0145,C0145.png,T031,B,FORMULA_TITLE,2,U+0032,STIXTwoMath-Regular,4.782070159912109,9.6,NATURAL_SCRIPT,1568,119,1580,140,14,10,67,15,LEGACY_BELOW,glyph_masks/C0145.png,glyph_rois_1x/C0145.png,glyph_rois_8x/C0145.png
C0146,C0146.png,T032,CAPTION,CAPTION,图,U+56FE,NotoSansSC-Bold,9.962639808654785,9.96,CJK_FULL,10,822,52,883,38,36,1104,30,LEGACY_MET,glyph_masks/C0146.png,glyph_rois_1x/C0146.png,glyph_rois_8x/C0146.png
C0147,C0147.png,T032,CAPTION,CAPTION,3,U+0033,STIXTwoText-Bold,9.997447967529297,9.96,LATIN_UPPER_OR_DIGIT,61,838,83,881,28,18,261,24,LEGACY_MET,glyph_masks/C0147.png,glyph_rois_1x/C0147.png,glyph_rois_8x/C0147.png
C0148,C0148.png,T032,CAPTION,CAPTION,3,U+0033,STIXTwoText-Bold,9.997447967529297,9.96,LATIN_UPPER_OR_DIGIT,82,838,104,881,28,18,261,24,LEGACY_MET,glyph_masks/C0148.png,glyph_rois_1x/C0148.png,glyph_rois_8x/C0148.png
C0149,C0149.png,T032,CAPTION,CAPTION,.,U+002E,STIXTwoText-Bold,9.997447967529297,9.96,LOW_PROFILE_PUNCTUATION,103,838,115,881,7,7,41,,CALIBRATION_ADVISORY,glyph_masks/C0149.png,glyph_rois_1x/C0149.png,glyph_rois_8x/C0149.png
C0150,C0150.png,T032,CAPTION,CAPTION,7,U+0037,STIXTwoText-Bold,9.997447967529297,9.96,LATIN_UPPER_OR_DIGIT,114,838,136,881,28,20,230,24,LEGACY_MET,glyph_masks/C0150.png,glyph_rois_1x/C0150.png,glyph_rois_8x/C0150.png
C0151,C0151.png,T032,CAPTION,CAPTION,二,U+4E8C,NotoSerifSC-ExtraLight,9.962639808654785,9.96,CJK_FULL,176,837,219,882,28,38,155,30,LEGACY_BELOW,glyph_masks/C0151.png,glyph_rois_1x/C0151.png,glyph_rois_8x/C0151.png
C0152,C0152.png,T032,CAPTION,CAPTION,元,U+5143,NotoSerifSC-ExtraLight,9.962639808654785,9.96,CJK_FULL,218,837,260,882,37,39,341,30,LEGACY_MET,glyph_masks/C0152.png,glyph_rois_1x/C0152.png,glyph_rois_8x/C0152.png
C0153,C0153.png,T032,CAPTION,CAPTION,正,U+6B63,NotoSerifSC-ExtraLight,9.962639808654785,9.96,CJK_FULL,259,837,302,882,35,38,346,30,LEGACY_MET,glyph_masks/C0153.png,glyph_rois_1x/C0153.png,glyph_rois_8x/C0153.png
C0154,C0154.png,T032,CAPTION,CAPTION,态,U+6001,NotoSerifSC-ExtraLight,9.962639808654785,9.96,CJK_FULL,301,837,343,882,36,39,398,30,LEGACY_MET,glyph_masks/C0154.png,glyph_rois_1x/C0154.png,glyph_rois_8x/C0154.png
C0155,C0155.png,T032,CAPTION,CAPTION,系,U+7CFB,NotoSerifSC-ExtraLight,9.962639808654785,9.96,CJK_FULL,342,837,385,882,37,36,434,30,LEGACY_MET,glyph_masks/C0155.png,glyph_rois_1x/C0155.png,glyph_rois_8x/C0155.png
C0156,C0156.png,T032,CAPTION,CAPTION,统,U+7EDF,NotoSerifSC-ExtraLight,9.962639808654785,9.96,CJK_FULL,384,837,426,882,37,39,509,30,LEGACY_MET,glyph_masks/C0156.png,glyph_rois_1x/C0156.png,glyph_rois_8x/C0156.png
C0157,C0157.png,T032,CAPTION,CAPTION,G,U+0047,STIXTwoText-Regular,9.997447967529297,9.96,LATIN_UPPER_OR_DIGIT,436,838,467,881,29,27,297,24,LEGACY_MET,glyph_masks/C0157.png,glyph_rois_1x/C0157.png,glyph_rois_8x/C0157.png
C0158,C0158.png,T032,CAPTION,CAPTION,i,U+0069,STIXTwoText-Regular,9.997447967529297,9.96,LATIN_GREEK_LOWER,466,838,479,881,28,12,140,17,LEGACY_MET,glyph_masks/C0158.png,glyph_rois_1x/C0158.png,glyph_rois_8x/C0158.png
C0159,C0159.png,T032,CAPTION,CAPTION,b,U+0062,STIXTwoText-Regular,9.997447967529297,9.96,LATIN_GREEK_LOWER,478,838,501,881,31,20,254,17,LEGACY_MET,glyph_masks/C0159.png,glyph_rois_1x/C0159.png,glyph_rois_8x/C0159.png
C0160,C0160.png,T032,CAPTION,CAPTION,b,U+0062,STIXTwoText-Regular,9.997447967529297,9.96,LATIN_GREEK_LOWER,500,838,522,881,31,21,256,17,LEGACY_MET,glyph_masks/C0160.png,glyph_rois_1x/C0160.png,glyph_rois_8x/C0160.png
C0161,C0161.png,T032,CAPTION,CAPTION,s,U+0073,STIXTwoText-Regular,9.997447967529297,9.96,LATIN_GREEK_LOWER,521,838,539,881,22,15,176,17,LEGACY_MET,glyph_masks/C0161.png,glyph_rois_1x/C0161.png,glyph_rois_8x/C0161.png
C0162,C0162.png,T032,CAPTION,CAPTION,的,U+7684,NotoSerifSC-ExtraLight,9.962639808654785,9.96,CJK_FULL,548,837,591,882,37,36,426,30,LEGACY_MET,glyph_masks/C0162.png,glyph_rois_1x/C0162.png,glyph_rois_8x/C0162.png
C0163,C0163.png,T032,CAPTION,CAPTION,轮,U+8F6E,NotoSerifSC-ExtraLight,9.962639808654785,9.96,CJK_FULL,590,837,632,882,37,39,436,30,LEGACY_MET,glyph_masks/C0163.png,glyph_rois_1x/C0163.png,glyph_rois_8x/C0163.png
C0164,C0164.png,T032,CAPTION,CAPTION,末,U+672B,NotoSerifSC-ExtraLight,9.962639808654785,9.96,CJK_FULL,631,837,674,882,37,39,367,30,LEGACY_MET,glyph_masks/C0164.png,glyph_rois_1x/C0164.png,glyph_rois_8x/C0164.png
C0165,C0165.png,T032,CAPTION,CAPTION,解,U+89E3,NotoSerifSC-ExtraLight,9.962639808654785,9.96,CJK_FULL,673,837,715,882,37,39,633,30,LEGACY_MET,glyph_masks/C0165.png,glyph_rois_1x/C0165.png,glyph_rois_8x/C0165.png
C0166,C0166.png,T032,CAPTION,CAPTION,析,U+6790,NotoSerifSC-ExtraLight,9.962639808654785,9.96,CJK_FULL,714,837,757,882,37,39,420,30,LEGACY_MET,glyph_masks/C0166.png,glyph_rois_1x/C0166.png,glyph_rois_8x/C0166.png
C0167,C0167.png,T032,CAPTION,CAPTION,自,U+81EA,NotoSerifSC-ExtraLight,9.962639808654785,9.96,CJK_FULL,756,837,798,882,37,27,343,30,LEGACY_MET,glyph_masks/C0167.png,glyph_rois_1x/C0167.png,glyph_rois_8x/C0167.png
C0168,C0168.png,T032,CAPTION,CAPTION,相,U+76F8,NotoSerifSC-ExtraLight,9.962639808654785,9.96,CJK_FULL,797,837,840,882,37,38,537,30,LEGACY_MET,glyph_masks/C0168.png,glyph_rois_1x/C0168.png,glyph_rois_8x/C0168.png
C0169,C0169.png,T032,CAPTION,CAPTION,关,U+5173,NotoSerifSC-ExtraLight,9.962639808654785,9.96,CJK_FULL,839,837,881,882,37,39,370,30,LEGACY_MET,glyph_masks/C0169.png,glyph_rois_1x/C0169.png,glyph_rois_8x/C0169.png
C0170,C0170.png,T032,CAPTION,CAPTION,为,U+4E3A,NotoSerifSC-ExtraLight,9.962639808654785,9.96,CJK_FULL,880,837,923,882,37,37,323,30,LEGACY_MET,glyph_masks/C0170.png,glyph_rois_1x/C0170.png,glyph_rois_8x/C0170.png
C0171,C0171.png,T032,CAPTION,CAPTION,𝜌,U+1D70C,STIXTwoMath-Regular,9.962639808654785,9.96,LATIN_GREEK_LOWER,932,838,956,881,29,21,220,17,LEGACY_MET,glyph_masks/C0171.png,glyph_rois_1x/C0171.png,glyph_rois_8x/C0171.png
C0172,C0172.png,T032,CAPTION,CAPTION,2,U+0032,STIXTwoMath-Regular,8.96638011932373,9.96,LATIN_UPPER_OR_DIGIT,955,827,976,865,25,17,193,24,LEGACY_MET,glyph_masks/C0172.png,glyph_rois_1x/C0172.png,glyph_rois_8x/C0172.png
C0173,C0173.png,T032,CAPTION,CAPTION,𝑘,U+1D458,STIXTwoMath-Regular,8.96638011932373,9.96,LATIN_GREEK_LOWER,975,827,999,865,29,21,247,17,LEGACY_MET,glyph_masks/C0173.png,glyph_rois_1x/C0173.png,glyph_rois_8x/C0173.png
C0174,C0174.png,T032,CAPTION,CAPTION,，,U+FF0C,NotoSerifSC-ExtraLight,9.962639808654785,9.96,LOW_PROFILE_PUNCTUATION,999,837,1042,882,13,6,46,,CALIBRATION_ADVISORY,glyph_masks/C0174.png,glyph_rois_1x/C0174.png,glyph_rois_8x/C0174.png
C0175,C0175.png,T032,CAPTION,CAPTION,渐,U+6E10,NotoSerifSC-ExtraLight,9.962639808654785,9.96,CJK_FULL,1041,837,1083,882,37,40,530,30,LEGACY_MET,glyph_masks/C0175.png,glyph_rois_1x/C0175.png,glyph_rois_8x/C0175.png
C0176,C0176.png,T032,CAPTION,CAPTION,近,U+8FD1,NotoSerifSC-ExtraLight,9.962639808654785,9.96,CJK_FULL,1082,837,1125,882,37,39,418,30,LEGACY_MET,glyph_masks/C0176.png,glyph_rois_1x/C0176.png,glyph_rois_8x/C0176.png
C0177,C0177.png,T032,CAPTION,CAPTION,有,U+6709,NotoSerifSC-ExtraLight,9.962639808654785,9.96,CJK_FULL,1124,837,1166,882,37,38,361,30,LEGACY_MET,glyph_masks/C0177.png,glyph_rois_1x/C0177.png,glyph_rois_8x/C0177.png
C0178,C0178.png,T032,CAPTION,CAPTION,效,U+6548,NotoSerifSC-ExtraLight,9.962639808654785,9.96,CJK_FULL,1165,837,1208,882,37,39,461,30,LEGACY_MET,glyph_masks/C0178.png,glyph_rois_1x/C0178.png,glyph_rois_8x/C0178.png
C0179,C0179.png,T032,CAPTION,CAPTION,样,U+6837,NotoSerifSC-ExtraLight,9.962639808654785,9.96,CJK_FULL,1207,837,1249,882,37,40,469,30,LEGACY_MET,glyph_masks/C0179.png,glyph_rois_1x/C0179.png,glyph_rois_8x/C0179.png
C0180,C0180.png,T032,CAPTION,CAPTION,本,U+672C,NotoSerifSC-ExtraLight,9.962639808654785,9.96,CJK_FULL,1248,837,1291,882,37,38,372,30,LEGACY_MET,glyph_masks/C0180.png,glyph_rois_1x/C0180.png,glyph_rois_8x/C0180.png
C0181,C0181.png,T032,CAPTION,CAPTION,比,U+6BD4,NotoSerifSC-ExtraLight,9.962639808654785,9.96,CJK_FULL,1290,837,1332,882,37,35,339,30,LEGACY_MET,glyph_masks/C0181.png,glyph_rois_1x/C0181.png,glyph_rois_8x/C0181.png
C0182,C0182.png,T032,CAPTION,CAPTION,例,U+4F8B,NotoSerifSC-ExtraLight,9.962639808654785,9.96,CJK_FULL,1331,837,1374,882,37,38,482,30,LEGACY_MET,glyph_masks/C0182.png,glyph_rois_1x/C0182.png,glyph_rois_8x/C0182.png
C0183,C0183.png,T032,CAPTION,CAPTION,为,U+4E3A,NotoSerifSC-ExtraLight,9.962639808654785,9.96,CJK_FULL,1373,837,1415,882,37,38,326,30,LEGACY_MET,glyph_masks/C0183.png,glyph_rois_1x/C0183.png,glyph_rois_8x/C0183.png
C0184,C0184.png,T032,CAPTION,CAPTION,(,U+0028,STIXTwoMath-Regular,9.962639808654785,9.96,MATH_OPERATOR_OR_DELIMITER,1425,838,1440,881,39,13,149,22,LEGACY_MET,glyph_masks/C0184.png,glyph_rois_1x/C0184.png,glyph_rois_8x/C0184.png
C0185,C0185.png,T032,CAPTION,CAPTION,1,U+0031,STIXTwoMath-Regular,9.962639808654785,9.96,LATIN_UPPER_OR_DIGIT,1439,838,1461,881,27,15,165,24,LEGACY_MET,glyph_masks/C0185.png,glyph_rois_1x/C0185.png,glyph_rois_8x/C0185.png
C0186,C0186.png,T032,CAPTION,CAPTION,−,U+2212,STIXTwoMath-Regular,9.962639808654785,9.96,MATH_OPERATOR_OR_DELIMITER,1469,838,1500,881,4,25,100,22,LEGACY_BELOW,glyph_masks/C0186.png,glyph_rois_1x/C0186.png,glyph_rois_8x/C0186.png
C0187,C0187.png,T032,CAPTION,CAPTION,𝜌,U+1D70C,STIXTwoMath-Regular,9.962639808654785,9.96,LATIN_GREEK_LOWER,1508,838,1532,881,29,22,227,17,LEGACY_MET,glyph_masks/C0187.png,glyph_rois_1x/C0187.png,glyph_rois_8x/C0187.png
C0188,C0188.png,T032,CAPTION,CAPTION,2,U+0032,STIXTwoMath-Regular,8.96638011932373,9.96,LATIN_UPPER_OR_DIGIT,1531,827,1552,865,25,17,193,24,LEGACY_MET,glyph_masks/C0188.png,glyph_rois_1x/C0188.png,glyph_rois_8x/C0188.png
C0189,C0189.png,T032,CAPTION,CAPTION,),U+0029,STIXTwoMath-Regular,9.962639808654785,9.96,MATH_OPERATOR_OR_DELIMITER,1552,838,1568,881,39,12,146,22,LEGACY_MET,glyph_masks/C0189.png,glyph_rois_1x/C0189.png,glyph_rois_8x/C0189.png
C0190,C0190.png,T032,CAPTION,CAPTION,/,U+002F,STIXTwoMath-Regular,9.962639808654785,9.96,MATH_OPERATOR_OR_DELIMITER,1567,838,1584,881,34,13,108,22,LEGACY_MET,glyph_masks/C0190.png,glyph_rois_1x/C0190.png,glyph_rois_8x/C0190.png
C0191,C0191.png,T032,CAPTION,CAPTION,(,U+0028,STIXTwoMath-Regular,9.962639808654785,9.96,MATH_OPERATOR_OR_DELIMITER,1583,838,1599,881,39,12,148,22,LEGACY_MET,glyph_masks/C0191.png,glyph_rois_1x/C0191.png,glyph_rois_8x/C0191.png
C0192,C0192.png,T032,CAPTION,CAPTION,1,U+0031,STIXTwoMath-Regular,9.962639808654785,9.96,LATIN_UPPER_OR_DIGIT,1598,838,1619,881,27,16,145,24,LEGACY_MET,glyph_masks/C0192.png,glyph_rois_1x/C0192.png,glyph_rois_8x/C0192.png
C0193,C0193.png,T032,CAPTION,CAPTION,+,U+002B,STIXTwoMath-Regular,9.962639808654785,9.96,MATH_OPERATOR_OR_DELIMITER,1628,838,1659,881,26,26,188,22,LEGACY_MET,glyph_masks/C0193.png,glyph_rois_1x/C0193.png,glyph_rois_8x/C0193.png
C0194,C0194.png,T032,CAPTION,CAPTION,𝜌,U+1D70C,STIXTwoMath-Regular,9.962639808654785,9.96,LATIN_GREEK_LOWER,1667,838,1691,881,29,21,220,17,LEGACY_MET,glyph_masks/C0194.png,glyph_rois_1x/C0194.png,glyph_rois_8x/C0194.png
C0195,C0195.png,T032,CAPTION,CAPTION,2,U+0032,STIXTwoMath-Regular,8.96638011932373,9.96,LATIN_UPPER_OR_DIGIT,1690,827,1710,865,25,18,185,24,LEGACY_MET,glyph_masks/C0195.png,glyph_rois_1x/C0195.png,glyph_rois_8x/C0195.png
C0196,C0196.png,T032,CAPTION,CAPTION,),U+0029,STIXTwoMath-Regular,9.962639808654785,9.96,MATH_OPERATOR_OR_DELIMITER,1711,838,1727,881,39,12,146,22,LEGACY_MET,glyph_masks/C0196.png,glyph_rois_1x/C0196.png,glyph_rois_8x/C0196.png
C0197,C0197.png,T032,CAPTION,CAPTION,；,U+FF1B,NotoSerifSC-ExtraLight,9.962639808654785,9.96,LOW_PROFILE_PUNCTUATION,1726,837,1768,882,28,7,56,,CALIBRATION_ADVISORY,glyph_masks/C0197.png,glyph_rois_1x/C0197.png,glyph_rois_8x/C0197.png
C0198,C0198.png,T032,CAPTION,CAPTION,当,U+5F53,NotoSerifSC-ExtraLight,9.962639808654785,9.96,CJK_FULL,1767,837,1810,882,37,33,351,30,LEGACY_MET,glyph_masks/C0198.png,glyph_rois_1x/C0198.png,glyph_rois_8x/C0198.png
C0199,C0199.png,T032,CAPTION,CAPTION,|,U+007C,STIXTwoMath-Regular,9.962639808654785,9.96,MATH_OPERATOR_OR_DELIMITER,10,894,22,937,40,8,159,22,LEGACY_MET,glyph_masks/C0199.png,glyph_rois_1x/C0199.png,glyph_rois_8x/C0199.png
C0200,C0200.png,T032,CAPTION,CAPTION,𝜌,U+1D70C,STIXTwoMath-Regular,9.962639808654785,9.96,LATIN_GREEK_LOWER,21,894,45,937,29,20,217,17,LEGACY_MET,glyph_masks/C0200.png,glyph_rois_1x/C0200.png,glyph_rois_8x/C0200.png
C0201,C0201.png,T032,CAPTION,CAPTION,|,U+007C,STIXTwoMath-Regular,9.962639808654785,9.96,MATH_OPERATOR_OR_DELIMITER,44,894,56,937,40,4,156,22,LEGACY_MET,glyph_masks/C0201.png,glyph_rois_1x/C0201.png,glyph_rois_8x/C0201.png
C0202,C0202.png,T032,CAPTION,CAPTION,接,U+63A5,NotoSerifSC-ExtraLight,9.962639808654785,9.96,CJK_FULL,65,893,108,938,37,39,534,30,LEGACY_MET,glyph_masks/C0202.png,glyph_rois_1x/C0202.png,glyph_rois_8x/C0202.png
C0203,C0203.png,T032,CAPTION,CAPTION,近,U+8FD1,NotoSerifSC-ExtraLight,9.962639808654785,9.96,CJK_FULL,107,893,149,938,36,38,387,30,LEGACY_MET,glyph_masks/C0203.png,glyph_rois_1x/C0203.png,glyph_rois_8x/C0203.png
C0204,C0204.png,T032,CAPTION,CAPTION,1,U+0031,STIXTwoText-Regular,9.962639808654785,9.96,LATIN_UPPER_OR_DIGIT,159,894,180,937,27,15,165,24,LEGACY_MET,glyph_masks/C0204.png,glyph_rois_1x/C0204.png,glyph_rois_8x/C0204.png
C0205,C0205.png,T032,CAPTION,CAPTION,时,U+65F6,NotoSerifSC-ExtraLight,9.962639808654785,9.96,CJK_FULL,190,893,232,938,36,37,424,30,LEGACY_MET,glyph_masks/C0205.png,glyph_rois_1x/C0205.png,glyph_rois_8x/C0205.png
C0206,C0206.png,T032,CAPTION,CAPTION,相,U+76F8,NotoSerifSC-ExtraLight,9.962639808654785,9.96,CJK_FULL,231,893,274,938,36,38,466,30,LEGACY_MET,glyph_masks/C0206.png,glyph_rois_1x/C0206.png,glyph_rois_8x/C0206.png
C0207,C0207.png,T032,CAPTION,CAPTION,关,U+5173,NotoSerifSC-ExtraLight,9.962639808654785,9.96,CJK_FULL,273,893,315,938,36,39,378,30,LEGACY_MET,glyph_masks/C0207.png,glyph_rois_1x/C0207.png,glyph_rois_8x/C0207.png
C0208,C0208.png,T032,CAPTION,CAPTION,性,U+6027,NotoSerifSC-ExtraLight,9.962639808654785,9.96,CJK_FULL,314,893,357,938,36,39,418,30,LEGACY_MET,glyph_masks/C0208.png,glyph_rois_1x/C0208.png,glyph_rois_8x/C0208.png
C0209,C0209.png,T032,CAPTION,CAPTION,衰,U+8870,NotoSerifSC-ExtraLight,9.962639808654785,9.96,CJK_FULL,356,893,398,938,36,38,543,30,LEGACY_MET,glyph_masks/C0209.png,glyph_rois_1x/C0209.png,glyph_rois_8x/C0209.png
C0210,C0210.png,T032,CAPTION,CAPTION,减,U+51CF,NotoSerifSC-ExtraLight,9.962639808654785,9.96,CJK_FULL,397,893,440,938,36,38,552,30,LEGACY_MET,glyph_masks/C0210.png,glyph_rois_1x/C0210.png,glyph_rois_8x/C0210.png
C0211,C0211.png,T032,CAPTION,CAPTION,缓,U+7F13,NotoSerifSC-ExtraLight,9.962639808654785,9.96,CJK_FULL,439,893,481,938,36,38,572,30,LEGACY_MET,glyph_masks/C0211.png,glyph_rois_1x/C0211.png,glyph_rois_8x/C0211.png
C0212,C0212.png,T032,CAPTION,CAPTION,慢,U+6162,NotoSerifSC-ExtraLight,9.962639808654785,9.96,CJK_FULL,480,893,523,938,36,39,543,30,LEGACY_MET,glyph_masks/C0212.png,glyph_rois_1x/C0212.png,glyph_rois_8x/C0212.png
C0213,C0213.png,T032,CAPTION,CAPTION,，,U+FF0C,NotoSerifSC-ExtraLight,9.962639808654785,9.96,LOW_PROFILE_PUNCTUATION,522,893,564,938,13,7,47,,CALIBRATION_ADVISORY,glyph_masks/C0213.png,glyph_rois_1x/C0213.png,glyph_rois_8x/C0213.png
C0214,C0214.png,T032,CAPTION,CAPTION,即,U+5373,NotoSerifSC-ExtraLight,9.962639808654785,9.96,CJK_FULL,563,893,606,938,37,35,475,30,LEGACY_MET,glyph_masks/C0214.png,glyph_rois_1x/C0214.png,glyph_rois_8x/C0214.png
C0215,C0215.png,T032,CAPTION,CAPTION,使,U+4F7F,NotoSerifSC-ExtraLight,9.962639808654785,9.96,CJK_FULL,605,893,647,938,36,38,486,30,LEGACY_MET,glyph_masks/C0215.png,glyph_rois_1x/C0215.png,glyph_rois_8x/C0215.png
C0216,C0216.png,T032,CAPTION,CAPTION,内,U+5185,NotoSerifSC-ExtraLight,9.962639808654785,9.96,CJK_FULL,646,893,689,938,36,34,364,30,LEGACY_MET,glyph_masks/C0216.png,glyph_rois_1x/C0216.png,glyph_rois_8x/C0216.png
C0217,C0217.png,T032,CAPTION,CAPTION,核,U+6838,NotoSerifSC-ExtraLight,9.962639808654785,9.96,CJK_FULL,688,893,730,938,36,39,514,30,LEGACY_MET,glyph_masks/C0217.png,glyph_rois_1x/C0217.png,glyph_rois_8x/C0217.png
C0218,C0218.png,T032,CAPTION,CAPTION,正,U+6B63,NotoSerifSC-ExtraLight,9.962639808654785,9.96,CJK_FULL,729,893,772,938,35,38,353,30,LEGACY_MET,glyph_masks/C0218.png,glyph_rois_1x/C0218.png,glyph_rois_8x/C0218.png
C0219,C0219.png,T032,CAPTION,CAPTION,确,U+786E,NotoSerifSC-ExtraLight,9.962639808654785,9.96,CJK_FULL,771,893,813,938,36,39,584,30,LEGACY_MET,glyph_masks/C0219.png,glyph_rois_1x/C0219.png,glyph_rois_8x/C0219.png
C0220,C0220.png,T032,CAPTION,CAPTION,且,U+4E14,NotoSerifSC-ExtraLight,9.962639808654785,9.96,CJK_FULL,812,893,855,938,35,38,368,30,LEGACY_MET,glyph_masks/C0220.png,glyph_rois_1x/C0220.png,glyph_rois_8x/C0220.png
C0221,C0221.png,T032,CAPTION,CAPTION,接,U+63A5,NotoSerifSC-ExtraLight,9.962639808654785,9.96,CJK_FULL,854,893,896,938,37,39,502,30,LEGACY_MET,glyph_masks/C0221.png,glyph_rois_1x/C0221.png,glyph_rois_8x/C0221.png
C0222,C0222.png,T032,CAPTION,CAPTION,受,U+53D7,NotoSerifSC-ExtraLight,9.962639808654785,9.96,CJK_FULL,895,893,938,938,36,39,445,30,LEGACY_MET,glyph_masks/C0222.png,glyph_rois_1x/C0222.png,glyph_rois_8x/C0222.png
C0223,C0223.png,T032,CAPTION,CAPTION,率,U+7387,NotoSerifSC-ExtraLight,9.962639808654785,9.96,CJK_FULL,937,893,979,938,36,38,457,30,LEGACY_MET,glyph_masks/C0223.png,glyph_rois_1x/C0223.png,glyph_rois_8x/C0223.png
C0224,C0224.png,T032,CAPTION,CAPTION,为,U+4E3A,NotoSerifSC-ExtraLight,9.962639808654785,9.96,CJK_FULL,978,893,1021,938,36,37,319,30,LEGACY_MET,glyph_masks/C0224.png,glyph_rois_1x/C0224.png,glyph_rois_8x/C0224.png
C0225,C0225.png,T032,CAPTION,CAPTION,1,U+0031,STIXTwoText-Regular,9.962639808654785,9.96,LATIN_UPPER_OR_DIGIT,1030,894,1052,937,27,16,145,24,LEGACY_MET,glyph_masks/C0225.png,glyph_rois_1x/C0225.png,glyph_rois_8x/C0225.png
C0226,C0226.png,T032,CAPTION,CAPTION,，,U+FF0C,NotoSerifSC-ExtraLight,9.962639808654785,9.96,LOW_PROFILE_PUNCTUATION,1051,893,1093,938,13,7,47,,CALIBRATION_ADVISORY,glyph_masks/C0226.png,glyph_rois_1x/C0226.png,glyph_rois_8x/C0226.png
C0227,C0227.png,T032,CAPTION,CAPTION,固,U+56FA,NotoSerifSC-ExtraLight,9.962639808654785,9.96,CJK_FULL,1092,893,1135,938,36,34,489,30,LEGACY_MET,glyph_masks/C0227.png,glyph_rois_1x/C0227.png,glyph_rois_8x/C0227.png
C0228,C0228.png,T032,CAPTION,CAPTION,定,U+5B9A,NotoSerifSC-ExtraLight,9.962639808654785,9.96,CJK_FULL,1134,893,1176,938,36,39,409,30,LEGACY_MET,glyph_masks/C0228.png,glyph_rois_1x/C0228.png,glyph_rois_8x/C0228.png
C0229,C0229.png,T032,CAPTION,CAPTION,长,U+957F,NotoSerifSC-ExtraLight,9.962639808654785,9.96,CJK_FULL,1175,893,1218,938,36,37,302,30,LEGACY_MET,glyph_masks/C0229.png,glyph_rois_1x/C0229.png,glyph_rois_8x/C0229.png
C0230,C0230.png,T032,CAPTION,CAPTION,度,U+5EA6,NotoSerifSC-ExtraLight,9.962639808654785,9.96,CJK_FULL,1217,893,1259,938,36,39,494,30,LEGACY_MET,glyph_masks/C0230.png,glyph_rois_1x/C0230.png,glyph_rois_8x/C0230.png
C0231,C0231.png,T032,CAPTION,CAPTION,链,U+94FE,NotoSerifSC-ExtraLight,9.962639808654785,9.96,CJK_FULL,1258,893,1301,938,36,40,534,30,LEGACY_MET,glyph_masks/C0231.png,glyph_rois_1x/C0231.png,glyph_rois_8x/C0231.png
C0232,C0232.png,T032,CAPTION,CAPTION,的,U+7684,NotoSerifSC-ExtraLight,9.962639808654785,9.96,CJK_FULL,1300,893,1342,938,36,36,417,30,LEGACY_MET,glyph_masks/C0232.png,glyph_rois_1x/C0232.png,glyph_rois_8x/C0232.png
C0233,C0233.png,T032,CAPTION,CAPTION,统,U+7EDF,NotoSerifSC-ExtraLight,9.962639808654785,9.96,CJK_FULL,1341,893,1384,938,37,39,495,30,LEGACY_MET,glyph_masks/C0233.png,glyph_rois_1x/C0233.png,glyph_rois_8x/C0233.png
C0234,C0234.png,T032,CAPTION,CAPTION,计,U+8BA1,NotoSerifSC-ExtraLight,9.962639808654785,9.96,CJK_FULL,1383,893,1425,938,36,38,273,30,LEGACY_MET,glyph_masks/C0234.png,glyph_rois_1x/C0234.png,glyph_rois_8x/C0234.png
C0235,C0235.png,T032,CAPTION,CAPTION,效,U+6548,NotoSerifSC-ExtraLight,9.962639808654785,9.96,CJK_FULL,1424,893,1467,938,36,40,459,30,LEGACY_MET,glyph_masks/C0235.png,glyph_rois_1x/C0235.png,glyph_rois_8x/C0235.png
C0236,C0236.png,T032,CAPTION,CAPTION,率,U+7387,NotoSerifSC-ExtraLight,9.962639808654785,9.96,CJK_FULL,1466,893,1508,938,36,38,457,30,LEGACY_MET,glyph_masks/C0236.png,glyph_rois_1x/C0236.png,glyph_rois_8x/C0236.png
C0237,C0237.png,T032,CAPTION,CAPTION,仍,U+4ECD,NotoSerifSC-ExtraLight,9.962639808654785,9.96,CJK_FULL,1507,893,1550,938,37,39,380,30,LEGACY_MET,glyph_masks/C0237.png,glyph_rois_1x/C0237.png,glyph_rois_8x/C0237.png
C0238,C0238.png,T032,CAPTION,CAPTION,会,U+4F1A,NotoSerifSC-ExtraLight,9.962639808654785,9.96,CJK_FULL,1549,893,1591,938,36,39,381,30,LEGACY_MET,glyph_masks/C0238.png,glyph_rois_1x/C0238.png,glyph_rois_8x/C0238.png
C0239,C0239.png,T032,CAPTION,CAPTION,显,U+663E,NotoSerifSC-ExtraLight,9.962639808654785,9.96,CJK_FULL,1590,893,1633,938,35,38,462,30,LEGACY_MET,glyph_masks/C0239.png,glyph_rois_1x/C0239.png,glyph_rois_8x/C0239.png
C0240,C0240.png,T032,CAPTION,CAPTION,著,U+8457,NotoSerifSC-ExtraLight,9.962639808654785,9.96,CJK_FULL,1632,893,1674,938,36,38,515,30,LEGACY_MET,glyph_masks/C0240.png,glyph_rois_1x/C0240.png,glyph_rois_8x/C0240.png
C0241,C0241.png,T032,CAPTION,CAPTION,下,U+4E0B,NotoSerifSC-ExtraLight,9.962639808654785,9.96,CJK_FULL,1673,893,1716,938,36,38,221,30,LEGACY_MET,glyph_masks/C0241.png,glyph_rois_1x/C0241.png,glyph_rois_8x/C0241.png
C0242,C0242.png,T032,CAPTION,CAPTION,降,U+964D,NotoSerifSC-ExtraLight,9.962639808654785,9.96,CJK_FULL,1715,893,1757,938,36,37,507,30,LEGACY_MET,glyph_masks/C0242.png,glyph_rois_1x/C0242.png,glyph_rois_8x/C0242.png
