pair_id,object_a,object_b,class_a,class_b,bbox_edge_distance_pdf_pt,bbox_edge_distance_300dpi_px,bbox_intersection_pdf_pt2,machine_close_le_12px
P0001,O001,O002,TEXT,TEXT,97.837,407.65,0.000,false
P0002,O001,O003,TEXT,TEXT,55.570,231.54,0.000,false
P0003,O001,O004,TEXT,TEXT,9.753,40.64,0.000,false
P0004,O001,O005,TEXT,TEXT,8.200,34.17,0.000,false
P0005,O001,O006,TEXT,TEXT,8.200,34.17,0.000,false
P0006,O001,O007,TEXT,TEXT,11.533,48.05,0.000,false
P0007,O001,O008,TEXT,TEXT,51.290,213.71,0.000,false
P0008,O001,O009,TEXT,TEXT,93.510,389.63,0.000,false
P0009,O001,O010,TEXT,LINE_ARROW,20.220,84.25,0.000,false
P0010,O001,O011,TEXT,TEXT,121.204,505.02,0.000,false
P0011,O001,O012,TEXT,NODE_BORDER,90.807,378.36,0.000,false
P0012,O001,O013,TEXT,NODE_BORDER,56.135,233.90,0.000,false
P0013,O001,O014,TEXT,NODE_BORDER,40.710,169.62,0.000,false
P0014,O001,O015,TEXT,NODE_BORDER,40.710,169.62,0.000,false
P0015,O001,O016,TEXT,NODE_BORDER,40.710,169.62,0.000,false
P0016,O001,O017,TEXT,NODE_BORDER,40.710,169.62,0.000,false
P0017,O001,O018,TEXT,NODE_BORDER,58.127,242.19,0.000,false
P0018,O001,O019,TEXT,NODE_BORDER,93.354,388.98,0.000,false
P0019,O001,O020,TEXT,TEXT,98.677,411.15,0.000,false
P0020,O001,O021,TEXT,TEXT,63.181,263.25,0.000,false
P0021,O001,O022,TEXT,TEXT,42.578,177.41,0.000,false
P0022,O001,O023,TEXT,TEXT,42.410,176.71,0.000,false
P0023,O001,O024,TEXT,TEXT,44.420,185.08,0.000,false
P0024,O001,O025,TEXT,TEXT,45.154,188.14,0.000,false
P0025,O001,O026,TEXT,TEXT,67.354,280.64,0.000,false
P0026,O001,O027,TEXT,TEXT,103.199,430.00,0.000,false
P0027,O001,O028,TEXT,TEXT,73.369,305.70,0.000,false
P0028,O001,O029,TEXT,TEXT,71.700,298.75,0.000,false
P0029,O001,O030,TEXT,TEXT,82.630,344.29,0.000,false
P0030,O001,O031,TEXT,PANEL_BORDER,82.380,343.25,0.000,false
P0031,O001,O032,TEXT,FORMULA,86.630,360.96,0.000,false
P0032,O001,O033,TEXT,TEXT,89.080,371.17,0.000,false
P0033,O001,O034,TEXT,TEXT,101.380,422.42,0.000,false
P0034,O001,O035,TEXT,TEXT,101.380,422.42,0.000,false
P0035,O001,O036,TEXT,PANEL_BORDER,115.680,482.00,0.000,false
P0036,O001,O037,TEXT,FORMULA,131.882,549.51,0.000,false
P0037,O001,O038,TEXT,LINE_ARROW,133.120,554.67,0.000,false
P0038,O001,O039,TEXT,TEXT,118.800,495.00,0.000,false
P0039,O001,O040,TEXT,FORMULA,130.380,543.25,0.000,false
P0040,O001,O041,TEXT,LINE_ARROW,133.120,554.67,0.000,false
P0041,O001,O042,TEXT,TEXT,118.800,495.00,0.000,false
P0042,O001,O043,TEXT,TEXT,141.862,591.09,0.000,false
P0043,O001,O044,TEXT,TEXT,192.402,801.68,0.000,false
P0044,O001,O045,TEXT,TEXT,153.520,639.67,0.000,false
P0045,O001,O046,TEXT,TEXT,166.910,695.46,0.000,false
P0046,O002,O003,TEXT,TEXT,37.780,157.42,0.000,false
P0047,O002,O004,TEXT,TEXT,73.100,304.58,0.000,false
P0048,O002,O005,TEXT,TEXT,115.620,481.75,0.000,false
P0049,O002,O006,TEXT,TEXT,158.140,658.92,0.000,false
P0050,O002,O007,TEXT,TEXT,200.660,836.08,0.000,false
P0051,O002,O008,TEXT,TEXT,243.180,1013.25,0.000,false
P0052,O002,O009,TEXT,TEXT,285.700,1190.42,0.000,false
P0053,O002,O010,TEXT,LINE_ARROW,2.670,11.12,0.000,true
P0054,O002,O011,TEXT,TEXT,312.263,1301.10,0.000,false
P0055,O002,O012,TEXT,NODE_BORDER,23.160,96.50,0.000,false
P0056,O002,O013,TEXT,NODE_BORDER,31.560,131.50,0.000,false
P0057,O002,O014,TEXT,NODE_BORDER,68.024,283.43,0.000,false
P0058,O002,O015,TEXT,NODE_BORDER,108.970,454.04,0.000,false
P0059,O002,O016,TEXT,NODE_BORDER,150.789,628.29,0.000,false
P0060,O002,O017,TEXT,NODE_BORDER,192.915,803.81,0.000,false
P0061,O002,O018,TEXT,NODE_BORDER,235.183,979.93,0.000,false
P0062,O002,O019,TEXT,NODE_BORDER,277.528,1156.37,0.000,false
P0063,O002,O020,TEXT,TEXT,25.440,106.00,0.000,false
P0064,O002,O021,TEXT,TEXT,38.645,161.02,0.000,false
P0065,O002,O022,TEXT,TEXT,75.802,315.84,0.000,false
P0066,O002,O023,TEXT,TEXT,116.806,486.69,0.000,false
P0067,O002,O024,TEXT,TEXT,160.407,668.36,0.000,false
P0068,O002,O025,TEXT,TEXT,202.451,843.55,0.000,false
P0069,O002,O026,TEXT,TEXT,244.660,1019.42,0.000,false
P0070,O002,O027,TEXT,TEXT,286.961,1195.67,0.000,false
P0071,O002,O028,TEXT,TEXT,69.584,289.93,0.000,false
P0072,O002,O029,TEXT,TEXT,158.140,658.92,0.000,false
P0073,O002,O030,TEXT,TEXT,239.814,999.22,0.000,false
P0074,O002,O031,TEXT,PANEL_BORDER,64.830,270.12,0.000,false
P0075,O002,O032,TEXT,FORMULA,125.845,524.35,0.000,false
P0076,O002,O033,TEXT,TEXT,144.106,600.44,0.000,false
P0077,O002,O034,TEXT,TEXT,84.592,352.47,0.000,false
P0078,O002,O035,TEXT,TEXT,182.023,758.43,0.000,false
P0079,O002,O036,TEXT,PANEL_BORDER,98.130,408.88,0.000,false
P0080,O002,O037,TEXT,FORMULA,128.229,534.29,0.000,false
P0081,O002,O038,TEXT,LINE_ARROW,142.141,592.25,0.000,false
P0082,O002,O039,TEXT,TEXT,142.808,595.03,0.000,false
P0083,O002,O040,TEXT,FORMULA,196.158,817.33,0.000,false
P0084,O002,O041,TEXT,LINE_ARROW,214.312,892.96,0.000,false
P0085,O002,O042,TEXT,TEXT,217.725,907.19,0.000,false
P0086,O002,O043,TEXT,TEXT,271.049,1129.37,0.000,false
P0087,O002,O044,TEXT,TEXT,133.643,556.85,0.000,false
P0088,O002,O045,TEXT,TEXT,135.970,566.54,0.000,false
P0089,O002,O046,TEXT,TEXT,149.360,622.33,0.000,false
P0090,O003,O004,TEXT,TEXT,30.580,127.42,0.000,false
P0091,O003,O005,TEXT,TEXT,73.100,304.58,0.000,false
P0092,O003,O006,TEXT,TEXT,115.620,481.75,0.000,false
P0093,O003,O007,TEXT,TEXT,158.140,658.92,0.000,false
P0094,O003,O008,TEXT,TEXT,200.660,836.08,0.000,false
P0095,O003,O009,TEXT,TEXT,243.180,1013.25,0.000,false
P0096,O003,O010,TEXT,LINE_ARROW,2.650,11.04,0.000,true
P0097,O003,O011,TEXT,TEXT,269.744,1123.93,0.000,false
P0098,O003,O012,TEXT,NODE_BORDER,31.546,131.44,0.000,false
P0099,O003,O013,TEXT,NODE_BORDER,23.140,96.42,0.000,false
P0100,O003,O014,TEXT,NODE_BORDER,31.546,131.44,0.000,false
P0101,O003,O015,TEXT,NODE_BORDER,68.017,283.41,0.000,false
P0102,O003,O016,TEXT,NODE_BORDER,108.965,454.02,0.000,false
P0103,O003,O017,TEXT,NODE_BORDER,150.786,628.28,0.000,false
P0104,O003,O018,TEXT,NODE_BORDER,192.913,803.80,0.000,false
P0105,O003,O019,TEXT,NODE_BORDER,235.181,979.92,0.000,false
P0106,O003,O020,TEXT,TEXT,38.632,160.97,0.000,false
P0107,O003,O021,TEXT,TEXT,25.420,105.92,0.000,false
P0108,O003,O022,TEXT,TEXT,38.252,159.39,0.000,false
P0109,O003,O023,TEXT,TEXT,75.796,315.82,0.000,false
P0110,O003,O024,TEXT,TEXT,118.697,494.57,0.000,false
P0111,O003,O025,TEXT,TEXT,160.403,668.35,0.000,false
P0112,O003,O026,TEXT,TEXT,202.448,843.54,0.000,false
P0113,O003,O027,TEXT,TEXT,244.658,1019.41,0.000,false
P0114,O003,O028,TEXT,TEXT,54.143,225.60,0.000,false
P0115,O003,O029,TEXT,TEXT,119.075,496.14,0.000,false
P0116,O003,O030,TEXT,TEXT,198.618,827.58,0.000,false
P0117,O003,O031,TEXT,PANEL_BORDER,64.810,270.04,0.000,false
P0118,O003,O032,TEXT,FORMULA,93.257,388.57,0.000,false
P0119,O003,O033,TEXT,TEXT,109.239,455.16,0.000,false
P0120,O003,O034,TEXT,TEXT,83.810,349.21,0.000,false
P0121,O003,O035,TEXT,TEXT,145.592,606.63,0.000,false
P0122,O003,O036,TEXT,PANEL_BORDER,98.110,408.79,0.000,false
P0123,O003,O037,TEXT,FORMULA,114.419,476.75,0.000,false
P0124,O003,O038,TEXT,LINE_ARROW,122.353,509.80,0.000,false
P0125,O003,O039,TEXT,TEXT,116.763,486.51,0.000,false
P0126,O003,O040,TEXT,FORMULA,163.205,680.02,0.000,false
P0127,O003,O041,TEXT,LINE_ARROW,179.958,749.82,0.000,false
P0128,O003,O042,TEXT,TEXT,181.153,754.81,0.000,false
P0129,O003,O043,TEXT,TEXT,233.139,971.41,0.000,false
P0130,O003,O044,TEXT,TEXT,145.677,606.99,0.000,false
P0131,O003,O045,TEXT,TEXT,135.950,566.46,0.000,false
P0132,O003,O046,TEXT,TEXT,149.340,622.25,0.000,false
P0133,O004,O005,TEXT,TEXT,23.390,97.46,0.000,false
P0134,O004,O006,TEXT,TEXT,65.910,274.63,0.000,false
P0135,O004,O007,TEXT,TEXT,108.430,451.79,0.000,false
P0136,O004,O008,TEXT,TEXT,150.950,628.96,0.000,false
P0137,O004,O009,TEXT,TEXT,193.470,806.13,0.000,false
P0138,O004,O010,TEXT,LINE_ARROW,1.780,7.42,0.000,true
P0139,O004,O011,TEXT,TEXT,220.031,916.79,0.000,false
P0140,O004,O012,TEXT,NODE_BORDER,60.973,254.05,0.000,false
P0141,O004,O013,TEXT,NODE_BORDER,26.434,110.14,0.000,false
P0142,O004,O014,TEXT,NODE_BORDER,22.270,92.79,0.000,false
P0143,O004,O015,TEXT,NODE_BORDER,26.439,110.16,0.000,false
P0144,O004,O016,TEXT,NODE_BORDER,60.982,254.09,0.000,false
P0145,O004,O017,TEXT,NODE_BORDER,101.757,423.99,0.000,false
P0146,O004,O018,TEXT,NODE_BORDER,143.548,598.12,0.000,false
P0147,O004,O019,TEXT,NODE_BORDER,185.670,773.63,0.000,false
P0148,O004,O020,TEXT,TEXT,68.930,287.21,0.000,false
P0149,O004,O021,TEXT,TEXT,32.892,137.05,0.000,false
P0150,O004,O022,TEXT,TEXT,23.970,99.87,0.000,false
P0151,O004,O023,TEXT,TEXT,32.468,135.28,0.000,false
P0152,O004,O024,TEXT,TEXT,70.846,295.19,0.000,false
P0153,O004,O025,TEXT,TEXT,111.499,464.58,0.000,false
P0154,O004,O026,TEXT,TEXT,153.169,638.21,0.000,false
P0155,O004,O027,TEXT,TEXT,195.207,813.36,0.000,false
P0156,O004,O028,TEXT,TEXT,53.260,221.92,0.000,false
P0157,O004,O029,TEXT,TEXT,77.537,323.07,0.000,false
P0158,O004,O030,TEXT,TEXT,151.089,629.54,0.000,false
P0159,O004,O031,TEXT,PANEL_BORDER,63.940,266.42,0.000,false
P0160,O004,O032,TEXT,FORMULA,69.411,289.21,0.000,false
P0161,O004,O033,TEXT,TEXT,77.913,324.64,0.000,false
P0162,O004,O034,TEXT,TEXT,82.940,345.58,0.000,false
P0163,O004,O035,TEXT,TEXT,108.107,450.44,0.000,false
P0164,O004,O036,TEXT,PANEL_BORDER,97.240,405.17,0.000,false
P0165,O004,O037,TEXT,FORMULA,112.110,467.13,0.000,false
P0166,O004,O038,TEXT,LINE_ARROW,114.680,477.83,0.000,false
P0167,O004,O039,TEXT,TEXT,100.718,419.66,0.000,false
P0168,O004,O040,TEXT,FORMULA,131.095,546.23,0.000,false
P0169,O004,O041,TEXT,LINE_ARROW,144.705,602.94,0.000,false
P0170,O004,O042,TEXT,TEXT,142.044,591.85,0.000,false
P0171,O004,O043,TEXT,TEXT,190.789,794.95,0.000,false
P0172,O004,O044,TEXT,TEXT,162.906,678.77,0.000,false
P0173,O004,O045,TEXT,TEXT,135.080,562.83,0.000,false
P0174,O004,O046,TEXT,TEXT,148.470,618.63,0.000,false
P0175,O005,O006,TEXT,TEXT,23.390,97.46,0.000,false
P0176,O005,O007,TEXT,TEXT,65.910,274.63,0.000,false
P0177,O005,O008,TEXT,TEXT,108.430,451.79,0.000,false
P0178,O005,O009,TEXT,TEXT,150.950,628.96,0.000,false
P0179,O005,O010,TEXT,LINE_ARROW,1.780,7.42,0.000,true
P0180,O005,O011,TEXT,TEXT,177.511,739.63,0.000,false
P0181,O005,O012,TEXT,NODE_BORDER,101.747,423.95,0.000,false
P0182,O005,O013,TEXT,NODE_BORDER,60.973,254.05,0.000,false
P0183,O005,O014,TEXT,NODE_BORDER,26.434,110.14,0.000,false
P0184,O005,O015,TEXT,NODE_BORDER,22.270,92.79,0.000,false
P0185,O005,O016,TEXT,NODE_BORDER,26.439,110.16,0.000,false
P0186,O005,O017,TEXT,NODE_BORDER,60.982,254.09,0.000,false
P0187,O005,O018,TEXT,NODE_BORDER,101.757,423.99,0.000,false
P0188,O005,O019,TEXT,NODE_BORDER,143.548,598.12,0.000,false
P0189,O005,O020,TEXT,TEXT,109.712,457.13,0.000,false
P0190,O005,O021,TEXT,TEXT,68.930,287.21,0.000,false
P0191,O005,O022,TEXT,TEXT,32.461,135.26,0.000,false
P0192,O005,O023,TEXT,TEXT,23.970,99.87,0.000,false
P0193,O005,O024,TEXT,TEXT,34.958,145.66,0.000,false
P0194,O005,O025,TEXT,TEXT,70.846,295.19,0.000,false
P0195,O005,O026,TEXT,TEXT,111.499,464.58,0.000,false
P0196,O005,O027,TEXT,TEXT,153.169,638.21,0.000,false
P0197,O005,O028,TEXT,TEXT,63.010,262.54,0.000,false
P0198,O005,O029,TEXT,TEXT,55.026,229.28,0.000,false
P0199,O005,O030,TEXT,TEXT,112.303,467.93,0.000,false
P0200,O005,O031,TEXT,PANEL_BORDER,63.940,266.42,0.000,false
P0201,O005,O032,TEXT,FORMULA,68.190,284.12,0.000,false
P0202,O005,O033,TEXT,TEXT,70.640,294.33,0.000,false
P0203,O005,O034,TEXT,TEXT,82.940,345.58,0.000,false
P0204,O005,O035,TEXT,TEXT,87.169,363.20,0.000,false
P0205,O005,O036,TEXT,PANEL_BORDER,97.240,405.17,0.000,false
P0206,O005,O037,TEXT,FORMULA,117.998,491.66,0.000,false
P0207,O005,O038,TEXT,LINE_ARROW,114.680,477.83,0.000,false
P0208,O005,O039,TEXT,TEXT,100.360,418.17,0.000,false
P0209,O005,O040,TEXT,FORMULA,114.855,478.56,0.000,false
P0210,O005,O041,TEXT,LINE_ARROW,123.461,514.42,0.000,false
P0211,O005,O042,TEXT,TEXT,115.914,482.98,0.000,false
P0212,O005,O043,TEXT,TEXT,158.538,660.58,0.000,false
P0213,O005,O044,TEXT,TEXT,191.114,796.31,0.000,false
P0214,O005,O045,TEXT,TEXT,135.080,562.83,0.000,false
P0215,O005,O046,TEXT,TEXT,148.470,618.63,0.000,false
P0216,O006,O007,TEXT,TEXT,23.390,97.46,0.000,false
P0217,O006,O008,TEXT,TEXT,65.910,274.62,0.000,false
P0218,O006,O009,TEXT,TEXT,108.430,451.79,0.000,false
P0219,O006,O010,TEXT,LINE_ARROW,1.780,7.42,0.000,true
P0220,O006,O011,TEXT,TEXT,134.991,562.46,0.000,false
P0221,O006,O012,TEXT,NODE_BORDER,143.538,598.08,0.000,false
P0222,O006,O013,TEXT,NODE_BORDER,101.747,423.95,0.000,false
P0223,O006,O014,TEXT,NODE_BORDER,60.973,254.05,0.000,false
P0224,O006,O015,TEXT,NODE_BORDER,26.434,110.14,0.000,false
P0225,O006,O016,TEXT,NODE_BORDER,22.270,92.79,0.000,false
P0226,O006,O017,TEXT,NODE_BORDER,26.439,110.16,0.000,false
P0227,O006,O018,TEXT,NODE_BORDER,60.982,254.09,0.000,false
P0228,O006,O019,TEXT,NODE_BORDER,101.757,423.99,0.000,false
P0229,O006,O020,TEXT,TEXT,151.453,631.05,0.000,false
P0230,O006,O021,TEXT,TEXT,109.712,457.13,0.000,false
P0231,O006,O022,TEXT,TEXT,68.726,286.36,0.000,false
P0232,O006,O023,TEXT,TEXT,32.461,135.26,0.000,false
P0233,O006,O024,TEXT,TEXT,25.980,108.25,0.000,false
P0234,O006,O025,TEXT,TEXT,34.958,145.66,0.000,false
P0235,O006,O026,TEXT,TEXT,70.846,295.19,0.000,false
P0236,O006,O027,TEXT,TEXT,111.499,464.58,0.000,false
P0237,O006,O028,TEXT,TEXT,92.960,387.33,0.000,false
P0238,O006,O029,TEXT,TEXT,53.260,221.92,0.000,false
P0239,O006,O030,TEXT,TEXT,77.537,323.07,0.000,false
P0240,O006,O031,TEXT,PANEL_BORDER,63.940,266.42,0.000,false
P0241,O006,O032,TEXT,FORMULA,77.007,320.86,0.000,false
P0242,O006,O033,TEXT,TEXT,70.640,294.33,0.000,false
P0243,O006,O034,TEXT,TEXT,88.080,367.00,0.000,false
P0244,O006,O035,TEXT,TEXT,82.940,345.58,0.000,false
P0245,O006,O036,TEXT,PANEL_BORDER,97.240,405.17,0.000,false
P0246,O006,O037,TEXT,FORMULA,137.339,572.24,0.000,false
P0247,O006,O038,TEXT,LINE_ARROW,114.686,477.86,0.000,false
P0248,O006,O039,TEXT,TEXT,102.176,425.73,0.000,false
P0249,O006,O040,TEXT,FORMULA,111.940,466.42,0.000,false
P0250,O006,O041,TEXT,LINE_ARROW,114.725,478.02,0.000,false
P0251,O006,O042,TEXT,TEXT,101.547,423.11,0.000,false
P0252,O006,O043,TEXT,TEXT,132.228,550.95,0.000,false
P0253,O006,O044,TEXT,TEXT,223.890,932.87,0.000,false
P0254,O006,O045,TEXT,TEXT,135.080,562.83,0.000,false
P0255,O006,O046,TEXT,TEXT,148.470,618.63,0.000,false
P0256,O007,O008,TEXT,TEXT,23.390,97.46,0.000,false
P0257,O007,O009,TEXT,TEXT,65.910,274.63,0.000,false
P0258,O007,O010,TEXT,LINE_ARROW,1.780,7.42,0.000,true
P0259,O007,O011,TEXT,TEXT,92.472,385.30,0.000,false
P0260,O007,O012,TEXT,NODE_BORDER,185.660,773.59,0.000,false
P0261,O007,O013,TEXT,NODE_BORDER,143.538,598.08,0.000,false
P0262,O007,O014,TEXT,NODE_BORDER,101.747,423.95,0.000,false
P0263,O007,O015,TEXT,NODE_BORDER,60.973,254.05,0.000,false
P0264,O007,O016,TEXT,NODE_BORDER,26.434,110.14,0.000,false
P0265,O007,O017,TEXT,NODE_BORDER,22.270,92.79,0.000,false
P0266,O007,O018,TEXT,NODE_BORDER,26.439,110.16,0.000,false
P0267,O007,O019,TEXT,NODE_BORDER,60.982,254.09,0.000,false
P0268,O007,O020,TEXT,TEXT,193.533,806.39,0.000,false
P0269,O007,O021,TEXT,TEXT,151.453,631.05,0.000,false
P0270,O007,O022,TEXT,TEXT,109.584,456.60,0.000,false
P0271,O007,O023,TEXT,TEXT,68.726,286.36,0.000,false
P0272,O007,O024,TEXT,TEXT,34.958,145.66,0.000,false
P0273,O007,O025,TEXT,TEXT,25.980,108.25,0.000,false
P0274,O007,O026,TEXT,TEXT,34.958,145.66,0.000,false
P0275,O007,O027,TEXT,TEXT,70.846,295.19,0.000,false
P0276,O007,O028,TEXT,TEXT,130.110,542.13,0.000,false
P0277,O007,O029,TEXT,TEXT,55.024,229.27,0.000,false
P0278,O007,O030,TEXT,TEXT,55.026,229.28,0.000,false
P0279,O007,O031,TEXT,PANEL_BORDER,63.940,266.42,0.000,false
P0280,O007,O032,TEXT,FORMULA,103.830,432.63,0.000,false
P0281,O007,O033,TEXT,TEXT,72.383,301.60,0.000,false
P0282,O007,O034,TEXT,TEXT,109.943,458.10,0.000,false
P0283,O007,O035,TEXT,TEXT,82.940,345.58,0.000,false
P0284,O007,O036,TEXT,PANEL_BORDER,97.240,405.17,0.000,false
P0285,O007,O037,TEXT,FORMULA,165.578,689.91,0.000,false
P0286,O007,O038,TEXT,LINE_ARROW,122.738,511.41,0.000,false
P0287,O007,O039,TEXT,TEXT,117.809,490.87,0.000,false
P0288,O007,O040,TEXT,FORMULA,114.333,476.39,0.000,false
P0289,O007,O041,TEXT,LINE_ARROW,114.680,477.83,0.000,false
P0290,O007,O042,TEXT,TEXT,100.360,418.17,0.000,false
P0291,O007,O043,TEXT,TEXT,115.974,483.22,0.000,false
P0292,O007,O044,TEXT,TEXT,259.509,1081.29,0.000,false
P0293,O007,O045,TEXT,TEXT,135.080,562.83,0.000,false
P0294,O007,O046,TEXT,TEXT,148.470,618.63,0.000,false
P0295,O008,O009,TEXT,TEXT,23.390,97.46,0.000,false
P0296,O008,O010,TEXT,LINE_ARROW,1.780,7.42,0.000,true
P0297,O008,O011,TEXT,TEXT,49.953,208.14,0.000,false
P0298,O008,O012,TEXT,NODE_BORDER,227.931,949.71,0.000,false
P0299,O008,O013,TEXT,NODE_BORDER,185.660,773.59,0.000,false
P0300,O008,O014,TEXT,NODE_BORDER,143.538,598.08,0.000,false
P0301,O008,O015,TEXT,NODE_BORDER,101.747,423.95,0.000,false
P0302,O008,O016,TEXT,NODE_BORDER,60.973,254.05,0.000,false
P0303,O008,O017,TEXT,NODE_BORDER,26.434,110.14,0.000,false
P0304,O008,O018,TEXT,NODE_BORDER,22.270,92.79,0.000,false
P0305,O008,O019,TEXT,NODE_BORDER,26.439,110.16,0.000,false
P0306,O008,O020,TEXT,TEXT,235.772,982.38,0.000,false
P0307,O008,O021,TEXT,TEXT,193.533,806.39,0.000,false
P0308,O008,O022,TEXT,TEXT,151.360,630.67,0.000,false
P0309,O008,O023,TEXT,TEXT,109.584,456.60,0.000,false
P0310,O008,O024,TEXT,TEXT,70.846,295.19,0.000,false
P0311,O008,O025,TEXT,TEXT,34.958,145.66,0.000,false
P0312,O008,O026,TEXT,TEXT,25.980,108.25,0.000,false
P0313,O008,O027,TEXT,TEXT,34.958,145.66,0.000,false
P0314,O008,O028,TEXT,TEXT,169.799,707.50,0.000,false
P0315,O008,O029,TEXT,TEXT,77.529,323.04,0.000,false
P0316,O008,O030,TEXT,TEXT,53.260,221.92,0.000,false
P0317,O008,O031,TEXT,PANEL_BORDER,63.940,266.42,0.000,false
P0318,O008,O032,TEXT,FORMULA,138.735,578.06,0.000,false
P0319,O008,O033,TEXT,TEXT,91.597,381.66,0.000,false
P0320,O008,O034,TEXT,TEXT,141.537,589.74,0.000,false
P0321,O008,O035,TEXT,TEXT,82.940,345.58,0.000,false
P0322,O008,O036,TEXT,PANEL_BORDER,97.240,405.17,0.000,false
P0323,O008,O037,TEXT,FORMULA,198.963,829.01,0.000,false
P0324,O008,O038,TEXT,LINE_ARROW,143.500,597.92,0.000,false
P0325,O008,O039,TEXT,TEXT,144.686,602.86,0.000,false
P0326,O008,O040,TEXT,FORMULA,129.842,541.01,0.000,false
P0327,O008,O041,TEXT,LINE_ARROW,114.683,477.84,0.000,false
P0328,O008,O042,TEXT,TEXT,101.095,421.23,0.000,false
P0329,O008,O043,TEXT,TEXT,112.980,470.75,0.000,false
P0330,O008,O044,TEXT,TEXT,296.949,1237.29,0.000,false
P0331,O008,O045,TEXT,TEXT,135.080,562.83,0.000,false
P0332,O008,O046,TEXT,TEXT,149.530,623.04,0.000,false
P0333,O009,O010,TEXT,LINE_ARROW,1.780,7.42,0.000,true
P0334,O009,O011,TEXT,TEXT,7.449,31.04,0.000,false
P0335,O009,O012,TEXT,NODE_BORDER,270.279,1126.16,0.000,false
P0336,O009,O013,TEXT,NODE_BORDER,227.931,949.71,0.000,false
P0337,O009,O014,TEXT,NODE_BORDER,185.660,773.59,0.000,false
P0338,O009,O015,TEXT,NODE_BORDER,143.538,598.08,0.000,false
P0339,O009,O016,TEXT,NODE_BORDER,101.747,423.95,0.000,false
P0340,O009,O017,TEXT,NODE_BORDER,60.973,254.05,0.000,false
P0341,O009,O018,TEXT,NODE_BORDER,26.434,110.14,0.000,false
P0342,O009,O019,TEXT,NODE_BORDER,22.270,92.79,0.000,false
P0343,O009,O020,TEXT,TEXT,278.096,1158.73,0.000,false
P0344,O009,O021,TEXT,TEXT,235.772,982.38,0.000,false
P0345,O009,O022,TEXT,TEXT,193.461,806.09,0.000,false
P0346,O009,O023,TEXT,TEXT,151.360,630.67,0.000,false
P0347,O009,O024,TEXT,TEXT,111.499,464.58,0.000,false
P0348,O009,O025,TEXT,TEXT,70.846,295.19,0.000,false
P0349,O009,O026,TEXT,TEXT,34.958,145.66,0.000,false
P0350,O009,O027,TEXT,TEXT,25.980,108.25,0.000,false
P0351,O009,O028,TEXT,TEXT,210.596,877.48,0.000,false
P0352,O009,O029,TEXT,TEXT,112.294,467.89,0.000,false
P0353,O009,O030,TEXT,TEXT,55.026,229.28,0.000,false
P0354,O009,O031,TEXT,PANEL_BORDER,63.940,266.42,0.000,false
P0355,O009,O032,TEXT,FORMULA,177.002,737.51,0.000,false
P0356,O009,O033,TEXT,TEXT,123.113,512.97,0.000,false
P0357,O009,O034,TEXT,TEXT,177.747,740.61,0.000,false
P0358,O009,O035,TEXT,TEXT,83.232,346.80,0.000,false
P0359,O009,O036,TEXT,PANEL_BORDER,97.240,405.17,0.000,false
P0360,O009,O037,TEXT,FORMULA,235.313,980.47,0.000,false
P0361,O009,O038,TEXT,LINE_ARROW,172.441,718.50,0.000,false
P0362,O009,O039,TEXT,TEXT,177.777,740.74,0.000,false
P0363,O009,O040,TEXT,FORMULA,155.761,649.01,0.000,false
P0364,O009,O041,TEXT,LINE_ARROW,122.589,510.79,0.000,false
P0365,O009,O042,TEXT,TEXT,114.294,476.23,0.000,false
P0366,O009,O043,TEXT,TEXT,112.982,470.76,0.000,false
P0367,O009,O044,TEXT,TEXT,335.602,1398.34,0.000,false
P0368,O009,O045,TEXT,TEXT,135.080,562.83,0.000,false
P0369,O009,O046,TEXT,TEXT,160.244,667.68,0.000,false
P0370,O010,O011,LINE_ARROW,TEXT,8.830,36.79,0.000,false
P0371,O010,O012,LINE_ARROW,NODE_BORDER,15.390,64.12,0.000,false
P0372,O010,O013,LINE_ARROW,NODE_BORDER,15.390,64.12,0.000,false
P0373,O010,O014,LINE_ARROW,NODE_BORDER,15.390,64.12,0.000,false
P0374,O010,O015,LINE_ARROW,NODE_BORDER,15.390,64.12,0.000,false
P0375,O010,O016,LINE_ARROW,NODE_BORDER,15.390,64.12,0.000,false
P0376,O010,O017,LINE_ARROW,NODE_BORDER,15.390,64.12,0.000,false
P0377,O010,O018,LINE_ARROW,NODE_BORDER,15.390,64.12,0.000,false
P0378,O010,O019,LINE_ARROW,NODE_BORDER,15.390,64.12,0.000,false
P0379,O010,O020,LINE_ARROW,TEXT,17.670,73.63,0.000,false
P0380,O010,O021,LINE_ARROW,TEXT,17.670,73.63,0.000,false
P0381,O010,O022,LINE_ARROW,TEXT,17.090,71.21,0.000,false
P0382,O010,O023,LINE_ARROW,TEXT,17.090,71.21,0.000,false
P0383,O010,O024,LINE_ARROW,TEXT,19.100,79.58,0.000,false
P0384,O010,O025,LINE_ARROW,TEXT,19.100,79.58,0.000,false
P0385,O010,O026,LINE_ARROW,TEXT,19.100,79.58,0.000,false
P0386,O010,O027,LINE_ARROW,TEXT,19.100,79.58,0.000,false
P0387,O010,O028,LINE_ARROW,TEXT,46.380,193.25,0.000,false
P0388,O010,O029,LINE_ARROW,TEXT,46.380,193.25,0.000,false
P0389,O010,O030,LINE_ARROW,TEXT,46.380,193.25,0.000,false
P0390,O010,O031,LINE_ARROW,PANEL_BORDER,57.060,237.75,0.000,false
P0391,O010,O032,LINE_ARROW,FORMULA,61.310,255.46,0.000,false
P0392,O010,O033,LINE_ARROW,TEXT,63.760,265.67,0.000,false
P0393,O010,O034,LINE_ARROW,TEXT,76.060,316.92,0.000,false
P0394,O010,O035,LINE_ARROW,TEXT,76.060,316.92,0.000,false
P0395,O010,O036,LINE_ARROW,PANEL_BORDER,90.360,376.50,0.000,false
P0396,O010,O037,LINE_ARROW,FORMULA,105.230,438.46,0.000,false
P0397,O010,O038,LINE_ARROW,LINE_ARROW,107.800,449.17,0.000,false
P0398,O010,O039,LINE_ARROW,TEXT,93.480,389.50,0.000,false
P0399,O010,O040,LINE_ARROW,FORMULA,105.060,437.75,0.000,false
P0400,O010,O041,LINE_ARROW,LINE_ARROW,107.800,449.17,0.000,false
P0401,O010,O042,LINE_ARROW,TEXT,93.480,389.50,0.000,false
P0402,O010,O043,LINE_ARROW,TEXT,106.100,442.08,0.000,false
P0403,O010,O044,LINE_ARROW,TEXT,125.152,521.46,0.000,false
P0404,O010,O045,LINE_ARROW,TEXT,128.200,534.17,0.000,false
P0405,O010,O046,LINE_ARROW,TEXT,141.590,589.96,0.000,false
P0406,O011,O012,TEXT,NODE_BORDER,296.143,1233.93,0.000,false
P0407,O011,O013,TEXT,NODE_BORDER,253.661,1056.92,0.000,false
P0408,O011,O014,TEXT,NODE_BORDER,211.193,879.97,0.000,false
P0409,O011,O015,TEXT,NODE_BORDER,168.752,703.13,0.000,false
P0410,O011,O016,TEXT,NODE_BORDER,126.364,526.52,0.000,false
P0411,O011,O017,TEXT,NODE_BORDER,84.110,350.46,0.000,false
P0412,O011,O018,TEXT,NODE_BORDER,42.390,176.62,0.000,false
P0413,O011,O019,TEXT,NODE_BORDER,11.500,47.92,0.000,false
P0414,O011,O020,TEXT,TEXT,303.883,1266.18,0.000,false
P0415,O011,O021,TEXT,TEXT,261.413,1089.22,0.000,false
P0416,O011,O022,TEXT,TEXT,218.928,912.20,0.000,false
P0417,O011,O023,TEXT,TEXT,176.504,735.43,0.000,false
P0418,O011,O024,TEXT,TEXT,135.844,566.02,0.000,false
P0419,O011,O025,TEXT,TEXT,93.713,390.47,0.000,false
P0420,O011,O026,TEXT,TEXT,52.214,217.56,0.000,false
P0421,O011,O027,TEXT,TEXT,16.928,70.53,0.000,false
P0422,O011,O028,TEXT,TEXT,234.197,975.82,0.000,false
P0423,O011,O029,TEXT,TEXT,132.422,551.76,0.000,false
P0424,O011,O030,TEXT,TEXT,58.624,244.27,0.000,false
P0425,O011,O031,TEXT,PANEL_BORDER,53.170,221.54,0.000,false
P0426,O011,O032,TEXT,FORMULA,198.391,826.63,0.000,false
P0427,O011,O033,TEXT,TEXT,140.757,586.49,0.000,false
P0428,O011,O034,TEXT,TEXT,197.433,822.64,0.000,false
P0429,O011,O035,TEXT,TEXT,79.579,331.58,0.000,false
P0430,O011,O036,TEXT,PANEL_BORDER,86.470,360.29,0.000,false
P0431,O011,O037,TEXT,FORMULA,254.497,1060.40,0.000,false
P0432,O011,O038,TEXT,LINE_ARROW,186.890,778.71,0.000,false
P0433,O011,O039,TEXT,TEXT,195.088,812.87,0.000,false
P0434,O011,O040,TEXT,FORMULA,168.598,702.49,0.000,false
P0435,O011,O041,TEXT,LINE_ARROW,125.222,521.76,0.000,false
P0436,O011,O042,TEXT,TEXT,120.946,503.94,0.000,false
P0437,O011,O043,TEXT,TEXT,105.775,440.73,0.000,false
P0438,O011,O044,TEXT,TEXT,356.398,1484.99,0.000,false
P0439,O011,O045,TEXT,TEXT,124.310,517.96,0.000,false
P0440,O011,O046,TEXT,TEXT,162.801,678.34,0.000,false
P0441,O012,O013,NODE_BORDER,NODE_BORDER,5.100,21.25,0.000,false
P0442,O012,O014,NODE_BORDER,NODE_BORDER,47.620,198.42,0.000,false
P0443,O012,O015,NODE_BORDER,NODE_BORDER,90.140,375.58,0.000,false
P0444,O012,O016,NODE_BORDER,NODE_BORDER,132.660,552.75,0.000,false
P0445,O012,O017,NODE_BORDER,NODE_BORDER,175.180,729.92,0.000,false
P0446,O012,O018,NODE_BORDER,NODE_BORDER,217.700,907.08,0.000,false
P0447,O012,O019,NODE_BORDER,NODE_BORDER,260.220,1084.25,0.000,false
P0448,O012,O020,NODE_BORDER,TEXT,0.000,0.00,517.387,true
P0449,O012,O021,NODE_BORDER,TEXT,12.750,53.13,0.000,false
P0450,O012,O022,NODE_BORDER,TEXT,55.270,230.29,0.000,false
P0451,O012,O023,NODE_BORDER,TEXT,97.790,407.46,0.000,false
P0452,O012,O024,NODE_BORDER,TEXT,141.800,590.83,0.000,false
P0453,O012,O025,NODE_BORDER,TEXT,184.320,768.00,0.000,false
P0454,O012,O026,NODE_BORDER,TEXT,226.840,945.17,0.000,false
P0455,O012,O027,NODE_BORDER,TEXT,269.360,1122.33,0.000,false
P0456,O012,O028,NODE_BORDER,TEXT,27.661,115.25,0.000,false
P0457,O012,O029,NODE_BORDER,TEXT,132.303,551.26,0.000,false
P0458,O012,O030,NODE_BORDER,TEXT,217.318,905.49,0.000,false
P0459,O012,O031,NODE_BORDER,PANEL_BORDER,14.750,61.46,0.000,false
P0460,O012,O032,NODE_BORDER,FORMULA,90.859,378.58,0.000,false
P0461,O012,O033,NODE_BORDER,TEXT,110.855,461.90,0.000,false
P0462,O012,O034,NODE_BORDER,TEXT,33.750,140.62,0.000,false
P0463,O012,O035,NODE_BORDER,TEXT,149.100,621.25,0.000,false
P0464,O012,O036,NODE_BORDER,PANEL_BORDER,48.050,200.21,0.000,false
P0465,O012,O037,NODE_BORDER,FORMULA,76.933,320.56,0.000,false
P0466,O012,O038,NODE_BORDER,LINE_ARROW,93.270,388.62,0.000,false
P0467,O012,O039,NODE_BORDER,TEXT,98.675,411.14,0.000,false
P0468,O012,O040,NODE_BORDER,FORMULA,157.188,654.95,0.000,false
P0469,O012,O041,NODE_BORDER,LINE_ARROW,176.723,736.34,0.000,false
P0470,O012,O042,NODE_BORDER,TEXT,183.681,765.34,0.000,false
P0471,O012,O043,NODE_BORDER,TEXT,238.326,993.02,0.000,false
P0472,O012,O044,NODE_BORDER,TEXT,82.324,343.02,0.000,false
P0473,O012,O045,NODE_BORDER,TEXT,85.890,357.87,0.000,false
P0474,O012,O046,NODE_BORDER,TEXT,99.280,413.67,0.000,false
P0475,O013,O014,NODE_BORDER,NODE_BORDER,5.100,21.25,0.000,false
P0476,O013,O015,NODE_BORDER,NODE_BORDER,47.620,198.42,0.000,false
P0477,O013,O016,NODE_BORDER,NODE_BORDER,90.140,375.58,0.000,false
P0478,O013,O017,NODE_BORDER,NODE_BORDER,132.660,552.75,0.000,false
P0479,O013,O018,NODE_BORDER,NODE_BORDER,175.180,729.92,0.000,false
P0480,O013,O019,NODE_BORDER,NODE_BORDER,217.700,907.08,0.000,false
P0481,O013,O020,NODE_BORDER,TEXT,12.750,53.13,0.000,false
P0482,O013,O021,NODE_BORDER,TEXT,0.000,0.00,517.387,true
P0483,O013,O022,NODE_BORDER,TEXT,12.750,53.13,0.000,false
P0484,O013,O023,NODE_BORDER,TEXT,55.270,230.29,0.000,false
P0485,O013,O024,NODE_BORDER,TEXT,99.280,413.67,0.000,false
P0486,O013,O025,NODE_BORDER,TEXT,141.800,590.83,0.000,false
P0487,O013,O026,NODE_BORDER,TEXT,184.320,768.00,0.000,false
P0488,O013,O027,NODE_BORDER,TEXT,226.840,945.17,0.000,false
P0489,O013,O028,NODE_BORDER,TEXT,4.070,16.96,0.000,false
P0490,O013,O029,NODE_BORDER,TEXT,89.812,374.22,0.000,false
P0491,O013,O030,NODE_BORDER,TEXT,174.807,728.36,0.000,false
P0492,O013,O031,NODE_BORDER,PANEL_BORDER,14.750,61.46,0.000,false
P0493,O013,O032,NODE_BORDER,FORMULA,50.075,208.64,0.000,false
P0494,O013,O033,NODE_BORDER,TEXT,69.626,290.11,0.000,false
P0495,O013,O034,NODE_BORDER,TEXT,33.750,140.62,0.000,false
P0496,O013,O035,NODE_BORDER,TEXT,108.113,450.47,0.000,false
P0497,O013,O036,NODE_BORDER,PANEL_BORDER,48.050,200.21,0.000,false
P0498,O013,O037,NODE_BORDER,FORMULA,62.944,262.27,0.000,false
P0499,O013,O038,NODE_BORDER,LINE_ARROW,69.711,290.46,0.000,false
P0500,O013,O039,NODE_BORDER,TEXT,66.104,275.43,0.000,false
P0501,O013,O040,NODE_BORDER,FORMULA,119.416,497.57,0.000,false
P0502,O013,O041,NODE_BORDER,LINE_ARROW,138.132,575.55,0.000,false
P0503,O013,O042,NODE_BORDER,TEXT,143.335,597.23,0.000,false
P0504,O013,O043,NODE_BORDER,TEXT,197.685,823.69,0.000,false
P0505,O013,O044,NODE_BORDER,TEXT,93.565,389.85,0.000,false
P0506,O013,O045,NODE_BORDER,TEXT,85.890,357.87,0.000,false
P0507,O013,O046,NODE_BORDER,TEXT,99.280,413.67,0.000,false
P0508,O014,O015,NODE_BORDER,NODE_BORDER,5.100,21.25,0.000,false
P0509,O014,O016,NODE_BORDER,NODE_BORDER,47.620,198.42,0.000,false
P0510,O014,O017,NODE_BORDER,NODE_BORDER,90.140,375.58,0.000,false
P0511,O014,O018,NODE_BORDER,NODE_BORDER,132.660,552.75,0.000,false
P0512,O014,O019,NODE_BORDER,NODE_BORDER,175.180,729.92,0.000,false
P0513,O014,O020,NODE_BORDER,TEXT,55.270,230.29,0.000,false
P0514,O014,O021,NODE_BORDER,TEXT,12.750,53.13,0.000,false
P0515,O014,O022,NODE_BORDER,TEXT,0.000,0.00,524.465,true
P0516,O014,O023,NODE_BORDER,TEXT,12.750,53.13,0.000,false
P0517,O014,O024,NODE_BORDER,TEXT,56.760,236.50,0.000,false
P0518,O014,O025,NODE_BORDER,TEXT,99.280,413.67,0.000,false
P0519,O014,O026,NODE_BORDER,TEXT,141.800,590.83,0.000,false
P0520,O014,O027,NODE_BORDER,TEXT,184.320,768.00,0.000,false
P0521,O014,O028,NODE_BORDER,TEXT,4.070,16.96,0.000,false
P0522,O014,O029,NODE_BORDER,TEXT,47.375,197.40,0.000,false
P0523,O014,O030,NODE_BORDER,TEXT,132.303,551.26,0.000,false
P0524,O014,O031,NODE_BORDER,PANEL_BORDER,14.750,61.46,0.000,false
P0525,O014,O032,NODE_BORDER,FORMULA,19.378,80.74,0.000,false
P0526,O014,O033,NODE_BORDER,TEXT,31.980,133.25,0.000,false
P0527,O014,O034,NODE_BORDER,TEXT,33.750,140.62,0.000,false
P0528,O014,O035,NODE_BORDER,TEXT,69.007,287.53,0.000,false
P0529,O014,O036,NODE_BORDER,PANEL_BORDER,48.050,200.21,0.000,false
P0530,O014,O037,NODE_BORDER,FORMULA,62.920,262.17,0.000,false
P0531,O014,O038,NODE_BORDER,LINE_ARROW,65.490,272.88,0.000,false
P0532,O014,O039,NODE_BORDER,TEXT,51.170,213.21,0.000,false
P0533,O014,O040,NODE_BORDER,FORMULA,86.186,359.11,0.000,false
P0534,O014,O041,NODE_BORDER,LINE_ARROW,102.693,427.89,0.000,false
P0535,O014,O042,NODE_BORDER,TEXT,104.723,436.34,0.000,false
P0536,O014,O043,NODE_BORDER,TEXT,158.036,658.48,0.000,false
P0537,O014,O044,NODE_BORDER,TEXT,119.781,499.09,0.000,false
P0538,O014,O045,NODE_BORDER,TEXT,85.890,357.87,0.000,false
P0539,O014,O046,NODE_BORDER,TEXT,99.280,413.67,0.000,false
P0540,O015,O016,NODE_BORDER,NODE_BORDER,5.100,21.25,0.000,false
P0541,O015,O017,NODE_BORDER,NODE_BORDER,47.620,198.42,0.000,false
P0542,O015,O018,NODE_BORDER,NODE_BORDER,90.140,375.58,0.000,false
P0543,O015,O019,NODE_BORDER,NODE_BORDER,132.660,552.75,0.000,false
P0544,O015,O020,NODE_BORDER,TEXT,97.790,407.46,0.000,false
P0545,O015,O021,NODE_BORDER,TEXT,55.270,230.29,0.000,false
P0546,O015,O022,NODE_BORDER,TEXT,12.750,53.13,0.000,false
P0547,O015,O023,NODE_BORDER,TEXT,0.000,0.00,524.465,true
P0548,O015,O024,NODE_BORDER,TEXT,14.240,59.33,0.000,false
P0549,O015,O025,NODE_BORDER,TEXT,56.760,236.50,0.000,false
P0550,O015,O026,NODE_BORDER,TEXT,99.280,413.67,0.000,false
P0551,O015,O027,NODE_BORDER,TEXT,141.800,590.83,0.000,false
P0552,O015,O028,NODE_BORDER,TEXT,24.865,103.61,0.000,false
P0553,O015,O029,NODE_BORDER,TEXT,6.202,25.84,0.000,false
P0554,O015,O030,NODE_BORDER,TEXT,89.812,374.22,0.000,false
P0555,O015,O031,NODE_BORDER,PANEL_BORDER,14.750,61.46,0.000,false
P0556,O015,O032,NODE_BORDER,FORMULA,19.000,79.17,0.000,false
P0557,O015,O033,NODE_BORDER,TEXT,21.450,89.37,0.000,false
P0558,O015,O034,NODE_BORDER,TEXT,33.750,140.62,0.000,false
P0559,O015,O035,NODE_BORDER,TEXT,38.096,158.73,0.000,false
P0560,O015,O036,NODE_BORDER,PANEL_BORDER,48.050,200.21,0.000,false
P0561,O015,O037,NODE_BORDER,FORMULA,68.735,286.40,0.000,false
P0562,O015,O038,NODE_BORDER,LINE_ARROW,65.490,272.88,0.000,false
P0563,O015,O039,NODE_BORDER,TEXT,51.170,213.21,0.000,false
P0564,O015,O040,NODE_BORDER,FORMULA,64.898,270.41,0.000,false
P0565,O015,O041,NODE_BORDER,LINE_ARROW,75.014,312.56,0.000,false
P0566,O015,O042,NODE_BORDER,TEXT,70.744,294.77,0.000,false
P0567,O015,O043,NODE_BORDER,TEXT,120.364,501.52,0.000,false
P0568,O015,O044,NODE_BORDER,TEXT,153.481,639.51,0.000,false
P0569,O015,O045,NODE_BORDER,TEXT,85.890,357.87,0.000,false
P0570,O015,O046,NODE_BORDER,TEXT,99.280,413.67,0.000,false
P0571,O016,O017,NODE_BORDER,NODE_BORDER,5.100,21.25,0.000,false
P0572,O016,O018,NODE_BORDER,NODE_BORDER,47.620,198.42,0.000,false
P0573,O016,O019,NODE_BORDER,NODE_BORDER,90.140,375.58,0.000,false
P0574,O016,O020,NODE_BORDER,TEXT,140.310,584.62,0.000,false
P0575,O016,O021,NODE_BORDER,TEXT,97.790,407.46,0.000,false
P0576,O016,O022,NODE_BORDER,TEXT,55.270,230.29,0.000,false
P0577,O016,O023,NODE_BORDER,TEXT,12.750,53.13,0.000,false
P0578,O016,O024,NODE_BORDER,TEXT,0.000,0.00,415.121,true
P0579,O016,O025,NODE_BORDER,TEXT,14.240,59.33,0.000,false
P0580,O016,O026,NODE_BORDER,TEXT,56.760,236.50,0.000,false
P0581,O016,O027,NODE_BORDER,TEXT,99.280,413.67,0.000,false
P0582,O016,O028,NODE_BORDER,TEXT,67.173,279.89,0.000,false
P0583,O016,O029,NODE_BORDER,TEXT,4.070,16.96,0.000,false
P0584,O016,O030,NODE_BORDER,TEXT,47.375,197.40,0.000,false
P0585,O016,O031,NODE_BORDER,PANEL_BORDER,14.750,61.46,0.000,false
P0586,O016,O032,NODE_BORDER,FORMULA,32.721,136.34,0.000,false
P0587,O016,O033,NODE_BORDER,TEXT,21.450,89.37,0.000,false
P0588,O016,O034,NODE_BORDER,TEXT,39.493,164.56,0.000,false
P0589,O016,O035,NODE_BORDER,TEXT,33.750,140.62,0.000,false
P0590,O016,O036,NODE_BORDER,PANEL_BORDER,48.050,200.21,0.000,false
P0591,O016,O037,NODE_BORDER,FORMULA,94.263,392.76,0.000,false
P0592,O016,O038,NODE_BORDER,LINE_ARROW,65.490,272.88,0.000,false
P0593,O016,O039,NODE_BORDER,TEXT,52.146,217.27,0.000,false
P0594,O016,O040,NODE_BORDER,FORMULA,62.750,261.46,0.000,false
P0595,O016,O041,NODE_BORDER,LINE_ARROW,65.490,272.88,0.000,false
P0596,O016,O042,NODE_BORDER,TEXT,51.560,214.83,0.000,false
P0597,O016,O043,NODE_BORDER,TEXT,87.266,363.61,0.000,false
P0598,O016,O044,NODE_BORDER,TEXT,190.739,794.75,0.000,false
P0599,O016,O045,NODE_BORDER,TEXT,85.890,357.87,0.000,false
P0600,O016,O046,NODE_BORDER,TEXT,99.280,413.67,0.000,false
P0601,O017,O018,NODE_BORDER,NODE_BORDER,5.100,21.25,0.000,false
P0602,O017,O019,NODE_BORDER,NODE_BORDER,47.620,198.42,0.000,false
P0603,O017,O020,NODE_BORDER,TEXT,182.830,761.79,0.000,false
P0604,O017,O021,NODE_BORDER,TEXT,140.310,584.63,0.000,false
P0605,O017,O022,NODE_BORDER,TEXT,97.790,407.46,0.000,false
P0606,O017,O023,NODE_BORDER,TEXT,55.270,230.29,0.000,false
P0607,O017,O024,NODE_BORDER,TEXT,14.250,59.38,0.000,false
P0608,O017,O025,NODE_BORDER,TEXT,0.000,0.00,415.121,true
P0609,O017,O026,NODE_BORDER,TEXT,14.240,59.33,0.000,false
P0610,O017,O027,NODE_BORDER,TEXT,56.760,236.50,0.000,false
P0611,O017,O028,NODE_BORDER,TEXT,109.646,456.86,0.000,false
P0612,O017,O029,NODE_BORDER,TEXT,6.202,25.84,0.000,false
P0613,O017,O030,NODE_BORDER,TEXT,6.202,25.84,0.000,false
P0614,O017,O031,NODE_BORDER,PANEL_BORDER,14.750,61.46,0.000,false
P0615,O017,O032,NODE_BORDER,FORMULA,71.722,298.84,0.000,false
P0616,O017,O033,NODE_BORDER,TEXT,22.457,93.57,0.000,false
P0617,O017,O034,NODE_BORDER,TEXT,71.497,297.90,0.000,false
P0618,O017,O035,NODE_BORDER,TEXT,33.750,140.62,0.000,false
P0619,O017,O036,NODE_BORDER,PANEL_BORDER,48.050,200.21,0.000,false
P0620,O017,O037,NODE_BORDER,FORMULA,129.083,537.85,0.000,false
P0621,O017,O038,NODE_BORDER,LINE_ARROW,74.068,308.62,0.000,false
P0622,O017,O039,NODE_BORDER,TEXT,73.355,305.64,0.000,false
P0623,O017,O040,NODE_BORDER,FORMULA,64.321,268.01,0.000,false
P0624,O017,O041,NODE_BORDER,LINE_ARROW,65.490,272.88,0.000,false
P0625,O017,O042,NODE_BORDER,TEXT,51.170,213.21,0.000,false
P0626,O017,O043,NODE_BORDER,TEXT,66.024,275.10,0.000,false
P0627,O017,O044,NODE_BORDER,TEXT,229.831,957.63,0.000,false
P0628,O017,O045,NODE_BORDER,TEXT,85.890,357.87,0.000,false
P0629,O017,O046,NODE_BORDER,TEXT,99.280,413.67,0.000,false
P0630,O018,O019,NODE_BORDER,NODE_BORDER,5.100,21.25,0.000,false
P0631,O018,O020,NODE_BORDER,TEXT,225.350,938.96,0.000,false
P0632,O018,O021,NODE_BORDER,TEXT,182.830,761.79,0.000,false
P0633,O018,O022,NODE_BORDER,TEXT,140.310,584.62,0.000,false
P0634,O018,O023,NODE_BORDER,TEXT,97.790,407.46,0.000,false
P0635,O018,O024,NODE_BORDER,TEXT,56.770,236.54,0.000,false
P0636,O018,O025,NODE_BORDER,TEXT,14.250,59.38,0.000,false
P0637,O018,O026,NODE_BORDER,TEXT,0.000,0.00,415.121,true
P0638,O018,O027,NODE_BORDER,TEXT,14.240,59.33,0.000,false
P0639,O018,O028,NODE_BORDER,TEXT,152.144,633.94,0.000,false
P0640,O018,O029,NODE_BORDER,TEXT,47.375,197.40,0.000,false
P0641,O018,O030,NODE_BORDER,TEXT,4.070,16.96,0.000,false
P0642,O018,O031,NODE_BORDER,PANEL_BORDER,14.750,61.46,0.000,false
P0643,O018,O032,NODE_BORDER,FORMULA,113.285,472.02,0.000,false
P0644,O018,O033,NODE_BORDER,TEXT,53.645,223.52,0.000,false
P0645,O018,O034,NODE_BORDER,TEXT,110.815,461.73,0.000,false
P0646,O018,O035,NODE_BORDER,TEXT,33.750,140.62,0.000,false
P0647,O018,O036,NODE_BORDER,PANEL_BORDER,48.050,200.21,0.000,false
P0648,O018,O037,NODE_BORDER,FORMULA,167.497,697.90,0.000,false
P0649,O018,O038,NODE_BORDER,LINE_ARROW,101.175,421.56,0.000,false
P0650,O018,O039,NODE_BORDER,TEXT,107.975,449.90,0.000,false
P0651,O018,O040,NODE_BORDER,FORMULA,84.539,352.24,0.000,false
P0652,O018,O041,NODE_BORDER,LINE_ARROW,65.490,272.88,0.000,false
P0653,O018,O042,NODE_BORDER,TEXT,51.260,213.58,0.000,false
P0654,O018,O043,NODE_BORDER,TEXT,63.790,265.79,0.000,false
P0655,O018,O044,NODE_BORDER,TEXT,269.961,1124.84,0.000,false
P0656,O018,O045,NODE_BORDER,TEXT,85.890,357.87,0.000,false
P0657,O018,O046,NODE_BORDER,TEXT,99.654,415.23,0.000,false
P0658,O019,O020,NODE_BORDER,TEXT,267.870,1116.12,0.000,false
P0659,O019,O021,NODE_BORDER,TEXT,225.350,938.96,0.000,false
P0660,O019,O022,NODE_BORDER,TEXT,182.830,761.79,0.000,false
P0661,O019,O023,NODE_BORDER,TEXT,140.310,584.62,0.000,false
P0662,O019,O024,NODE_BORDER,TEXT,99.290,413.71,0.000,false
P0663,O019,O025,NODE_BORDER,TEXT,56.770,236.54,0.000,false
P0664,O019,O026,NODE_BORDER,TEXT,14.250,59.38,0.000,false
P0665,O019,O027,NODE_BORDER,TEXT,0.000,0.00,415.121,true
P0666,O019,O028,NODE_BORDER,TEXT,194.653,811.05,0.000,false
P0667,O019,O029,NODE_BORDER,TEXT,89.812,374.22,0.000,false
P0668,O019,O030,NODE_BORDER,TEXT,6.210,25.87,0.000,false
P0669,O019,O031,NODE_BORDER,PANEL_BORDER,14.750,61.46,0.000,false
P0670,O019,O032,NODE_BORDER,FORMULA,155.366,647.36,0.000,false
P0671,O019,O033,NODE_BORDER,TEXT,94.166,392.36,0.000,false
P0672,O019,O034,NODE_BORDER,TEXT,151.868,632.78,0.000,false
P0673,O019,O035,NODE_BORDER,TEXT,33.750,140.62,0.000,false
P0674,O019,O036,NODE_BORDER,PANEL_BORDER,48.050,200.21,0.000,false
P0675,O019,O037,NODE_BORDER,FORMULA,207.519,864.66,0.000,false
P0676,O019,O038,NODE_BORDER,LINE_ARROW,136.392,568.30,0.000,false
P0677,O019,O039,NODE_BORDER,TEXT,146.806,611.69,0.000,false
P0678,O019,O040,NODE_BORDER,FORMULA,117.355,488.98,0.000,false
P0679,O019,O041,NODE_BORDER,LINE_ARROW,73.873,307.80,0.000,false
P0680,O019,O042,NODE_BORDER,TEXT,68.507,285.44,0.000,false
P0681,O019,O043,NODE_BORDER,TEXT,63.790,265.79,0.000,false
P0682,O019,O044,NODE_BORDER,TEXT,310.727,1294.70,0.000,false
P0683,O019,O045,NODE_BORDER,TEXT,85.890,357.87,0.000,false
P0684,O019,O046,NODE_BORDER,TEXT,111.682,465.34,0.000,false
P0685,O020,O021,TEXT,TEXT,20.400,85.00,0.000,false
P0686,O020,O022,TEXT,TEXT,62.920,262.17,0.000,false
P0687,O020,O023,TEXT,TEXT,105.440,439.33,0.000,false
P0688,O020,O024,TEXT,TEXT,149.450,622.71,0.000,false
P0689,O020,O025,TEXT,TEXT,191.970,799.88,0.000,false
P0690,O020,O026,TEXT,TEXT,234.490,977.04,0.000,false
P0691,O020,O027,TEXT,TEXT,277.010,1154.21,0.000,false
P0692,O020,O028,TEXT,TEXT,35.412,147.55,0.000,false
P0693,O020,O029,TEXT,TEXT,139.991,583.30,0.000,false
P0694,O020,O030,TEXT,TEXT,224.993,937.47,0.000,false
P0695,O020,O031,TEXT,PANEL_BORDER,16.000,66.67,0.000,false
P0696,O020,O032,TEXT,FORMULA,98.602,410.84,0.000,false
P0697,O020,O033,TEXT,TEXT,118.603,494.18,0.000,false
P0698,O020,O034,TEXT,TEXT,35.099,146.25,0.000,false
P0699,O020,O035,TEXT,TEXT,156.835,653.48,0.000,false
P0700,O020,O036,TEXT,PANEL_BORDER,49.300,205.42,0.000,false
P0701,O020,O037,TEXT,FORMULA,82.544,343.93,0.000,false
P0702,O020,O038,TEXT,LINE_ARROW,99.695,415.40,0.000,false
P0703,O020,O039,TEXT,TEXT,105.903,441.26,0.000,false
P0704,O020,O040,TEXT,FORMULA,164.712,686.30,0.000,false
P0705,O020,O041,TEXT,LINE_ARROW,184.299,767.91,0.000,false
P0706,O020,O042,TEXT,TEXT,191.379,797.41,0.000,false
P0707,O020,O043,TEXT,TEXT,246.033,1025.14,0.000,false
P0708,O020,O044,TEXT,TEXT,84.104,350.43,0.000,false
P0709,O020,O045,TEXT,TEXT,87.140,363.08,0.000,false
P0710,O020,O046,TEXT,TEXT,100.530,418.88,0.000,false
P0711,O021,O022,TEXT,TEXT,20.400,85.00,0.000,false
P0712,O021,O023,TEXT,TEXT,62.920,262.17,0.000,false
P0713,O021,O024,TEXT,TEXT,106.930,445.54,0.000,false
P0714,O021,O025,TEXT,TEXT,149.450,622.71,0.000,false
P0715,O021,O026,TEXT,TEXT,191.970,799.88,0.000,false
P0716,O021,O027,TEXT,TEXT,234.490,977.04,0.000,false
P0717,O021,O028,TEXT,TEXT,5.320,22.17,0.000,false
P0718,O021,O029,TEXT,TEXT,97.515,406.31,0.000,false
P0719,O021,O030,TEXT,TEXT,182.488,760.36,0.000,false
P0720,O021,O031,TEXT,PANEL_BORDER,16.000,66.67,0.000,false
P0721,O021,O032,TEXT,FORMULA,57.653,240.22,0.000,false
P0722,O021,O033,TEXT,TEXT,77.298,322.08,0.000,false
P0723,O021,O034,TEXT,TEXT,35.000,145.83,0.000,false
P0724,O021,O035,TEXT,TEXT,115.777,482.40,0.000,false
P0725,O021,O036,TEXT,PANEL_BORDER,49.300,205.42,0.000,false
P0726,O021,O037,TEXT,FORMULA,64.855,270.23,0.000,false
P0727,O021,O038,TEXT,LINE_ARROW,73.817,307.57,0.000,false
P0728,O021,O039,TEXT,TEXT,72.098,300.41,0.000,false
P0729,O021,O040,TEXT,FORMULA,126.616,527.57,0.000,false
P0730,O021,O041,TEXT,LINE_ARROW,145.482,606.17,0.000,false
P0731,O021,O042,TEXT,TEXT,150.935,628.90,0.000,false
P0732,O021,O043,TEXT,TEXT,205.333,855.55,0.000,false
P0733,O021,O044,TEXT,TEXT,98.495,410.40,0.000,false
P0734,O021,O045,TEXT,TEXT,87.140,363.08,0.000,false
P0735,O021,O046,TEXT,TEXT,100.530,418.88,0.000,false
P0736,O022,O023,TEXT,TEXT,20.400,85.00,0.000,false
P0737,O022,O024,TEXT,TEXT,64.410,268.38,0.000,false
P0738,O022,O025,TEXT,TEXT,106.930,445.54,0.000,false
P0739,O022,O026,TEXT,TEXT,149.450,622.71,0.000,false
P0740,O022,O027,TEXT,TEXT,191.970,799.88,0.000,false
P0741,O022,O028,TEXT,TEXT,5.580,23.25,0.000,false
P0742,O022,O029,TEXT,TEXT,55.133,229.72,0.000,false
P0743,O022,O030,TEXT,TEXT,140.001,583.34,0.000,false
P0744,O022,O031,TEXT,PANEL_BORDER,16.260,67.75,0.000,false
P0745,O022,O032,TEXT,FORMULA,23.495,97.89,0.000,false
P0746,O022,O033,TEXT,TEXT,38.875,161.98,0.000,false
P0747,O022,O034,TEXT,TEXT,35.260,146.92,0.000,false
P0748,O022,O035,TEXT,TEXT,76.456,318.57,0.000,false
P0749,O022,O036,TEXT,PANEL_BORDER,49.560,206.50,0.000,false
P0750,O022,O037,TEXT,FORMULA,64.430,268.46,0.000,false
P0751,O022,O038,TEXT,LINE_ARROW,67.000,279.17,0.000,false
P0752,O022,O039,TEXT,TEXT,53.140,221.42,0.000,false
P0753,O022,O040,TEXT,FORMULA,92.640,386.00,0.000,false
P0754,O022,O041,TEXT,LINE_ARROW,109.611,456.71,0.000,false
P0755,O022,O042,TEXT,TEXT,112.161,467.34,0.000,false
P0756,O022,O043,TEXT,TEXT,165.654,690.22,0.000,false
P0757,O022,O044,TEXT,TEXT,126.445,526.86,0.000,false
P0758,O022,O045,TEXT,TEXT,87.400,364.17,0.000,false
P0759,O022,O046,TEXT,TEXT,100.790,419.96,0.000,false
P0760,O023,O024,TEXT,TEXT,21.890,91.21,0.000,false
P0761,O023,O025,TEXT,TEXT,64.410,268.38,0.000,false
P0762,O023,O026,TEXT,TEXT,106.930,445.54,0.000,false
P0763,O023,O027,TEXT,TEXT,149.450,622.71,0.000,false
P0764,O023,O028,TEXT,TEXT,32.660,136.08,0.000,false
P0765,O023,O029,TEXT,TEXT,13.534,56.39,0.000,false
P0766,O023,O030,TEXT,TEXT,97.530,406.37,0.000,false
P0767,O023,O031,TEXT,PANEL_BORDER,16.260,67.75,0.000,false
P0768,O023,O032,TEXT,FORMULA,20.510,85.46,0.000,false
P0769,O023,O033,TEXT,TEXT,22.960,95.67,0.000,false
P0770,O023,O034,TEXT,TEXT,35.260,146.92,0.000,false
P0771,O023,O035,TEXT,TEXT,43.409,180.87,0.000,false
P0772,O023,O036,TEXT,PANEL_BORDER,49.560,206.50,0.000,false
P0773,O023,O037,TEXT,FORMULA,73.476,306.15,0.000,false
P0774,O023,O038,TEXT,LINE_ARROW,67.000,279.17,0.000,false
P0775,O023,O039,TEXT,TEXT,52.680,219.50,0.000,false
P0776,O023,O040,TEXT,FORMULA,68.669,286.12,0.000,false
P0777,O023,O041,TEXT,LINE_ARROW,80.283,334.51,0.000,false
P0778,O023,O042,TEXT,TEXT,77.249,321.87,0.000,false
P0779,O023,O043,TEXT,TEXT,127.682,532.01,0.000,false
P0780,O023,O044,TEXT,TEXT,160.773,669.89,0.000,false
P0781,O023,O045,TEXT,TEXT,87.400,364.17,0.000,false
P0782,O023,O046,TEXT,TEXT,100.790,419.96,0.000,false
P0783,O024,O025,TEXT,TEXT,23.390,97.46,0.000,false
P0784,O024,O026,TEXT,TEXT,65.910,274.62,0.000,false
P0785,O024,O027,TEXT,TEXT,108.430,451.79,0.000,false
P0786,O024,O028,TEXT,TEXT,76.394,318.31,0.000,false
P0787,O024,O029,TEXT,TEXT,5.580,23.25,0.000,false
P0788,O024,O030,TEXT,TEXT,56.626,235.94,0.000,false
P0789,O024,O031,TEXT,PANEL_BORDER,16.260,67.75,0.000,false
P0790,O024,O032,TEXT,FORMULA,41.242,171.84,0.000,false
P0791,O024,O033,TEXT,TEXT,22.960,95.67,0.000,false
P0792,O024,O034,TEXT,TEXT,46.069,191.96,0.000,false
P0793,O024,O035,TEXT,TEXT,35.260,146.92,0.000,false
P0794,O024,O036,TEXT,PANEL_BORDER,49.560,206.50,0.000,false
P0795,O024,O037,TEXT,FORMULA,102.198,425.83,0.000,false
P0796,O024,O038,TEXT,LINE_ARROW,67.011,279.21,0.000,false
P0797,O024,O039,TEXT,TEXT,56.063,233.60,0.000,false
P0798,O024,O040,TEXT,FORMULA,64.260,267.75,0.000,false
P0799,O024,O041,TEXT,LINE_ARROW,67.077,279.49,0.000,false
P0800,O024,O042,TEXT,TEXT,54.907,228.78,0.000,false
P0801,O024,O043,TEXT,TEXT,94.783,394.93,0.000,false
P0802,O024,O044,TEXT,TEXT,199.653,831.89,0.000,false
P0803,O024,O045,TEXT,TEXT,87.400,364.17,0.000,false
P0804,O024,O046,TEXT,TEXT,100.790,419.96,0.000,false
P0805,O025,O026,TEXT,TEXT,23.390,97.46,0.000,false
P0806,O025,O027,TEXT,TEXT,65.910,274.63,0.000,false
P0807,O025,O028,TEXT,TEXT,118.841,495.17,0.000,false
P0808,O025,O029,TEXT,TEXT,14.904,62.10,0.000,false
P0809,O025,O030,TEXT,TEXT,14.913,62.14,0.000,false
P0810,O025,O031,TEXT,PANEL_BORDER,16.260,67.75,0.000,false
P0811,O025,O032,TEXT,FORMULA,80.942,337.26,0.000,false
P0812,O025,O033,TEXT,TEXT,27.865,116.11,0.000,false
P0813,O025,O034,TEXT,TEXT,80.323,334.68,0.000,false
P0814,O025,O035,TEXT,TEXT,35.260,146.92,0.000,false
P0815,O025,O036,TEXT,PANEL_BORDER,49.560,206.50,0.000,false
P0816,O025,O037,TEXT,FORMULA,137.836,574.31,0.000,false
P0817,O025,O038,TEXT,LINE_ARROW,80.014,333.39,0.000,false
P0818,O025,O039,TEXT,TEXT,81.130,338.04,0.000,false
P0819,O025,O040,TEXT,FORMULA,68.344,284.76,0.000,false
P0820,O025,O041,TEXT,LINE_ARROW,67.000,279.17,0.000,false
P0821,O025,O042,TEXT,TEXT,52.680,219.50,0.000,false
P0822,O025,O043,TEXT,TEXT,70.353,293.14,0.000,false
P0823,O025,O044,TEXT,TEXT,238.913,995.47,0.000,false
P0824,O025,O045,TEXT,TEXT,87.400,364.17,0.000,false
P0825,O025,O046,TEXT,TEXT,100.790,419.96,0.000,false
P0826,O026,O027,TEXT,TEXT,23.390,97.46,0.000,false
P0827,O026,O028,TEXT,TEXT,161.327,672.19,0.000,false
P0828,O026,O029,TEXT,TEXT,56.616,235.90,0.000,false
P0829,O026,O030,TEXT,TEXT,5.580,23.25,0.000,false
P0830,O026,O031,TEXT,PANEL_BORDER,16.260,67.75,0.000,false
P0831,O026,O032,TEXT,FORMULA,122.548,510.62,0.000,false
P0832,O026,O033,TEXT,TEXT,62.668,261.11,0.000,false
P0833,O026,O034,TEXT,TEXT,119.988,499.95,0.000,false
P0834,O026,O035,TEXT,TEXT,35.260,146.92,0.000,false
P0835,O026,O036,TEXT,PANEL_BORDER,49.560,206.50,0.000,false
P0836,O026,O037,TEXT,FORMULA,176.547,735.61,0.000,false
P0837,O026,O038,TEXT,LINE_ARROW,109.224,455.10,0.000,false
P0838,O026,O039,TEXT,TEXT,116.778,486.57,0.000,false
P0839,O026,O040,TEXT,FORMULA,91.966,383.19,0.000,false
P0840,O026,O041,TEXT,LINE_ARROW,67.005,279.19,0.000,false
P0841,O026,O042,TEXT,TEXT,54.067,225.28,0.000,false
P0842,O026,O043,TEXT,TEXT,65.300,272.08,0.000,false
P0843,O026,O044,TEXT,TEXT,279.129,1163.04,0.000,false
P0844,O026,O045,TEXT,TEXT,87.400,364.17,0.000,false
P0845,O026,O046,TEXT,TEXT,102.345,426.44,0.000,false
P0846,O027,O028,TEXT,TEXT,203.826,849.28,0.000,false
P0847,O027,O029,TEXT,TEXT,99.017,412.57,0.000,false
P0848,O027,O030,TEXT,TEXT,14.913,62.14,0.000,false
P0849,O027,O031,TEXT,PANEL_BORDER,16.260,67.75,0.000,false
P0850,O027,O032,TEXT,FORMULA,164.623,685.93,0.000,false
P0851,O027,O033,TEXT,TEXT,103.411,430.88,0.000,false
P0852,O027,O034,TEXT,TEXT,161.116,671.32,0.000,false
P0853,O027,O035,TEXT,TEXT,35.942,149.76,0.000,false
P0854,O027,O036,TEXT,PANEL_BORDER,49.560,206.50,0.000,false
P0855,O027,O037,TEXT,FORMULA,216.690,902.88,0.000,false
P0856,O027,O038,TEXT,LINE_ARROW,145.166,604.86,0.000,false
P0857,O027,O039,TEXT,TEXT,155.910,649.62,0.000,false
P0858,O027,O040,TEXT,FORMULA,125.938,524.74,0.000,false
P0859,O027,O041,TEXT,LINE_ARROW,79.785,332.44,0.000,false
P0860,O027,O042,TEXT,TEXT,75.935,316.40,0.000,false
P0861,O027,O043,TEXT,TEXT,65.303,272.10,0.000,false
P0862,O027,O044,TEXT,TEXT,319.942,1333.09,0.000,false
P0863,O027,O045,TEXT,TEXT,87.400,364.17,0.000,false
P0864,O027,O046,TEXT,TEXT,117.446,489.36,0.000,false
P0865,O028,O029,TEXT,TEXT,66.630,277.63,0.000,false
P0866,O028,O030,TEXT,TEXT,151.670,631.96,0.000,false
P0867,O028,O031,TEXT,PANEL_BORDER,0.440,1.83,0.000,true
P0868,O028,O032,TEXT,FORMULA,23.709,98.79,0.000,false
P0869,O028,O033,TEXT,TEXT,43.737,182.24,0.000,false
P0870,O028,O034,TEXT,TEXT,19.440,81.00,0.000,false
P0871,O028,O035,TEXT,TEXT,81.959,341.50,0.000,false
P0872,O028,O036,TEXT,PANEL_BORDER,33.740,140.58,0.000,false
P0873,O028,O037,TEXT,FORMULA,48.610,202.54,0.000,false
P0874,O028,O038,TEXT,LINE_ARROW,51.186,213.28,0.000,false
P0875,O028,O039,TEXT,TEXT,41.359,172.33,0.000,false
P0876,O028,O040,TEXT,FORMULA,92.251,384.38,0.000,false
P0877,O028,O041,TEXT,LINE_ARROW,111.030,462.62,0.000,false
P0878,O028,O042,TEXT,TEXT,116.770,486.54,0.000,false
P0879,O028,O043,TEXT,TEXT,171.321,713.84,0.000,false
P0880,O028,O044,TEXT,TEXT,95.294,397.06,0.000,false
P0881,O028,O045,TEXT,TEXT,71.580,298.25,0.000,false
P0882,O028,O046,TEXT,TEXT,84.970,354.04,0.000,false
P0883,O029,O030,TEXT,TEXT,46.780,194.92,0.000,false
P0884,O029,O031,TEXT,PANEL_BORDER,0.440,1.83,0.000,true
P0885,O029,O032,TEXT,FORMULA,26.636,110.98,0.000,false
P0886,O029,O033,TEXT,TEXT,7.140,29.75,0.000,false
P0887,O029,O034,TEXT,TEXT,27.956,116.48,0.000,false
P0888,O029,O035,TEXT,TEXT,19.440,81.00,0.000,false
P0889,O029,O036,TEXT,PANEL_BORDER,33.740,140.58,0.000,false
P0890,O029,O037,TEXT,FORMULA,85.034,354.31,0.000,false
P0891,O029,O038,TEXT,LINE_ARROW,51.180,213.25,0.000,false
P0892,O029,O039,TEXT,TEXT,38.095,158.73,0.000,false
P0893,O029,O040,TEXT,FORMULA,48.440,201.83,0.000,false
P0894,O029,O041,TEXT,LINE_ARROW,51.180,213.25,0.000,false
P0895,O029,O042,TEXT,TEXT,37.331,155.54,0.000,false
P0896,O029,O043,TEXT,TEXT,77.101,321.26,0.000,false
P0897,O029,O044,TEXT,TEXT,184.625,769.27,0.000,false
P0898,O029,O045,TEXT,TEXT,71.580,298.25,0.000,false
P0899,O029,O046,TEXT,TEXT,84.970,354.04,0.000,false
P0900,O030,O031,TEXT,PANEL_BORDER,0.440,1.83,0.000,true
P0901,O030,O032,TEXT,FORMULA,111.359,464.00,0.000,false
P0902,O030,O033,TEXT,TEXT,49.270,205.29,0.000,false
P0903,O030,O034,TEXT,TEXT,106.912,445.47,0.000,false
P0904,O030,O035,TEXT,TEXT,19.440,81.00,0.000,false
P0905,O030,O036,TEXT,PANEL_BORDER,33.740,140.58,0.000,false
P0906,O030,O037,TEXT,FORMULA,162.262,676.09,0.000,false
P0907,O030,O038,TEXT,LINE_ARROW,92.208,384.20,0.000,false
P0908,O030,O039,TEXT,TEXT,101.583,423.26,0.000,false
P0909,O030,O040,TEXT,FORMULA,74.218,309.24,0.000,false
P0910,O030,O041,TEXT,LINE_ARROW,51.180,213.25,0.000,false
P0911,O030,O042,TEXT,TEXT,36.952,153.97,0.000,false
P0912,O030,O043,TEXT,TEXT,49.480,206.17,0.000,false
P0913,O030,O044,TEXT,TEXT,265.542,1106.42,0.000,false
P0914,O030,O045,TEXT,TEXT,71.580,298.25,0.000,false
P0915,O030,O046,TEXT,TEXT,85.366,355.69,0.000,false
P0916,O031,O032,PANEL_BORDER,FORMULA,0.000,0.00,225.270,true
P0917,O031,O033,PANEL_BORDER,TEXT,0.000,0.00,637.746,true
P0918,O031,O034,PANEL_BORDER,TEXT,0.000,0.00,1224.322,true
P0919,O031,O035,PANEL_BORDER,TEXT,0.000,0.00,1224.322,true
P0920,O031,O036,PANEL_BORDER,PANEL_BORDER,3.540,14.75,0.000,false
P0921,O031,O037,PANEL_BORDER,FORMULA,18.410,76.71,0.000,false
P0922,O031,O038,PANEL_BORDER,LINE_ARROW,20.980,87.42,0.000,false
P0923,O031,O039,PANEL_BORDER,TEXT,6.660,27.75,0.000,false
P0924,O031,O040,PANEL_BORDER,FORMULA,18.240,76.00,0.000,false
P0925,O031,O041,PANEL_BORDER,LINE_ARROW,20.980,87.42,0.000,false
P0926,O031,O042,PANEL_BORDER,TEXT,6.660,27.75,0.000,false
P0927,O031,O043,PANEL_BORDER,TEXT,19.280,80.33,0.000,false
P0928,O031,O044,PANEL_BORDER,TEXT,37.800,157.50,0.000,false
P0929,O031,O045,PANEL_BORDER,TEXT,41.380,172.42,0.000,false
P0930,O031,O046,PANEL_BORDER,TEXT,54.770,228.21,0.000,false
P0931,O032,O033,FORMULA,TEXT,2.740,11.42,0.000,true
P0932,O032,O034,FORMULA,TEXT,1.630,6.79,0.000,true
P0933,O032,O035,FORMULA,TEXT,39.244,163.52,0.000,false
P0934,O032,O036,FORMULA,PANEL_BORDER,15.930,66.38,0.000,false
P0935,O032,O037,FORMULA,FORMULA,40.553,168.97,0.000,false
P0936,O032,O038,FORMULA,LINE_ARROW,33.370,139.04,0.000,false
P0937,O032,O039,FORMULA,TEXT,19.050,79.38,0.000,false
P0938,O032,O040,FORMULA,FORMULA,48.886,203.69,0.000,false
P0939,O032,O041,FORMULA,LINE_ARROW,67.019,279.24,0.000,false
P0940,O032,O042,FORMULA,TEXT,72.922,303.84,0.000,false
P0941,O032,O043,FORMULA,TEXT,127.603,531.68,0.000,false
P0942,O032,O044,FORMULA,TEXT,137.727,573.86,0.000,false
P0943,O032,O045,FORMULA,TEXT,53.770,224.04,0.000,false
P0944,O032,O046,FORMULA,TEXT,67.160,279.83,0.000,false
P0945,O033,O034,TEXT,TEXT,1.630,6.79,0.000,true
P0946,O033,O035,TEXT,TEXT,1.630,6.79,0.000,true
P0947,O033,O036,TEXT,PANEL_BORDER,15.930,66.38,0.000,false
P0948,O033,O037,TEXT,FORMULA,55.600,231.67,0.000,false
P0949,O033,O038,TEXT,LINE_ARROW,33.370,139.04,0.000,false
P0950,O033,O039,TEXT,TEXT,19.050,79.38,0.000,false
P0951,O033,O040,TEXT,FORMULA,30.630,127.62,0.000,false
P0952,O033,O041,TEXT,LINE_ARROW,33.370,139.04,0.000,false
P0953,O033,O042,TEXT,TEXT,20.615,85.90,0.000,false
P0954,O033,O043,TEXT,TEXT,68.820,286.75,0.000,false
P0955,O033,O044,TEXT,TEXT,156.437,651.82,0.000,false
P0956,O033,O045,TEXT,TEXT,53.770,224.04,0.000,false
P0957,O033,O046,TEXT,TEXT,67.160,279.83,0.000,false
P0958,O034,O035,TEXT,TEXT,33.080,137.83,0.000,false
P0959,O034,O036,TEXT,PANEL_BORDER,3.850,16.04,0.000,false
P0960,O034,O037,TEXT,FORMULA,18.720,78.00,0.000,false
P0961,O034,O038,TEXT,LINE_ARROW,21.290,88.71,0.000,false
P0962,O034,O039,TEXT,TEXT,6.970,29.04,0.000,false
P0963,O034,O040,TEXT,FORMULA,36.962,154.01,0.000,false
P0964,O034,O041,TEXT,LINE_ARROW,56.180,234.08,0.000,false
P0965,O034,O042,TEXT,TEXT,64.637,269.32,0.000,false
P0966,O034,O043,TEXT,TEXT,119.102,496.26,0.000,false
P0967,O034,O044,TEXT,TEXT,51.332,213.88,0.000,false
P0968,O034,O045,TEXT,TEXT,41.690,173.71,0.000,false
P0969,O034,O046,TEXT,TEXT,55.080,229.50,0.000,false
P0970,O035,O036,TEXT,PANEL_BORDER,3.850,16.04,0.000,false
P0971,O035,O037,TEXT,FORMULA,84.851,353.54,0.000,false
P0972,O035,O038,TEXT,LINE_ARROW,21.792,90.80,0.000,false
P0973,O035,O039,TEXT,TEXT,23.660,98.58,0.000,false
P0974,O035,O040,TEXT,FORMULA,18.550,77.29,0.000,false
P0975,O035,O041,TEXT,LINE_ARROW,21.290,88.71,0.000,false
P0976,O035,O042,TEXT,TEXT,6.970,29.04,0.000,false
P0977,O035,O043,TEXT,TEXT,19.590,81.63,0.000,false
P0978,O035,O044,TEXT,TEXT,188.530,785.54,0.000,false
P0979,O035,O045,TEXT,TEXT,41.690,173.71,0.000,false
P0980,O035,O046,TEXT,TEXT,55.080,229.50,0.000,false
P0981,O036,O037,PANEL_BORDER,FORMULA,0.000,0.00,232.778,true
P0982,O036,O038,PANEL_BORDER,LINE_ARROW,0.000,0.00,356.016,true
P0983,O036,O039,PANEL_BORDER,TEXT,0.000,0.00,392.063,true
P0984,O036,O040,PANEL_BORDER,FORMULA,0.000,0.00,216.535,true
P0985,O036,O041,PANEL_BORDER,LINE_ARROW,0.000,0.00,297.120,true
P0986,O036,O042,PANEL_BORDER,TEXT,0.000,0.00,392.165,true
P0987,O036,O043,PANEL_BORDER,TEXT,0.000,0.00,408.568,true
P0988,O036,O044,PANEL_BORDER,TEXT,3.070,12.79,0.000,false
P0989,O036,O045,PANEL_BORDER,TEXT,6.660,27.75,0.000,false
P0990,O036,O046,PANEL_BORDER,TEXT,20.050,83.54,0.000,false
P0991,O037,O038,FORMULA,LINE_ARROW,3.940,16.42,0.000,false
P0992,O037,O039,FORMULA,TEXT,21.951,91.46,0.000,false
P0993,O037,O040,FORMULA,FORMULA,81.650,340.21,0.000,false
P0994,O037,O041,FORMULA,LINE_ARROW,101.670,423.62,0.000,false
P0995,O037,O042,FORMULA,TEXT,113.950,474.79,0.000,false
P0996,O037,O043,FORMULA,TEXT,167.160,696.50,0.000,false
P0997,O037,O044,FORMULA,TEXT,83.939,349.75,0.000,false
P0998,O037,O045,FORMULA,TEXT,10.180,42.42,0.000,false
P0999,O037,O046,FORMULA,TEXT,23.570,98.21,0.000,false
P1000,O038,O039,LINE_ARROW,TEXT,4.070,16.96,0.000,false
P1001,O038,O040,LINE_ARROW,FORMULA,3.540,14.75,0.000,false
P1002,O038,O041,LINE_ARROW,LINE_ARROW,23.560,98.17,0.000,false
P1003,O038,O042,LINE_ARROW,TEXT,36.060,150.25,0.000,false
P1004,O038,O043,LINE_ARROW,TEXT,89.050,371.04,0.000,false
P1005,O038,O044,LINE_ARROW,TEXT,106.499,443.75,0.000,false
P1006,O038,O045,LINE_ARROW,TEXT,15.600,65.00,0.000,false
P1007,O038,O046,LINE_ARROW,TEXT,28.990,120.79,0.000,false
P1008,O039,O040,TEXT,FORMULA,21.541,89.75,0.000,false
P1009,O039,O041,TEXT,LINE_ARROW,41.719,173.83,0.000,false
P1010,O039,O042,TEXT,TEXT,53.790,224.12,0.000,false
P1011,O039,O043,TEXT,TEXT,107.036,445.98,0.000,false
P1012,O039,O044,TEXT,TEXT,125.529,523.04,0.000,false
P1013,O039,O045,TEXT,TEXT,24.470,101.96,0.000,false
P1014,O039,O046,TEXT,TEXT,37.860,157.75,0.000,false
P1015,O040,O041,FORMULA,LINE_ARROW,3.090,12.87,0.000,false
P1016,O040,O042,FORMULA,TEXT,15.417,64.24,0.000,false
P1017,O040,O043,FORMULA,TEXT,68.580,285.75,0.000,false
P1018,O040,O044,FORMULA,TEXT,183.654,765.23,0.000,false
P1019,O040,O045,FORMULA,TEXT,10.350,43.12,0.000,false
P1020,O040,O046,FORMULA,TEXT,23.740,98.92,0.000,false
P1021,O041,O042,LINE_ARROW,TEXT,4.070,16.96,0.000,false
P1022,O041,O043,LINE_ARROW,TEXT,3.590,14.96,0.000,false
P1023,O041,O044,LINE_ARROW,TEXT,203.904,849.60,0.000,false
P1024,O041,O045,LINE_ARROW,TEXT,15.600,65.00,0.000,false
P1025,O041,O046,LINE_ARROW,TEXT,28.990,120.79,0.000,false
P1026,O042,O043,TEXT,TEXT,15.147,63.11,0.000,false
P1027,O042,O044,TEXT,TEXT,216.828,903.45,0.000,false
P1028,O042,O045,TEXT,TEXT,24.470,101.96,0.000,false
P1029,O042,O046,TEXT,TEXT,37.860,157.75,0.000,false
P1030,O043,O044,TEXT,TEXT,269.160,1121.50,0.000,false
P1031,O043,O045,TEXT,TEXT,11.640,48.50,0.000,false
P1032,O043,O046,TEXT,TEXT,32.392,134.96,0.000,false
P1033,O044,O045,TEXT,TEXT,9.970,41.54,0.000,false
P1034,O044,O046,TEXT,TEXT,2.550,10.63,0.000,true
P1035,O045,O046,TEXT,TEXT,2.720,11.33,0.000,true
