COMMAND_ID,RECORD_ID,SEQNO,SEMANTIC_ID,COMMAND_INDEX,COMMAND_TYPE,REPLAY_DOMAIN,PIXELS,BBOX_CROP_PX,MASK_1X,CARD_1X,CARD_8X,REVIEWER,MANUAL_DECISION
V001,D001,13,R01,1,l,INDEPENDENT_GEOMETRY_STROKE_300DPI,132,"[458, 93, 492, 97]",06_primitives/command_masks/V001_mask_1x.png,06_primitives/command_cards/V001_1x.png,06_primitives/command_cards/V001_8x.png,SA3_gpt-5.6-sol_xhigh,PASS_INDEPENDENT_REPLAY
V002,D002,14,R01,1,l,INDEPENDENT_GEOMETRY_STROKE_300DPI,133,"[458, 116, 492, 120]",06_primitives/command_masks/V002_mask_1x.png,06_primitives/command_cards/V002_1x.png,06_primitives/command_cards/V002_8x.png,SA3_gpt-5.6-sol_xhigh,PASS_INDEPENDENT_REPLAY
V003,D003,16,R02,1,l,INDEPENDENT_GEOMETRY_STROKE_300DPI,116,"[568, 105, 598, 109]",06_primitives/command_masks/V003_mask_1x.png,06_primitives/command_cards/V003_1x.png,06_primitives/command_cards/V003_8x.png,SA3_gpt-5.6-sol_xhigh,PASS_INDEPENDENT_REPLAY
V004,D004,17,R02,1,l,INDEPENDENT_GEOMETRY_STROKE_300DPI,82,"[590, 94, 610, 109]",06_primitives/command_masks/V004_mask_1x.png,06_primitives/command_cards/V004_1x.png,06_primitives/command_cards/V004_8x.png,SA3_gpt-5.6-sol_xhigh,PASS_INDEPENDENT_REPLAY
V005,D004,17,R02,2,l,INDEPENDENT_GEOMETRY_STROKE_300DPI,54,"[590, 94, 599, 109]",06_primitives/command_masks/V005_mask_1x.png,06_primitives/command_cards/V005_1x.png,06_primitives/command_cards/V005_8x.png,SA3_gpt-5.6-sol_xhigh,PASS_INDEPENDENT_REPLAY
V006,D004,17,R02,3,l,INDEPENDENT_GEOMETRY_STROKE_300DPI,55,"[590, 105, 599, 120]",06_primitives/command_masks/V006_mask_1x.png,06_primitives/command_cards/V006_1x.png,06_primitives/command_cards/V006_8x.png,SA3_gpt-5.6-sol_xhigh,PASS_INDEPENDENT_REPLAY
V007,D004,17,R02,4,l,INDEPENDENT_GEOMETRY_STROKE_300DPI,83,"[590, 105, 610, 120]",06_primitives/command_masks/V007_mask_1x.png,06_primitives/command_cards/V007_1x.png,06_primitives/command_cards/V007_8x.png,SA3_gpt-5.6-sol_xhigh,PASS_INDEPENDENT_REPLAY
V008,D005,20,N01,1,c,INDEPENDENT_GEOMETRY_STROKE_300DPI,405,"[261, 222, 322, 282]",06_primitives/command_masks/V008_mask_1x.png,06_primitives/command_cards/V008_1x.png,06_primitives/command_cards/V008_8x.png,SA3_gpt-5.6-sol_xhigh,PASS_INDEPENDENT_REPLAY
V009,D005,20,N01,2,c,INDEPENDENT_GEOMETRY_STROKE_300DPI,404,"[204, 222, 265, 282]",06_primitives/command_masks/V009_mask_1x.png,06_primitives/command_cards/V009_1x.png,06_primitives/command_cards/V009_8x.png,SA3_gpt-5.6-sol_xhigh,PASS_INDEPENDENT_REPLAY
V010,D005,20,N01,3,c,INDEPENDENT_GEOMETRY_STROKE_300DPI,404,"[204, 279, 265, 339]",06_primitives/command_masks/V010_mask_1x.png,06_primitives/command_cards/V010_1x.png,06_primitives/command_cards/V010_8x.png,SA3_gpt-5.6-sol_xhigh,PASS_INDEPENDENT_REPLAY
V011,D005,20,N01,4,c,INDEPENDENT_GEOMETRY_STROKE_300DPI,406,"[261, 279, 322, 339]",06_primitives/command_masks/V011_mask_1x.png,06_primitives/command_cards/V011_1x.png,06_primitives/command_cards/V011_8x.png,SA3_gpt-5.6-sol_xhigh,PASS_INDEPENDENT_REPLAY
V012,D006,23,N02,1,c,INDEPENDENT_GEOMETRY_STROKE_300DPI,401,"[580, 222, 641, 282]",06_primitives/command_masks/V012_mask_1x.png,06_primitives/command_cards/V012_1x.png,06_primitives/command_cards/V012_8x.png,SA3_gpt-5.6-sol_xhigh,PASS_INDEPENDENT_REPLAY
V013,D006,23,N02,2,c,INDEPENDENT_GEOMETRY_STROKE_300DPI,403,"[523, 222, 584, 282]",06_primitives/command_masks/V013_mask_1x.png,06_primitives/command_cards/V013_1x.png,06_primitives/command_cards/V013_8x.png,SA3_gpt-5.6-sol_xhigh,PASS_INDEPENDENT_REPLAY
V014,D006,23,N02,3,c,INDEPENDENT_GEOMETRY_STROKE_300DPI,402,"[523, 279, 584, 339]",06_primitives/command_masks/V014_mask_1x.png,06_primitives/command_cards/V014_1x.png,06_primitives/command_cards/V014_8x.png,SA3_gpt-5.6-sol_xhigh,PASS_INDEPENDENT_REPLAY
V015,D006,23,N02,4,c,INDEPENDENT_GEOMETRY_STROKE_300DPI,405,"[580, 279, 641, 339]",06_primitives/command_masks/V015_mask_1x.png,06_primitives/command_cards/V015_1x.png,06_primitives/command_cards/V015_8x.png,SA3_gpt-5.6-sol_xhigh,PASS_INDEPENDENT_REPLAY
V016,D007,26,E01,1,c,INDEPENDENT_GEOMETRY_STROKE_300DPI,895,"[109, 254, 209, 305]",06_primitives/command_masks/V016_mask_1x.png,06_primitives/command_cards/V016_1x.png,06_primitives/command_cards/V016_8x.png,SA3_gpt-5.6-sol_xhigh,PASS_INDEPENDENT_REPLAY
V017,D008,27,E01,1,l,INDEPENDENT_GEOMETRY_STROKE_300DPI,69,"[189, 255, 204, 266]",06_primitives/command_masks/V017_mask_1x.png,06_primitives/command_cards/V017_1x.png,06_primitives/command_cards/V017_8x.png,SA3_gpt-5.6-sol_xhigh,PASS_INDEPENDENT_REPLAY
V018,D008,27,E01,2,l,INDEPENDENT_GEOMETRY_STROKE_300DPI,41,"[189, 254, 196, 264]",06_primitives/command_masks/V018_mask_1x.png,06_primitives/command_cards/V018_1x.png,06_primitives/command_cards/V018_8x.png,SA3_gpt-5.6-sol_xhigh,PASS_INDEPENDENT_REPLAY
V019,D008,27,E01,3,l,INDEPENDENT_GEOMETRY_STROKE_300DPI,40,"[187, 260, 196, 267]",06_primitives/command_masks/V019_mask_1x.png,06_primitives/command_cards/V019_1x.png,06_primitives/command_cards/V019_8x.png,SA3_gpt-5.6-sol_xhigh,PASS_INDEPENDENT_REPLAY
V020,D008,27,E01,4,l,INDEPENDENT_GEOMETRY_STROKE_300DPI,70,"[187, 262, 204, 268]",06_primitives/command_masks/V020_mask_1x.png,06_primitives/command_cards/V020_1x.png,06_primitives/command_cards/V020_8x.png,SA3_gpt-5.6-sol_xhigh,PASS_INDEPENDENT_REPLAY
V021,D009,29,BG01,1,re,INDEPENDENT_GEOMETRY_STROKE_300DPI,452,"[39, 258, 112, 303]",06_primitives/command_masks/V021_mask_1x.png,06_primitives/command_cards/V021_1x.png,06_primitives/command_cards/V021_8x.png,SA3_gpt-5.6-sol_xhigh,PASS_INDEPENDENT_REPLAY
V022,D010,31,E02,1,c,INDEPENDENT_GEOMETRY_STROKE_300DPI,893,"[637, 256, 737, 307]",06_primitives/command_masks/V022_mask_1x.png,06_primitives/command_cards/V022_1x.png,06_primitives/command_cards/V022_8x.png,SA3_gpt-5.6-sol_xhigh,PASS_INDEPENDENT_REPLAY
V023,D011,32,E02,1,l,INDEPENDENT_GEOMETRY_STROKE_300DPI,71,"[642, 295, 656, 307]",06_primitives/command_masks/V023_mask_1x.png,06_primitives/command_cards/V023_1x.png,06_primitives/command_cards/V023_8x.png,SA3_gpt-5.6-sol_xhigh,PASS_INDEPENDENT_REPLAY
V024,D011,32,E02,2,l,INDEPENDENT_GEOMETRY_STROKE_300DPI,43,"[649, 297, 656, 307]",06_primitives/command_masks/V024_mask_1x.png,06_primitives/command_cards/V024_1x.png,06_primitives/command_cards/V024_8x.png,SA3_gpt-5.6-sol_xhigh,PASS_INDEPENDENT_REPLAY
V025,D011,32,E02,3,l,INDEPENDENT_GEOMETRY_STROKE_300DPI,41,"[649, 294, 659, 301]",06_primitives/command_masks/V025_mask_1x.png,06_primitives/command_cards/V025_1x.png,06_primitives/command_cards/V025_8x.png,SA3_gpt-5.6-sol_xhigh,PASS_INDEPENDENT_REPLAY
V026,D011,32,E02,4,l,INDEPENDENT_GEOMETRY_STROKE_300DPI,69,"[642, 294, 659, 299]",06_primitives/command_masks/V026_mask_1x.png,06_primitives/command_cards/V026_1x.png,06_primitives/command_cards/V026_8x.png,SA3_gpt-5.6-sol_xhigh,PASS_INDEPENDENT_REPLAY
V027,D012,34,BG02,1,re,INDEPENDENT_GEOMETRY_STROKE_300DPI,411,"[734, 258, 806, 303]",06_primitives/command_masks/V027_mask_1x.png,06_primitives/command_cards/V027_1x.png,06_primitives/command_cards/V027_8x.png,SA3_gpt-5.6-sol_xhigh,PASS_INDEPENDENT_REPLAY
V028,D013,36,E03,1,c,INDEPENDENT_GEOMETRY_STROKE_300DPI,1316,"[315, 232, 517, 262]",06_primitives/command_masks/V028_mask_1x.png,06_primitives/command_cards/V028_1x.png,06_primitives/command_cards/V028_8x.png,SA3_gpt-5.6-sol_xhigh,PASS_INDEPENDENT_REPLAY
V029,D014,37,E03,1,l,INDEPENDENT_GEOMETRY_STROKE_300DPI,87,"[510, 245, 525, 259]",06_primitives/command_masks/V029_mask_1x.png,06_primitives/command_cards/V029_1x.png,06_primitives/command_cards/V029_8x.png,SA3_gpt-5.6-sol_xhigh,PASS_INDEPENDENT_REPLAY
V030,D014,37,E03,2,l,INDEPENDENT_GEOMETRY_STROKE_300DPI,50,"[510, 245, 517, 256]",06_primitives/command_masks/V030_mask_1x.png,06_primitives/command_cards/V030_1x.png,06_primitives/command_cards/V030_8x.png,SA3_gpt-5.6-sol_xhigh,PASS_INDEPENDENT_REPLAY
V031,D014,37,E03,3,l,INDEPENDENT_GEOMETRY_STROKE_300DPI,48,"[507, 251, 517, 258]",06_primitives/command_masks/V031_mask_1x.png,06_primitives/command_cards/V031_1x.png,06_primitives/command_cards/V031_8x.png,SA3_gpt-5.6-sol_xhigh,PASS_INDEPENDENT_REPLAY
V032,D014,37,E03,4,l,INDEPENDENT_GEOMETRY_STROKE_300DPI,85,"[507, 254, 525, 259]",06_primitives/command_masks/V032_mask_1x.png,06_primitives/command_cards/V032_1x.png,06_primitives/command_cards/V032_8x.png,SA3_gpt-5.6-sol_xhigh,PASS_INDEPENDENT_REPLAY
V033,D015,39,B01,1,l,INDEPENDENT_GEOMETRY_STROKE_300DPI,811,"[321, 147, 525, 151]",06_primitives/command_masks/V033_mask_1x.png,06_primitives/command_cards/V033_1x.png,06_primitives/command_cards/V033_8x.png,SA3_gpt-5.6-sol_xhigh,PASS_INDEPENDENT_REPLAY
V034,D015,39,B01,2,c,INDEPENDENT_GEOMETRY_STROKE_300DPI,40,"[316, 147, 324, 156]",06_primitives/command_masks/V034_mask_1x.png,06_primitives/command_cards/V034_1x.png,06_primitives/command_cards/V034_8x.png,SA3_gpt-5.6-sol_xhigh,PASS_INDEPENDENT_REPLAY
V035,D015,39,B01,3,l,INDEPENDENT_GEOMETRY_STROKE_300DPI,252,"[316, 153, 320, 217]",06_primitives/command_masks/V035_mask_1x.png,06_primitives/command_cards/V035_1x.png,06_primitives/command_cards/V035_8x.png,SA3_gpt-5.6-sol_xhigh,PASS_INDEPENDENT_REPLAY
V036,D015,39,B01,4,c,INDEPENDENT_GEOMETRY_STROKE_300DPI,39,"[316, 213, 324, 222]",06_primitives/command_masks/V036_mask_1x.png,06_primitives/command_cards/V036_1x.png,06_primitives/command_cards/V036_8x.png,SA3_gpt-5.6-sol_xhigh,PASS_INDEPENDENT_REPLAY
V037,D015,39,B01,5,l,INDEPENDENT_GEOMETRY_STROKE_300DPI,812,"[321, 218, 525, 222]",06_primitives/command_masks/V037_mask_1x.png,06_primitives/command_cards/V037_1x.png,06_primitives/command_cards/V037_8x.png,SA3_gpt-5.6-sol_xhigh,PASS_INDEPENDENT_REPLAY
V038,D015,39,B01,6,c,INDEPENDENT_GEOMETRY_STROKE_300DPI,43,"[521, 213, 530, 222]",06_primitives/command_masks/V038_mask_1x.png,06_primitives/command_cards/V038_1x.png,06_primitives/command_cards/V038_8x.png,SA3_gpt-5.6-sol_xhigh,PASS_INDEPENDENT_REPLAY
V039,D015,39,B01,7,l,INDEPENDENT_GEOMETRY_STROKE_300DPI,252,"[526, 153, 530, 217]",06_primitives/command_masks/V039_mask_1x.png,06_primitives/command_cards/V039_1x.png,06_primitives/command_cards/V039_8x.png,SA3_gpt-5.6-sol_xhigh,PASS_INDEPENDENT_REPLAY
V040,D015,39,B01,8,c,INDEPENDENT_GEOMETRY_STROKE_300DPI,41,"[521, 147, 530, 156]",06_primitives/command_masks/V040_mask_1x.png,06_primitives/command_cards/V040_1x.png,06_primitives/command_cards/V040_8x.png,SA3_gpt-5.6-sol_xhigh,PASS_INDEPENDENT_REPLAY
V041,D016,42,R03,1,l,INDEPENDENT_GEOMETRY_STROKE_300DPI,148,"[406, 168, 444, 172]",06_primitives/command_masks/V041_mask_1x.png,06_primitives/command_cards/V041_1x.png,06_primitives/command_cards/V041_8x.png,SA3_gpt-5.6-sol_xhigh,PASS_INDEPENDENT_REPLAY
V042,D017,43,R03,1,l,INDEPENDENT_GEOMETRY_STROKE_300DPI,114,"[406, 194, 444, 197]",06_primitives/command_masks/V042_mask_1x.png,06_primitives/command_cards/V042_1x.png,06_primitives/command_cards/V042_8x.png,SA3_gpt-5.6-sol_xhigh,PASS_INDEPENDENT_REPLAY
V043,D018,45,E04,1,c,INDEPENDENT_GEOMETRY_STROKE_300DPI,896,"[329, 300, 530, 328]",06_primitives/command_masks/V043_mask_1x.png,06_primitives/command_cards/V043_1x.png,06_primitives/command_cards/V043_8x.png,SA3_gpt-5.6-sol_xhigh,PASS_INDEPENDENT_REPLAY
V044,D019,46,E04,1,l,INDEPENDENT_GEOMETRY_STROKE_300DPI,72,"[320, 302, 334, 315]",06_primitives/command_masks/V044_mask_1x.png,06_primitives/command_cards/V044_1x.png,06_primitives/command_cards/V044_8x.png,SA3_gpt-5.6-sol_xhigh,PASS_INDEPENDENT_REPLAY
V045,D019,46,E04,2,l,INDEPENDENT_GEOMETRY_STROKE_300DPI,40,"[328, 305, 334, 315]",06_primitives/command_masks/V045_mask_1x.png,06_primitives/command_cards/V045_1x.png,06_primitives/command_cards/V045_8x.png,SA3_gpt-5.6-sol_xhigh,PASS_INDEPENDENT_REPLAY
V046,D019,46,E04,3,l,INDEPENDENT_GEOMETRY_STROKE_300DPI,36,"[328, 303, 337, 309]",06_primitives/command_masks/V046_mask_1x.png,06_primitives/command_cards/V046_1x.png,06_primitives/command_cards/V046_8x.png,SA3_gpt-5.6-sol_xhigh,PASS_INDEPENDENT_REPLAY
V047,D019,46,E04,4,l,INDEPENDENT_GEOMETRY_STROKE_300DPI,80,"[320, 302, 337, 307]",06_primitives/command_masks/V047_mask_1x.png,06_primitives/command_cards/V047_1x.png,06_primitives/command_cards/V047_8x.png,SA3_gpt-5.6-sol_xhigh,PASS_INDEPENDENT_REPLAY
V048,D020,48,BG03,1,re,INDEPENDENT_GEOMETRY_STROKE_300DPI,976,"[323, 325, 523, 388]",06_primitives/command_masks/V048_mask_1x.png,06_primitives/command_cards/V048_1x.png,06_primitives/command_cards/V048_8x.png,SA3_gpt-5.6-sol_xhigh,PASS_INDEPENDENT_REPLAY
V049,D021,50,R04,1,l,INDEPENDENT_GEOMETRY_STROKE_300DPI,149,"[406, 340, 444, 344]",06_primitives/command_masks/V049_mask_1x.png,06_primitives/command_cards/V049_1x.png,06_primitives/command_cards/V049_8x.png,SA3_gpt-5.6-sol_xhigh,PASS_INDEPENDENT_REPLAY
V050,D022,51,R04,1,l,INDEPENDENT_GEOMETRY_STROKE_300DPI,149,"[406, 366, 444, 370]",06_primitives/command_masks/V050_mask_1x.png,06_primitives/command_cards/V050_1x.png,06_primitives/command_cards/V050_8x.png,SA3_gpt-5.6-sol_xhigh,PASS_INDEPENDENT_REPLAY
V051,D023,54,R05,1,l,INDEPENDENT_GEOMETRY_STROKE_300DPI,150,"[302, 432, 340, 436]",06_primitives/command_masks/V051_mask_1x.png,06_primitives/command_cards/V051_1x.png,06_primitives/command_cards/V051_8x.png,SA3_gpt-5.6-sol_xhigh,PASS_INDEPENDENT_REPLAY
V052,D024,55,R05,1,l,INDEPENDENT_GEOMETRY_STROKE_300DPI,114,"[302, 459, 340, 462]",06_primitives/command_masks/V052_mask_1x.png,06_primitives/command_cards/V052_1x.png,06_primitives/command_cards/V052_8x.png,SA3_gpt-5.6-sol_xhigh,PASS_INDEPENDENT_REPLAY
V053,D025,58,H01,1,l,INDEPENDENT_GEOMETRY_STROKE_300DPI,271,"[478, 387, 569, 390]",06_primitives/command_masks/V053_mask_1x.png,06_primitives/command_cards/V053_1x.png,06_primitives/command_cards/V053_8x.png,SA3_gpt-5.6-sol_xhigh,PASS_INDEPENDENT_REPLAY
V054,D026,59,H01,1,l,INDEPENDENT_GEOMETRY_STROKE_300DPI,182,"[478, 387, 481, 449]",06_primitives/command_masks/V054_mask_1x.png,06_primitives/command_cards/V054_1x.png,06_primitives/command_cards/V054_8x.png,SA3_gpt-5.6-sol_xhigh,PASS_INDEPENDENT_REPLAY
V055,D027,60,H01,1,l,INDEPENDENT_GEOMETRY_STROKE_300DPI,182,"[565, 387, 568, 449]",06_primitives/command_masks/V055_mask_1x.png,06_primitives/command_cards/V055_1x.png,06_primitives/command_cards/V055_8x.png,SA3_gpt-5.6-sol_xhigh,PASS_INDEPENDENT_REPLAY
V056,D028,61,H01,1,l,INDEPENDENT_GEOMETRY_STROKE_300DPI,181,"[478, 447, 569, 449]",06_primitives/command_masks/V056_mask_1x.png,06_primitives/command_cards/V056_1x.png,06_primitives/command_cards/V056_8x.png,SA3_gpt-5.6-sol_xhigh,PASS_INDEPENDENT_REPLAY
V057,D029,63,R06,1,l,INDEPENDENT_GEOMETRY_STROKE_300DPI,149,"[525, 529, 564, 533]",06_primitives/command_masks/V057_mask_1x.png,06_primitives/command_cards/V057_1x.png,06_primitives/command_cards/V057_8x.png,SA3_gpt-5.6-sol_xhigh,PASS_INDEPENDENT_REPLAY
V058,D030,64,R06,1,l,INDEPENDENT_GEOMETRY_STROKE_300DPI,149,"[525, 555, 564, 559]",06_primitives/command_masks/V058_mask_1x.png,06_primitives/command_cards/V058_1x.png,06_primitives/command_cards/V058_8x.png,SA3_gpt-5.6-sol_xhigh,PASS_INDEPENDENT_REPLAY
V059,D031,66,C01,1,l,INDEPENDENT_GEOMETRY_STROKE_300DPI,2210,"[660, 328, 1213, 332]",06_primitives/command_masks/V059_mask_1x.png,06_primitives/command_cards/V059_1x.png,06_primitives/command_cards/V059_8x.png,SA3_gpt-5.6-sol_xhigh,PASS_INDEPENDENT_REPLAY
V060,D031,66,C01,2,c,INDEPENDENT_GEOMETRY_STROKE_300DPI,59,"[651, 328, 663, 340]",06_primitives/command_masks/V060_mask_1x.png,06_primitives/command_cards/V060_1x.png,06_primitives/command_cards/V060_8x.png,SA3_gpt-5.6-sol_xhigh,PASS_INDEPENDENT_REPLAY
V061,D031,66,C01,3,l,INDEPENDENT_GEOMETRY_STROKE_300DPI,652,"[651, 337, 655, 501]",06_primitives/command_masks/V061_mask_1x.png,06_primitives/command_cards/V061_1x.png,06_primitives/command_cards/V061_8x.png,SA3_gpt-5.6-sol_xhigh,PASS_INDEPENDENT_REPLAY
V062,D031,66,C01,4,c,INDEPENDENT_GEOMETRY_STROKE_300DPI,63,"[651, 497, 663, 509]",06_primitives/command_masks/V062_mask_1x.png,06_primitives/command_cards/V062_1x.png,06_primitives/command_cards/V062_8x.png,SA3_gpt-5.6-sol_xhigh,PASS_INDEPENDENT_REPLAY
V063,D031,66,C01,5,l,INDEPENDENT_GEOMETRY_STROKE_300DPI,2210,"[660, 505, 1213, 509]",06_primitives/command_masks/V063_mask_1x.png,06_primitives/command_cards/V063_1x.png,06_primitives/command_cards/V063_8x.png,SA3_gpt-5.6-sol_xhigh,PASS_INDEPENDENT_REPLAY
V064,D031,66,C01,6,c,INDEPENDENT_GEOMETRY_STROKE_300DPI,62,"[1210, 497, 1222, 509]",06_primitives/command_masks/V064_mask_1x.png,06_primitives/command_cards/V064_1x.png,06_primitives/command_cards/V064_8x.png,SA3_gpt-5.6-sol_xhigh,PASS_INDEPENDENT_REPLAY
V065,D031,66,C01,7,l,INDEPENDENT_GEOMETRY_STROKE_300DPI,652,"[1218, 337, 1222, 501]",06_primitives/command_masks/V065_mask_1x.png,06_primitives/command_cards/V065_1x.png,06_primitives/command_cards/V065_8x.png,SA3_gpt-5.6-sol_xhigh,PASS_INDEPENDENT_REPLAY
V066,D031,66,C01,8,c,INDEPENDENT_GEOMETRY_STROKE_300DPI,59,"[1210, 328, 1222, 340]",06_primitives/command_masks/V066_mask_1x.png,06_primitives/command_cards/V066_1x.png,06_primitives/command_cards/V066_8x.png,SA3_gpt-5.6-sol_xhigh,PASS_INDEPENDENT_REPLAY
V067,D032,69,R07,1,l,INDEPENDENT_GEOMETRY_STROKE_300DPI,154,"[899, 380, 939, 384]",06_primitives/command_masks/V067_mask_1x.png,06_primitives/command_cards/V067_1x.png,06_primitives/command_cards/V067_8x.png,SA3_gpt-5.6-sol_xhigh,PASS_INDEPENDENT_REPLAY
V068,D033,70,R07,1,l,INDEPENDENT_GEOMETRY_STROKE_300DPI,154,"[899, 407, 939, 411]",06_primitives/command_masks/V068_mask_1x.png,06_primitives/command_cards/V068_1x.png,06_primitives/command_cards/V068_8x.png,SA3_gpt-5.6-sol_xhigh,PASS_INDEPENDENT_REPLAY
V069,D034,72,R08,1,l,INDEPENDENT_GEOMETRY_STROKE_300DPI,105,"[875, 450, 910, 453]",06_primitives/command_masks/V069_mask_1x.png,06_primitives/command_cards/V069_1x.png,06_primitives/command_cards/V069_8x.png,SA3_gpt-5.6-sol_xhigh,PASS_INDEPENDENT_REPLAY
V070,D035,73,R08,1,l,INDEPENDENT_GEOMETRY_STROKE_300DPI,84,"[902, 439, 922, 453]",06_primitives/command_masks/V070_mask_1x.png,06_primitives/command_cards/V070_1x.png,06_primitives/command_cards/V070_8x.png,SA3_gpt-5.6-sol_xhigh,PASS_INDEPENDENT_REPLAY
V071,D035,73,R08,2,l,INDEPENDENT_GEOMETRY_STROKE_300DPI,54,"[902, 439, 911, 453]",06_primitives/command_masks/V071_mask_1x.png,06_primitives/command_cards/V071_1x.png,06_primitives/command_cards/V071_8x.png,SA3_gpt-5.6-sol_xhigh,PASS_INDEPENDENT_REPLAY
V072,D035,73,R08,3,l,INDEPENDENT_GEOMETRY_STROKE_300DPI,60,"[902, 450, 911, 464]",06_primitives/command_masks/V072_mask_1x.png,06_primitives/command_cards/V072_1x.png,06_primitives/command_cards/V072_8x.png,SA3_gpt-5.6-sol_xhigh,PASS_INDEPENDENT_REPLAY
V073,D035,73,R08,4,l,INDEPENDENT_GEOMETRY_STROKE_300DPI,80,"[902, 450, 922, 464]",06_primitives/command_masks/V073_mask_1x.png,06_primitives/command_cards/V073_1x.png,06_primitives/command_cards/V073_8x.png,SA3_gpt-5.6-sol_xhigh,PASS_INDEPENDENT_REPLAY
V074,D036,76,R09,1,l,INDEPENDENT_GEOMETRY_STROKE_300DPI,114,"[1078, 437, 1116, 440]",06_primitives/command_masks/V074_mask_1x.png,06_primitives/command_cards/V074_1x.png,06_primitives/command_cards/V074_8x.png,SA3_gpt-5.6-sol_xhigh,PASS_INDEPENDENT_REPLAY
V075,D037,77,R09,1,l,INDEPENDENT_GEOMETRY_STROKE_300DPI,148,"[1078, 462, 1116, 466]",06_primitives/command_masks/V075_mask_1x.png,06_primitives/command_cards/V075_1x.png,06_primitives/command_cards/V075_8x.png,SA3_gpt-5.6-sol_xhigh,PASS_INDEPENDENT_REPLAY
V076,D038,79,C02,1,l,INDEPENDENT_GEOMETRY_STROKE_300DPI,183,"[601, 416, 639, 421]",06_primitives/command_masks/V076_mask_1x.png,06_primitives/command_cards/V076_1x.png,06_primitives/command_cards/V076_8x.png,SA3_gpt-5.6-sol_xhigh,PASS_INDEPENDENT_REPLAY
V077,D039,80,C02,1,l,INDEPENDENT_GEOMETRY_STROKE_300DPI,77,"[631, 412, 648, 421]",06_primitives/command_masks/V077_mask_1x.png,06_primitives/command_cards/V077_1x.png,06_primitives/command_cards/V077_8x.png,SA3_gpt-5.6-sol_xhigh,PASS_INDEPENDENT_REPLAY
V078,D039,80,C02,2,l,INDEPENDENT_GEOMETRY_STROKE_300DPI,44,"[631, 412, 640, 421]",06_primitives/command_masks/V078_mask_1x.png,06_primitives/command_cards/V078_1x.png,06_primitives/command_cards/V078_8x.png,SA3_gpt-5.6-sol_xhigh,PASS_INDEPENDENT_REPLAY
V079,D039,80,C02,3,l,INDEPENDENT_GEOMETRY_STROKE_300DPI,44,"[631, 417, 640, 426]",06_primitives/command_masks/V079_mask_1x.png,06_primitives/command_cards/V079_1x.png,06_primitives/command_cards/V079_8x.png,SA3_gpt-5.6-sol_xhigh,PASS_INDEPENDENT_REPLAY
V080,D039,80,C02,4,l,INDEPENDENT_GEOMETRY_STROKE_300DPI,77,"[631, 417, 648, 426]",06_primitives/command_masks/V080_mask_1x.png,06_primitives/command_cards/V080_1x.png,06_primitives/command_cards/V080_8x.png,SA3_gpt-5.6-sol_xhigh,PASS_INDEPENDENT_REPLAY
V081,D040,82,C03,1,l,INDEPENDENT_GEOMETRY_STROKE_300DPI,181,"[1219, 416, 1257, 421]",06_primitives/command_masks/V081_mask_1x.png,06_primitives/command_cards/V081_1x.png,06_primitives/command_cards/V081_8x.png,SA3_gpt-5.6-sol_xhigh,PASS_INDEPENDENT_REPLAY
V082,D041,83,C03,1,l,INDEPENDENT_GEOMETRY_STROKE_300DPI,77,"[1249, 412, 1267, 421]",06_primitives/command_masks/V082_mask_1x.png,06_primitives/command_cards/V082_1x.png,06_primitives/command_cards/V082_8x.png,SA3_gpt-5.6-sol_xhigh,PASS_INDEPENDENT_REPLAY
V083,D041,83,C03,2,l,INDEPENDENT_GEOMETRY_STROKE_300DPI,44,"[1249, 412, 1258, 421]",06_primitives/command_masks/V083_mask_1x.png,06_primitives/command_cards/V083_1x.png,06_primitives/command_cards/V083_8x.png,SA3_gpt-5.6-sol_xhigh,PASS_INDEPENDENT_REPLAY
V084,D041,83,C03,3,l,INDEPENDENT_GEOMETRY_STROKE_300DPI,44,"[1249, 417, 1258, 426]",06_primitives/command_masks/V084_mask_1x.png,06_primitives/command_cards/V084_1x.png,06_primitives/command_cards/V084_8x.png,SA3_gpt-5.6-sol_xhigh,PASS_INDEPENDENT_REPLAY
V085,D041,83,C03,4,l,INDEPENDENT_GEOMETRY_STROKE_300DPI,76,"[1249, 417, 1266, 426]",06_primitives/command_masks/V085_mask_1x.png,06_primitives/command_cards/V085_1x.png,06_primitives/command_cards/V085_8x.png,SA3_gpt-5.6-sol_xhigh,PASS_INDEPENDENT_REPLAY
V086,D042,86,R10,1,l,INDEPENDENT_GEOMETRY_STROKE_300DPI,132,"[1600, 93, 1634, 97]",06_primitives/command_masks/V086_mask_1x.png,06_primitives/command_cards/V086_1x.png,06_primitives/command_cards/V086_8x.png,SA3_gpt-5.6-sol_xhigh,PASS_INDEPENDENT_REPLAY
V087,D043,87,R10,1,l,INDEPENDENT_GEOMETRY_STROKE_300DPI,133,"[1600, 116, 1634, 120]",06_primitives/command_masks/V087_mask_1x.png,06_primitives/command_cards/V087_1x.png,06_primitives/command_cards/V087_8x.png,SA3_gpt-5.6-sol_xhigh,PASS_INDEPENDENT_REPLAY
V088,D044,89,R11,1,l,INDEPENDENT_GEOMETRY_STROKE_300DPI,116,"[1710, 105, 1740, 109]",06_primitives/command_masks/V088_mask_1x.png,06_primitives/command_cards/V088_1x.png,06_primitives/command_cards/V088_8x.png,SA3_gpt-5.6-sol_xhigh,PASS_INDEPENDENT_REPLAY
V089,D045,90,R11,1,l,INDEPENDENT_GEOMETRY_STROKE_300DPI,81,"[1732, 94, 1752, 109]",06_primitives/command_masks/V089_mask_1x.png,06_primitives/command_cards/V089_1x.png,06_primitives/command_cards/V089_8x.png,SA3_gpt-5.6-sol_xhigh,PASS_INDEPENDENT_REPLAY
V090,D045,90,R11,2,l,INDEPENDENT_GEOMETRY_STROKE_300DPI,59,"[1732, 94, 1741, 109]",06_primitives/command_masks/V090_mask_1x.png,06_primitives/command_cards/V090_1x.png,06_primitives/command_cards/V090_8x.png,SA3_gpt-5.6-sol_xhigh,PASS_INDEPENDENT_REPLAY
V091,D045,90,R11,3,l,INDEPENDENT_GEOMETRY_STROKE_300DPI,54,"[1732, 105, 1741, 120]",06_primitives/command_masks/V091_mask_1x.png,06_primitives/command_cards/V091_1x.png,06_primitives/command_cards/V091_8x.png,SA3_gpt-5.6-sol_xhigh,PASS_INDEPENDENT_REPLAY
V092,D045,90,R11,4,l,INDEPENDENT_GEOMETRY_STROKE_300DPI,82,"[1732, 105, 1752, 120]",06_primitives/command_masks/V092_mask_1x.png,06_primitives/command_cards/V092_1x.png,06_primitives/command_cards/V092_8x.png,SA3_gpt-5.6-sol_xhigh,PASS_INDEPENDENT_REPLAY
V093,D046,93,N03,1,c,INDEPENDENT_GEOMETRY_STROKE_300DPI,406,"[1289, 222, 1350, 282]",06_primitives/command_masks/V093_mask_1x.png,06_primitives/command_cards/V093_1x.png,06_primitives/command_cards/V093_8x.png,SA3_gpt-5.6-sol_xhigh,PASS_INDEPENDENT_REPLAY
V094,D046,93,N03,2,c,INDEPENDENT_GEOMETRY_STROKE_300DPI,401,"[1232, 222, 1293, 282]",06_primitives/command_masks/V094_mask_1x.png,06_primitives/command_cards/V094_1x.png,06_primitives/command_cards/V094_8x.png,SA3_gpt-5.6-sol_xhigh,PASS_INDEPENDENT_REPLAY
V095,D046,93,N03,3,c,INDEPENDENT_GEOMETRY_STROKE_300DPI,402,"[1232, 279, 1293, 339]",06_primitives/command_masks/V095_mask_1x.png,06_primitives/command_cards/V095_1x.png,06_primitives/command_cards/V095_8x.png,SA3_gpt-5.6-sol_xhigh,PASS_INDEPENDENT_REPLAY
V096,D046,93,N03,4,c,INDEPENDENT_GEOMETRY_STROKE_300DPI,406,"[1289, 279, 1350, 339]",06_primitives/command_masks/V096_mask_1x.png,06_primitives/command_cards/V096_1x.png,06_primitives/command_cards/V096_8x.png,SA3_gpt-5.6-sol_xhigh,PASS_INDEPENDENT_REPLAY
V097,D047,96,N04,1,c,INDEPENDENT_GEOMETRY_STROKE_300DPI,403,"[1608, 222, 1669, 282]",06_primitives/command_masks/V097_mask_1x.png,06_primitives/command_cards/V097_1x.png,06_primitives/command_cards/V097_8x.png,SA3_gpt-5.6-sol_xhigh,PASS_INDEPENDENT_REPLAY
V098,D047,96,N04,2,c,INDEPENDENT_GEOMETRY_STROKE_300DPI,404,"[1551, 222, 1612, 282]",06_primitives/command_masks/V098_mask_1x.png,06_primitives/command_cards/V098_1x.png,06_primitives/command_cards/V098_8x.png,SA3_gpt-5.6-sol_xhigh,PASS_INDEPENDENT_REPLAY
V099,D047,96,N04,3,c,INDEPENDENT_GEOMETRY_STROKE_300DPI,403,"[1551, 279, 1612, 339]",06_primitives/command_masks/V099_mask_1x.png,06_primitives/command_cards/V099_1x.png,06_primitives/command_cards/V099_8x.png,SA3_gpt-5.6-sol_xhigh,PASS_INDEPENDENT_REPLAY
V100,D047,96,N04,4,c,INDEPENDENT_GEOMETRY_STROKE_300DPI,401,"[1608, 279, 1669, 339]",06_primitives/command_masks/V100_mask_1x.png,06_primitives/command_cards/V100_1x.png,06_primitives/command_cards/V100_8x.png,SA3_gpt-5.6-sol_xhigh,PASS_INDEPENDENT_REPLAY
V101,D048,99,E05,1,c,INDEPENDENT_GEOMETRY_STROKE_300DPI,896,"[1136, 254, 1236, 305]",06_primitives/command_masks/V101_mask_1x.png,06_primitives/command_cards/V101_1x.png,06_primitives/command_cards/V101_8x.png,SA3_gpt-5.6-sol_xhigh,PASS_INDEPENDENT_REPLAY
V102,D049,100,E05,1,l,INDEPENDENT_GEOMETRY_STROKE_300DPI,72,"[1217, 254, 1232, 266]",06_primitives/command_masks/V102_mask_1x.png,06_primitives/command_cards/V102_1x.png,06_primitives/command_cards/V102_8x.png,SA3_gpt-5.6-sol_xhigh,PASS_INDEPENDENT_REPLAY
V103,D049,100,E05,2,l,INDEPENDENT_GEOMETRY_STROKE_300DPI,42,"[1217, 254, 1224, 264]",06_primitives/command_masks/V103_mask_1x.png,06_primitives/command_cards/V103_1x.png,06_primitives/command_cards/V103_8x.png,SA3_gpt-5.6-sol_xhigh,PASS_INDEPENDENT_REPLAY
V104,D049,100,E05,3,l,INDEPENDENT_GEOMETRY_STROKE_300DPI,41,"[1214, 260, 1224, 267]",06_primitives/command_masks/V104_mask_1x.png,06_primitives/command_cards/V104_1x.png,06_primitives/command_cards/V104_8x.png,SA3_gpt-5.6-sol_xhigh,PASS_INDEPENDENT_REPLAY
V105,D049,100,E05,4,l,INDEPENDENT_GEOMETRY_STROKE_300DPI,69,"[1215, 262, 1231, 268]",06_primitives/command_masks/V105_mask_1x.png,06_primitives/command_cards/V105_1x.png,06_primitives/command_cards/V105_8x.png,SA3_gpt-5.6-sol_xhigh,PASS_INDEPENDENT_REPLAY
V106,D050,102,BG04,1,re,INDEPENDENT_GEOMETRY_STROKE_300DPI,411,"[1067, 258, 1139, 303]",06_primitives/command_masks/V106_mask_1x.png,06_primitives/command_cards/V106_1x.png,06_primitives/command_cards/V106_8x.png,SA3_gpt-5.6-sol_xhigh,PASS_INDEPENDENT_REPLAY
V107,D051,104,E06,1,c,INDEPENDENT_GEOMETRY_STROKE_300DPI,891,"[1664, 256, 1764, 307]",06_primitives/command_masks/V107_mask_1x.png,06_primitives/command_cards/V107_1x.png,06_primitives/command_cards/V107_8x.png,SA3_gpt-5.6-sol_xhigh,PASS_INDEPENDENT_REPLAY
V108,D052,105,E06,1,l,INDEPENDENT_GEOMETRY_STROKE_300DPI,72,"[1669, 295, 1684, 307]",06_primitives/command_masks/V108_mask_1x.png,06_primitives/command_cards/V108_1x.png,06_primitives/command_cards/V108_8x.png,SA3_gpt-5.6-sol_xhigh,PASS_INDEPENDENT_REPLAY
V109,D052,105,E06,2,l,INDEPENDENT_GEOMETRY_STROKE_300DPI,41,"[1677, 297, 1684, 307]",06_primitives/command_masks/V109_mask_1x.png,06_primitives/command_cards/V109_1x.png,06_primitives/command_cards/V109_8x.png,SA3_gpt-5.6-sol_xhigh,PASS_INDEPENDENT_REPLAY
V110,D052,105,E06,3,l,INDEPENDENT_GEOMETRY_STROKE_300DPI,39,"[1677, 294, 1686, 301]",06_primitives/command_masks/V110_mask_1x.png,06_primitives/command_cards/V110_1x.png,06_primitives/command_cards/V110_8x.png,SA3_gpt-5.6-sol_xhigh,PASS_INDEPENDENT_REPLAY
V111,D052,105,E06,4,l,INDEPENDENT_GEOMETRY_STROKE_300DPI,69,"[1669, 294, 1686, 299]",06_primitives/command_masks/V111_mask_1x.png,06_primitives/command_cards/V111_1x.png,06_primitives/command_cards/V111_8x.png,SA3_gpt-5.6-sol_xhigh,PASS_INDEPENDENT_REPLAY
V112,D053,107,BG05,1,re,INDEPENDENT_GEOMETRY_STROKE_300DPI,452,"[1761, 258, 1834, 303]",06_primitives/command_masks/V112_mask_1x.png,06_primitives/command_cards/V112_1x.png,06_primitives/command_cards/V112_8x.png,SA3_gpt-5.6-sol_xhigh,PASS_INDEPENDENT_REPLAY
V113,D054,109,E07,1,c,INDEPENDENT_GEOMETRY_STROKE_300DPI,1312,"[1342, 232, 1544, 262]",06_primitives/command_masks/V113_mask_1x.png,06_primitives/command_cards/V113_1x.png,06_primitives/command_cards/V113_8x.png,SA3_gpt-5.6-sol_xhigh,PASS_INDEPENDENT_REPLAY
V114,D055,110,E07,1,l,INDEPENDENT_GEOMETRY_STROKE_300DPI,86,"[1538, 245, 1552, 259]",06_primitives/command_masks/V114_mask_1x.png,06_primitives/command_cards/V114_1x.png,06_primitives/command_cards/V114_8x.png,SA3_gpt-5.6-sol_xhigh,PASS_INDEPENDENT_REPLAY
V115,D055,110,E07,2,l,INDEPENDENT_GEOMETRY_STROKE_300DPI,51,"[1538, 245, 1545, 256]",06_primitives/command_masks/V115_mask_1x.png,06_primitives/command_cards/V115_1x.png,06_primitives/command_cards/V115_8x.png,SA3_gpt-5.6-sol_xhigh,PASS_INDEPENDENT_REPLAY
V116,D055,110,E07,3,l,INDEPENDENT_GEOMETRY_STROKE_300DPI,50,"[1534, 251, 1545, 258]",06_primitives/command_masks/V116_mask_1x.png,06_primitives/command_cards/V116_1x.png,06_primitives/command_cards/V116_8x.png,SA3_gpt-5.6-sol_xhigh,PASS_INDEPENDENT_REPLAY
V117,D055,110,E07,4,l,INDEPENDENT_GEOMETRY_STROKE_300DPI,84,"[1534, 254, 1552, 259]",06_primitives/command_masks/V117_mask_1x.png,06_primitives/command_cards/V117_1x.png,06_primitives/command_cards/V117_8x.png,SA3_gpt-5.6-sol_xhigh,PASS_INDEPENDENT_REPLAY
V118,D056,112,B02,1,l,INDEPENDENT_GEOMETRY_STROKE_300DPI,772,"[1353, 147, 1547, 151]",06_primitives/command_masks/V118_mask_1x.png,06_primitives/command_cards/V118_1x.png,06_primitives/command_cards/V118_8x.png,SA3_gpt-5.6-sol_xhigh,PASS_INDEPENDENT_REPLAY
V119,D056,112,B02,2,c,INDEPENDENT_GEOMETRY_STROKE_300DPI,38,"[1348, 147, 1357, 155]",06_primitives/command_masks/V119_mask_1x.png,06_primitives/command_cards/V119_1x.png,06_primitives/command_cards/V119_8x.png,SA3_gpt-5.6-sol_xhigh,PASS_INDEPENDENT_REPLAY
V120,D056,112,B02,3,l,INDEPENDENT_GEOMETRY_STROKE_300DPI,255,"[1348, 152, 1352, 217]",06_primitives/command_masks/V120_mask_1x.png,06_primitives/command_cards/V120_1x.png,06_primitives/command_cards/V120_8x.png,SA3_gpt-5.6-sol_xhigh,PASS_INDEPENDENT_REPLAY
V121,D056,112,B02,4,c,INDEPENDENT_GEOMETRY_STROKE_300DPI,43,"[1348, 213, 1357, 222]",06_primitives/command_masks/V121_mask_1x.png,06_primitives/command_cards/V121_1x.png,06_primitives/command_cards/V121_8x.png,SA3_gpt-5.6-sol_xhigh,PASS_INDEPENDENT_REPLAY
V122,D056,112,B02,5,l,INDEPENDENT_GEOMETRY_STROKE_300DPI,772,"[1353, 218, 1547, 222]",06_primitives/command_masks/V122_mask_1x.png,06_primitives/command_cards/V122_1x.png,06_primitives/command_cards/V122_8x.png,SA3_gpt-5.6-sol_xhigh,PASS_INDEPENDENT_REPLAY
V123,D056,112,B02,6,c,INDEPENDENT_GEOMETRY_STROKE_300DPI,40,"[1544, 213, 1552, 222]",06_primitives/command_masks/V123_mask_1x.png,06_primitives/command_cards/V123_1x.png,06_primitives/command_cards/V123_8x.png,SA3_gpt-5.6-sol_xhigh,PASS_INDEPENDENT_REPLAY
V124,D056,112,B02,7,l,INDEPENDENT_GEOMETRY_STROKE_300DPI,193,"[1549, 152, 1552, 217]",06_primitives/command_masks/V124_mask_1x.png,06_primitives/command_cards/V124_1x.png,06_primitives/command_cards/V124_8x.png,SA3_gpt-5.6-sol_xhigh,PASS_INDEPENDENT_REPLAY
V125,D056,112,B02,8,c,INDEPENDENT_GEOMETRY_STROKE_300DPI,39,"[1544, 147, 1552, 155]",06_primitives/command_masks/V125_mask_1x.png,06_primitives/command_cards/V125_1x.png,06_primitives/command_cards/V125_8x.png,SA3_gpt-5.6-sol_xhigh,PASS_INDEPENDENT_REPLAY
V126,D057,115,R12,1,l,INDEPENDENT_GEOMETRY_STROKE_300DPI,148,"[1428, 168, 1466, 172]",06_primitives/command_masks/V126_mask_1x.png,06_primitives/command_cards/V126_1x.png,06_primitives/command_cards/V126_8x.png,SA3_gpt-5.6-sol_xhigh,PASS_INDEPENDENT_REPLAY
V127,D058,116,R12,1,l,INDEPENDENT_GEOMETRY_STROKE_300DPI,113,"[1428, 194, 1466, 197]",06_primitives/command_masks/V127_mask_1x.png,06_primitives/command_cards/V127_1x.png,06_primitives/command_cards/V127_8x.png,SA3_gpt-5.6-sol_xhigh,PASS_INDEPENDENT_REPLAY
V128,D059,118,E08,1,c,INDEPENDENT_GEOMETRY_STROKE_300DPI,904,"[1356, 300, 1558, 328]",06_primitives/command_masks/V128_mask_1x.png,06_primitives/command_cards/V128_1x.png,06_primitives/command_cards/V128_8x.png,SA3_gpt-5.6-sol_xhigh,PASS_INDEPENDENT_REPLAY
V129,D060,119,E08,1,l,INDEPENDENT_GEOMETRY_STROKE_300DPI,71,"[1348, 302, 1361, 315]",06_primitives/command_masks/V129_mask_1x.png,06_primitives/command_cards/V129_1x.png,06_primitives/command_cards/V129_8x.png,SA3_gpt-5.6-sol_xhigh,PASS_INDEPENDENT_REPLAY
V130,D060,119,E08,2,l,INDEPENDENT_GEOMETRY_STROKE_300DPI,40,"[1355, 305, 1361, 315]",06_primitives/command_masks/V130_mask_1x.png,06_primitives/command_cards/V130_1x.png,06_primitives/command_cards/V130_8x.png,SA3_gpt-5.6-sol_xhigh,PASS_INDEPENDENT_REPLAY
V131,D060,119,E08,3,l,INDEPENDENT_GEOMETRY_STROKE_300DPI,39,"[1355, 303, 1365, 309]",06_primitives/command_masks/V131_mask_1x.png,06_primitives/command_cards/V131_1x.png,06_primitives/command_cards/V131_8x.png,SA3_gpt-5.6-sol_xhigh,PASS_INDEPENDENT_REPLAY
V132,D060,119,E08,4,l,INDEPENDENT_GEOMETRY_STROKE_300DPI,79,"[1348, 302, 1365, 307]",06_primitives/command_masks/V132_mask_1x.png,06_primitives/command_cards/V132_1x.png,06_primitives/command_cards/V132_8x.png,SA3_gpt-5.6-sol_xhigh,PASS_INDEPENDENT_REPLAY
V133,D061,121,BG06,1,re,INDEPENDENT_GEOMETRY_STROKE_300DPI,1001,"[1355, 325, 1546, 389]",06_primitives/command_masks/V133_mask_1x.png,06_primitives/command_cards/V133_1x.png,06_primitives/command_cards/V133_8x.png,SA3_gpt-5.6-sol_xhigh,PASS_INDEPENDENT_REPLAY
V134,D062,123,R13,1,l,INDEPENDENT_GEOMETRY_STROKE_300DPI,114,"[1428, 341, 1466, 344]",06_primitives/command_masks/V134_mask_1x.png,06_primitives/command_cards/V134_1x.png,06_primitives/command_cards/V134_8x.png,SA3_gpt-5.6-sol_xhigh,PASS_INDEPENDENT_REPLAY
V135,D063,124,R13,1,l,INDEPENDENT_GEOMETRY_STROKE_300DPI,114,"[1428, 367, 1466, 370]",06_primitives/command_masks/V135_mask_1x.png,06_primitives/command_cards/V135_1x.png,06_primitives/command_cards/V135_8x.png,SA3_gpt-5.6-sol_xhigh,PASS_INDEPENDENT_REPLAY
V136,D064,127,R14,1,l,INDEPENDENT_GEOMETRY_STROKE_300DPI,152,"[1327, 429, 1366, 433]",06_primitives/command_masks/V136_mask_1x.png,06_primitives/command_cards/V136_1x.png,06_primitives/command_cards/V136_8x.png,SA3_gpt-5.6-sol_xhigh,PASS_INDEPENDENT_REPLAY
V137,D065,128,R14,1,l,INDEPENDENT_GEOMETRY_STROKE_300DPI,115,"[1327, 456, 1366, 459]",06_primitives/command_masks/V137_mask_1x.png,06_primitives/command_cards/V137_1x.png,06_primitives/command_cards/V137_8x.png,SA3_gpt-5.6-sol_xhigh,PASS_INDEPENDENT_REPLAY
V138,D066,131,H02,1,l,INDEPENDENT_GEOMETRY_STROKE_300DPI,181,"[1401, 441, 1492, 443]",06_primitives/command_masks/V138_mask_1x.png,06_primitives/command_cards/V138_1x.png,06_primitives/command_cards/V138_8x.png,SA3_gpt-5.6-sol_xhigh,PASS_INDEPENDENT_REPLAY
V139,D067,132,H02,1,l,INDEPENDENT_GEOMETRY_STROKE_300DPI,181,"[1402, 441, 1405, 502]",06_primitives/command_masks/V139_mask_1x.png,06_primitives/command_cards/V139_1x.png,06_primitives/command_cards/V139_8x.png,SA3_gpt-5.6-sol_xhigh,PASS_INDEPENDENT_REPLAY
V140,D068,133,H02,1,l,INDEPENDENT_GEOMETRY_STROKE_300DPI,181,"[1489, 441, 1492, 502]",06_primitives/command_masks/V140_mask_1x.png,06_primitives/command_cards/V140_1x.png,06_primitives/command_cards/V140_8x.png,SA3_gpt-5.6-sol_xhigh,PASS_INDEPENDENT_REPLAY
V141,D069,134,H02,1,l,INDEPENDENT_GEOMETRY_STROKE_300DPI,181,"[1401, 500, 1492, 502]",06_primitives/command_masks/V141_mask_1x.png,06_primitives/command_cards/V141_1x.png,06_primitives/command_cards/V141_8x.png,SA3_gpt-5.6-sol_xhigh,PASS_INDEPENDENT_REPLAY
V142,D070,136,R15,1,l,INDEPENDENT_GEOMETRY_STROKE_300DPI,149,"[1555, 534, 1593, 538]",06_primitives/command_masks/V142_mask_1x.png,06_primitives/command_cards/V142_1x.png,06_primitives/command_cards/V142_8x.png,SA3_gpt-5.6-sol_xhigh,PASS_INDEPENDENT_REPLAY
V143,D071,137,R15,1,l,INDEPENDENT_GEOMETRY_STROKE_300DPI,150,"[1555, 560, 1593, 564]",06_primitives/command_masks/V143_mask_1x.png,06_primitives/command_cards/V143_1x.png,06_primitives/command_cards/V143_8x.png,SA3_gpt-5.6-sol_xhigh,PASS_INDEPENDENT_REPLAY
