path,suffix,bytes,status,detail
00_taxonomy_frozen.json,.json,3370,OPEN_OK,
contact_sheets/all_pair_matrix_rows_001_058_cols_001_058.png,.png,25447,OPEN_OK,
contact_sheets/all_pair_matrix_rows_001_058_cols_059_116.png,.png,24562,OPEN_OK,
contact_sheets/all_pair_matrix_rows_059_116_cols_001_058.png,.png,26720,OPEN_OK,
contact_sheets/all_pair_matrix_rows_059_116_cols_059_116.png,.png,28061,OPEN_OK,
contact_sheets/critical_pair_contact_001.png,.png,87958,OPEN_OK,
contact_sheets/critical_pair_contact_002.png,.png,85992,OPEN_OK,
contact_sheets/critical_pair_contact_003.png,.png,93365,OPEN_OK,
contact_sheets/critical_pair_contact_004.png,.png,94311,OPEN_OK,
contact_sheets/critical_pair_contact_005.png,.png,68262,OPEN_OK,
contact_sheets/critical_pair_contact_006.png,.png,76213,OPEN_OK,
contact_sheets/critical_pair_contact_007.png,.png,99498,OPEN_OK,
contact_sheets/critical_pair_contact_008.png,.png,62233,OPEN_OK,
contact_sheets/critical_pair_contact_009.png,.png,43484,OPEN_OK,
contact_sheets/critical_pair_contact_010.png,.png,56504,OPEN_OK,
contact_sheets/critical_pair_contact_011.png,.png,16091,OPEN_OK,
contact_sheets/glyph_contact_native_triptych_001.png,.png,100262,OPEN_OK,
contact_sheets/glyph_contact_native_triptych_002.png,.png,113656,OPEN_OK,
contact_sheets/glyph_contact_native_triptych_003.png,.png,112067,OPEN_OK,
contact_sheets/glyph_contact_native_triptych_004.png,.png,101658,OPEN_OK,
contact_sheets/glyph_contact_native_triptych_005.png,.png,85487,OPEN_OK,
contact_sheets/graphic_contact_native_triptych_001.png,.png,108722,OPEN_OK,
contact_sheets/graphic_contact_native_triptych_002.png,.png,14472,OPEN_OK,
ledgers/after_font_audit.csv,.csv,811,OPEN_OK,
ledgers/after_pixel_measurements.csv,.csv,65220,OPEN_OK,
ledgers/all_objects.csv,.csv,74099,OPEN_OK,
ledgers/all_pair_reviewer_ledger.csv,.csv,4644574,OPEN_OK,
ledgers/all_unordered_pairs.csv,.csv,1475499,OPEN_OK,
ledgers/critical_pair_machine_ledger.csv,.csv,55530,OPEN_OK,
ledgers/failing_hard_gates.csv,.csv,1524,OPEN_OK,
ledgers/glyph_reviewer_ledger.csv,.csv,54437,OPEN_OK,
ledgers/graphic_object_ledger.csv,.csv,13056,OPEN_OK,
ledgers/graphic_reviewer_ledger.csv,.csv,14810,OPEN_OK,
ledgers/id_safe_filename_map.csv,.csv,19640,OPEN_OK,
ledgers/low_profile_calibration.csv,.csv,48,OPEN_OK,
ledgers/object_matrix_index.csv,.csv,1674,OPEN_OK,
ledgers/role_peer_ratio_ledger.csv,.csv,618,OPEN_OK,
ledgers/role_to_base_ratio_ledger.csv,.csv,586,OPEN_OK,
ledgers/view_reviewer_ledger.csv,.csv,1301,OPEN_OK,
machine/final_gate_summary.json,.json,1555,OPEN_OK,
machine/graphics_only_crop_300dpi.png,.png,17890,OPEN_OK,
machine/hard_gate_summary_pre_manual.json,.json,872,OPEN_OK,
machine/pdf_raw_character_inventory.csv,.csv,121342,OPEN_OK,
machine/text_union_raw_mask_300dpi.png,.png,30891,OPEN_OK,
object_evidence/D003_BORDER_NODE_TRIAL.json,.json,1136,OPEN_OK,
object_evidence/D003_BORDER_NODE_TRIAL__1x.png,.png,12025,OPEN_OK,
object_evidence/D003_BORDER_NODE_TRIAL__8x_nearest.png,.png,58995,OPEN_OK,
object_evidence/D003_BORDER_NODE_TRIAL__raw_mask.png,.png,532,OPEN_OK,
object_evidence/D006_BORDER_NODE_GAMMA.json,.json,1137,OPEN_OK,
object_evidence/D006_BORDER_NODE_GAMMA__1x.png,.png,16158,OPEN_OK,
object_evidence/D006_BORDER_NODE_GAMMA__8x_nearest.png,.png,65981,OPEN_OK,
object_evidence/D006_BORDER_NODE_GAMMA__raw_mask.png,.png,534,OPEN_OK,
object_evidence/D009_BORDER_NODE_FAMILIES.json,.json,1162,OPEN_OK,
object_evidence/D009_BORDER_NODE_FAMILIES__1x.png,.png,20040,OPEN_OK,
object_evidence/D009_BORDER_NODE_FAMILIES__8x_nearest.png,.png,78275,OPEN_OK,
object_evidence/D009_BORDER_NODE_FAMILIES__raw_mask.png,.png,587,OPEN_OK,
object_evidence/D012_BORDER_NODE_POSTERIOR.json,.json,1130,OPEN_OK,
object_evidence/D012_BORDER_NODE_POSTERIOR__1x.png,.png,24752,OPEN_OK,
object_evidence/D012_BORDER_NODE_POSTERIOR__8x_nearest.png,.png,109665,OPEN_OK,
object_evidence/D012_BORDER_NODE_POSTERIOR__raw_mask.png,.png,722,OPEN_OK,
object_evidence/D015_BORDER_NODE_PREDICTIVE.json,.json,1130,OPEN_OK,
object_evidence/D015_BORDER_NODE_PREDICTIVE__1x.png,.png,37390,OPEN_OK,
object_evidence/D015_BORDER_NODE_PREDICTIVE__8x_nearest.png,.png,184481,OPEN_OK,
object_evidence/D015_BORDER_NODE_PREDICTIVE__raw_mask.png,.png,1077,OPEN_OK,
object_evidence/D018_MATH_RULE_PREDICTIVE_FRACTION.json,.json,1184,OPEN_OK,
object_evidence/D018_MATH_RULE_PREDICTIVE_FRACTION__1x.png,.png,3272,OPEN_OK,
object_evidence/D018_MATH_RULE_PREDICTIVE_FRACTION__8x_nearest.png,.png,8893,OPEN_OK,
object_evidence/D018_MATH_RULE_PREDICTIVE_FRACTION__raw_mask.png,.png,120,OPEN_OK,
object_evidence/D020_BORDER_NODE_SIMPLEX.json,.json,1156,OPEN_OK,
object_evidence/D020_BORDER_NODE_SIMPLEX__1x.png,.png,10335,OPEN_OK,
object_evidence/D020_BORDER_NODE_SIMPLEX__8x_nearest.png,.png,49997,OPEN_OK,
object_evidence/D020_BORDER_NODE_SIMPLEX__raw_mask.png,.png,517,OPEN_OK,
object_evidence/D023_BORDER_NODE_MOM.json,.json,1123,OPEN_OK,
object_evidence/D023_BORDER_NODE_MOM__1x.png,.png,18517,OPEN_OK,
object_evidence/D023_BORDER_NODE_MOM__8x_nearest.png,.png,64216,OPEN_OK,
object_evidence/D023_BORDER_NODE_MOM__raw_mask.png,.png,516,OPEN_OK,
object_evidence/D026_BORDER_NODE_LDA.json,.json,1119,OPEN_OK,
object_evidence/D026_BORDER_NODE_LDA__1x.png,.png,20582,OPEN_OK,
object_evidence/D026_BORDER_NODE_LDA__8x_nearest.png,.png,66932,OPEN_OK,
object_evidence/D026_BORDER_NODE_LDA__raw_mask.png,.png,527,OPEN_OK,
object_evidence/D029_EDGE_TRIAL_FAMILIES_SHAFT.json,.json,1127,OPEN_OK,
object_evidence/D029_EDGE_TRIAL_FAMILIES_SHAFT__1x.png,.png,2971,OPEN_OK,
object_evidence/D029_EDGE_TRIAL_FAMILIES_SHAFT__8x_nearest.png,.png,6045,OPEN_OK,
object_evidence/D029_EDGE_TRIAL_FAMILIES_SHAFT__raw_mask.png,.png,155,OPEN_OK,
object_evidence/D030_EDGE_TRIAL_FAMILIES_HEAD.json,.json,1197,OPEN_OK,
object_evidence/D030_EDGE_TRIAL_FAMILIES_HEAD__1x.png,.png,2915,OPEN_OK,
object_evidence/D030_EDGE_TRIAL_FAMILIES_HEAD__8x_nearest.png,.png,6480,OPEN_OK,
object_evidence/D030_EDGE_TRIAL_FAMILIES_HEAD__raw_mask.png,.png,167,OPEN_OK,
object_evidence/D032_EDGE_GAMMA_FAMILIES_SHAFT.json,.json,1128,OPEN_OK,
object_evidence/D032_EDGE_GAMMA_FAMILIES_SHAFT__1x.png,.png,2920,OPEN_OK,
object_evidence/D032_EDGE_GAMMA_FAMILIES_SHAFT__8x_nearest.png,.png,6155,OPEN_OK,
object_evidence/D032_EDGE_GAMMA_FAMILIES_SHAFT__raw_mask.png,.png,144,OPEN_OK,
object_evidence/D033_EDGE_GAMMA_FAMILIES_HEAD.json,.json,1198,OPEN_OK,
object_evidence/D033_EDGE_GAMMA_FAMILIES_HEAD__1x.png,.png,2924,OPEN_OK,
object_evidence/D033_EDGE_GAMMA_FAMILIES_HEAD__8x_nearest.png,.png,6564,OPEN_OK,
object_evidence/D033_EDGE_GAMMA_FAMILIES_HEAD__raw_mask.png,.png,176,OPEN_OK,
object_evidence/D035_EDGE_FAMILIES_POSTERIOR_SHAFT.json,.json,1158,OPEN_OK,
object_evidence/D035_EDGE_FAMILIES_POSTERIOR_SHAFT__1x.png,.png,2224,OPEN_OK,
object_evidence/D035_EDGE_FAMILIES_POSTERIOR_SHAFT__8x_nearest.png,.png,4690,OPEN_OK,
object_evidence/D035_EDGE_FAMILIES_POSTERIOR_SHAFT__raw_mask.png,.png,94,OPEN_OK,
object_evidence/D036_EDGE_FAMILIES_POSTERIOR_HEAD.json,.json,1230,OPEN_OK,
object_evidence/D036_EDGE_FAMILIES_POSTERIOR_HEAD__1x.png,.png,2866,OPEN_OK,
object_evidence/D036_EDGE_FAMILIES_POSTERIOR_HEAD__8x_nearest.png,.png,6296,OPEN_OK,
object_evidence/D036_EDGE_FAMILIES_POSTERIOR_HEAD__raw_mask.png,.png,184,OPEN_OK,
object_evidence/D038_EDGE_POSTERIOR_PREDICTIVE_SHAFT.json,.json,1173,OPEN_OK,
object_evidence/D038_EDGE_POSTERIOR_PREDICTIVE_SHAFT__1x.png,.png,1773,OPEN_OK,
object_evidence/D038_EDGE_POSTERIOR_PREDICTIVE_SHAFT__8x_nearest.png,.png,3897,OPEN_OK,
object_evidence/D038_EDGE_POSTERIOR_PREDICTIVE_SHAFT__raw_mask.png,.png,98,OPEN_OK,
object_evidence/D039_EDGE_POSTERIOR_PREDICTIVE_HEAD.json,.json,1246,OPEN_OK,
object_evidence/D039_EDGE_POSTERIOR_PREDICTIVE_HEAD__1x.png,.png,2880,OPEN_OK,
object_evidence/D039_EDGE_POSTERIOR_PREDICTIVE_HEAD__8x_nearest.png,.png,6372,OPEN_OK,
object_evidence/D039_EDGE_POSTERIOR_PREDICTIVE_HEAD__raw_mask.png,.png,178,OPEN_OK,
object_evidence/D041_EDGE_FAMILIES_SIMPLEX.json,.json,1111,OPEN_OK,
object_evidence/D041_EDGE_FAMILIES_SIMPLEX__1x.png,.png,3155,OPEN_OK,
object_evidence/D041_EDGE_FAMILIES_SIMPLEX__8x_nearest.png,.png,11767,OPEN_OK,
object_evidence/D041_EDGE_FAMILIES_SIMPLEX__raw_mask.png,.png,222,OPEN_OK,
object_evidence/D042_EDGE_POSTERIOR_MOM.json,.json,1085,OPEN_OK,
object_evidence/D042_EDGE_POSTERIOR_MOM__1x.png,.png,1908,OPEN_OK,
object_evidence/D042_EDGE_POSTERIOR_MOM__8x_nearest.png,.png,6031,OPEN_OK,
object_evidence/D042_EDGE_POSTERIOR_MOM__raw_mask.png,.png,141,OPEN_OK,
object_evidence/D043_EDGE_PREDICTIVE_LDA_SHAFT.json,.json,1131,OPEN_OK,
object_evidence/D043_EDGE_PREDICTIVE_LDA_SHAFT__1x.png,.png,1918,OPEN_OK,
object_evidence/D043_EDGE_PREDICTIVE_LDA_SHAFT__8x_nearest.png,.png,4857,OPEN_OK,
object_evidence/D043_EDGE_PREDICTIVE_LDA_SHAFT__raw_mask.png,.png,136,OPEN_OK,
object_evidence/D044_EDGE_PREDICTIVE_LDA_HEAD.json,.json,1200,OPEN_OK,
object_evidence/D044_EDGE_PREDICTIVE_LDA_HEAD__1x.png,.png,2584,OPEN_OK,
object_evidence/D044_EDGE_PREDICTIVE_LDA_HEAD__8x_nearest.png,.png,6462,OPEN_OK,
object_evidence/D044_EDGE_PREDICTIVE_LDA_HEAD__raw_mask.png,.png,179,OPEN_OK,
object_evidence/G0001.json,.json,1398,OPEN_OK,
object_evidence/G0001__1x.png,.png,4706,OPEN_OK,
object_evidence/G0001__8x_nearest.png,.png,10415,OPEN_OK,
object_evidence/G0001__raw_mask.png,.png,315,OPEN_OK,
object_evidence/G0002.json,.json,1399,OPEN_OK,
object_evidence/G0002__1x.png,.png,3805,OPEN_OK,
object_evidence/G0002__8x_nearest.png,.png,8970,OPEN_OK,
object_evidence/G0002__raw_mask.png,.png,248,OPEN_OK,
object_evidence/G0003.json,.json,1399,OPEN_OK,
object_evidence/G0003__1x.png,.png,3291,OPEN_OK,
object_evidence/G0003__8x_nearest.png,.png,8186,OPEN_OK,
object_evidence/G0003__raw_mask.png,.png,236,OPEN_OK,
object_evidence/G0004.json,.json,1399,OPEN_OK,
object_evidence/G0004__1x.png,.png,5583,OPEN_OK,
object_evidence/G0004__8x_nearest.png,.png,11944,OPEN_OK,
object_evidence/G0004__raw_mask.png,.png,356,OPEN_OK,
object_evidence/G0005.json,.json,1407,OPEN_OK,
object_evidence/G0005__1x.png,.png,2635,OPEN_OK,
object_evidence/G0005__8x_nearest.png,.png,6097,OPEN_OK,
object_evidence/G0005__raw_mask.png,.png,178,OPEN_OK,
object_evidence/G0006.json,.json,1406,OPEN_OK,
object_evidence/G0006__1x.png,.png,3377,OPEN_OK,
object_evidence/G0006__8x_nearest.png,.png,7658,OPEN_OK,
object_evidence/G0006__raw_mask.png,.png,209,OPEN_OK,
object_evidence/G0007.json,.json,1412,OPEN_OK,
object_evidence/G0007__1x.png,.png,2808,OPEN_OK,
object_evidence/G0007__8x_nearest.png,.png,6215,OPEN_OK,
object_evidence/G0007__raw_mask.png,.png,177,OPEN_OK,
object_evidence/G0008.json,.json,1414,OPEN_OK,
object_evidence/G0008__1x.png,.png,3360,OPEN_OK,
object_evidence/G0008__8x_nearest.png,.png,7351,OPEN_OK,
object_evidence/G0008__raw_mask.png,.png,166,OPEN_OK,
object_evidence/G0009.json,.json,1414,OPEN_OK,
object_evidence/G0009__1x.png,.png,3549,OPEN_OK,
object_evidence/G0009__8x_nearest.png,.png,7536,OPEN_OK,
object_evidence/G0009__raw_mask.png,.png,166,OPEN_OK,
object_evidence/G0010.json,.json,1412,OPEN_OK,
object_evidence/G0010__1x.png,.png,2717,OPEN_OK,
object_evidence/G0010__8x_nearest.png,.png,6114,OPEN_OK,
object_evidence/G0010__raw_mask.png,.png,179,OPEN_OK,
object_evidence/G0011.json,.json,1402,OPEN_OK,
object_evidence/G0011__1x.png,.png,3363,OPEN_OK,
object_evidence/G0011__8x_nearest.png,.png,8350,OPEN_OK,
object_evidence/G0011__raw_mask.png,.png,226,OPEN_OK,
object_evidence/G0012.json,.json,1408,OPEN_OK,
object_evidence/G0012__1x.png,.png,3001,OPEN_OK,
object_evidence/G0012__8x_nearest.png,.png,6800,OPEN_OK,
object_evidence/G0012__raw_mask.png,.png,183,OPEN_OK,
object_evidence/G0013.json,.json,1414,OPEN_OK,
object_evidence/G0013__1x.png,.png,2784,OPEN_OK,
object_evidence/G0013__8x_nearest.png,.png,6174,OPEN_OK,
object_evidence/G0013__raw_mask.png,.png,172,OPEN_OK,
object_evidence/G0014.json,.json,1414,OPEN_OK,
object_evidence/G0014__1x.png,.png,2085,OPEN_OK,
object_evidence/G0014__8x_nearest.png,.png,5068,OPEN_OK,
object_evidence/G0014__raw_mask.png,.png,143,OPEN_OK,
object_evidence/G0015.json,.json,1413,OPEN_OK,
object_evidence/G0015__1x.png,.png,2863,OPEN_OK,
object_evidence/G0015__8x_nearest.png,.png,6257,OPEN_OK,
object_evidence/G0015__raw_mask.png,.png,179,OPEN_OK,
object_evidence/G0016.json,.json,1400,OPEN_OK,
object_evidence/G0016__1x.png,.png,4542,OPEN_OK,
object_evidence/G0016__8x_nearest.png,.png,10320,OPEN_OK,
object_evidence/G0016__raw_mask.png,.png,285,OPEN_OK,
object_evidence/G0017.json,.json,1401,OPEN_OK,
object_evidence/G0017__1x.png,.png,4248,OPEN_OK,
object_evidence/G0017__8x_nearest.png,.png,9508,OPEN_OK,
object_evidence/G0017__raw_mask.png,.png,286,OPEN_OK,
object_evidence/G0018.json,.json,1401,OPEN_OK,
object_evidence/G0018__1x.png,.png,3638,OPEN_OK,
object_evidence/G0018__8x_nearest.png,.png,8706,OPEN_OK,
object_evidence/G0018__raw_mask.png,.png,246,OPEN_OK,
object_evidence/G0019.json,.json,1401,OPEN_OK,
object_evidence/G0019__1x.png,.png,3126,OPEN_OK,
object_evidence/G0019__8x_nearest.png,.png,7723,OPEN_OK,
object_evidence/G0019__raw_mask.png,.png,192,OPEN_OK,
object_evidence/G0020.json,.json,1409,OPEN_OK,
object_evidence/G0020__1x.png,.png,4629,OPEN_OK,
object_evidence/G0020__8x_nearest.png,.png,10342,OPEN_OK,
object_evidence/G0020__raw_mask.png,.png,302,OPEN_OK,
object_evidence/G0021.json,.json,1408,OPEN_OK,
object_evidence/G0021__1x.png,.png,4113,OPEN_OK,
object_evidence/G0021__8x_nearest.png,.png,9457,OPEN_OK,
object_evidence/G0021__raw_mask.png,.png,276,OPEN_OK,
object_evidence/G0022.json,.json,1409,OPEN_OK,
object_evidence/G0022__1x.png,.png,4192,OPEN_OK,
object_evidence/G0022__8x_nearest.png,.png,9837,OPEN_OK,
object_evidence/G0022__raw_mask.png,.png,270,OPEN_OK,
object_evidence/G0023.json,.json,1407,OPEN_OK,
object_evidence/G0023__1x.png,.png,3525,OPEN_OK,
object_evidence/G0023__8x_nearest.png,.png,8562,OPEN_OK,
object_evidence/G0023__raw_mask.png,.png,234,OPEN_OK,
object_evidence/G0024.json,.json,1409,OPEN_OK,
object_evidence/G0024__1x.png,.png,3351,OPEN_OK,
object_evidence/G0024__8x_nearest.png,.png,8348,OPEN_OK,
object_evidence/G0024__raw_mask.png,.png,215,OPEN_OK,
object_evidence/G0025.json,.json,1410,OPEN_OK,
object_evidence/G0025__1x.png,.png,5210,OPEN_OK,
object_evidence/G0025__8x_nearest.png,.png,11111,OPEN_OK,
object_evidence/G0025__raw_mask.png,.png,324,OPEN_OK,
object_evidence/G0026.json,.json,1409,OPEN_OK,
object_evidence/G0026__1x.png,.png,3991,OPEN_OK,
object_evidence/G0026__8x_nearest.png,.png,9300,OPEN_OK,
object_evidence/G0026__raw_mask.png,.png,247,OPEN_OK,
object_evidence/G0027.json,.json,1410,OPEN_OK,
object_evidence/G0027__1x.png,.png,3549,OPEN_OK,
object_evidence/G0027__8x_nearest.png,.png,8696,OPEN_OK,
object_evidence/G0027__raw_mask.png,.png,223,OPEN_OK,
object_evidence/G0028.json,.json,1410,OPEN_OK,
object_evidence/G0028__1x.png,.png,3590,OPEN_OK,
object_evidence/G0028__8x_nearest.png,.png,8738,OPEN_OK,
object_evidence/G0028__raw_mask.png,.png,229,OPEN_OK,
object_evidence/G0029.json,.json,1413,OPEN_OK,
object_evidence/G0029__1x.png,.png,3892,OPEN_OK,
object_evidence/G0029__8x_nearest.png,.png,9275,OPEN_OK,
object_evidence/G0029__raw_mask.png,.png,260,OPEN_OK,
object_evidence/G0030.json,.json,1413,OPEN_OK,
object_evidence/G0030__1x.png,.png,5380,OPEN_OK,
object_evidence/G0030__8x_nearest.png,.png,11362,OPEN_OK,
object_evidence/G0030__raw_mask.png,.png,342,OPEN_OK,
object_evidence/G0031.json,.json,1412,OPEN_OK,
object_evidence/G0031__1x.png,.png,3420,OPEN_OK,
object_evidence/G0031__8x_nearest.png,.png,8417,OPEN_OK,
object_evidence/G0031__raw_mask.png,.png,232,OPEN_OK,
object_evidence/G0032.json,.json,1414,OPEN_OK,
object_evidence/G0032__1x.png,.png,4490,OPEN_OK,
object_evidence/G0032__8x_nearest.png,.png,10077,OPEN_OK,
object_evidence/G0032__raw_mask.png,.png,288,OPEN_OK,
object_evidence/G0033.json,.json,1412,OPEN_OK,
object_evidence/G0033__1x.png,.png,5016,OPEN_OK,
object_evidence/G0033__8x_nearest.png,.png,11088,OPEN_OK,
object_evidence/G0033__raw_mask.png,.png,326,OPEN_OK,
object_evidence/G0034.json,.json,1412,OPEN_OK,
object_evidence/G0034__1x.png,.png,4006,OPEN_OK,
object_evidence/G0034__8x_nearest.png,.png,9319,OPEN_OK,
object_evidence/G0034__raw_mask.png,.png,247,OPEN_OK,
object_evidence/G0035.json,.json,1412,OPEN_OK,
object_evidence/G0035__1x.png,.png,3477,OPEN_OK,
object_evidence/G0035__8x_nearest.png,.png,8465,OPEN_OK,
object_evidence/G0035__raw_mask.png,.png,227,OPEN_OK,
object_evidence/G0036.json,.json,1414,OPEN_OK,
object_evidence/G0036__1x.png,.png,3562,OPEN_OK,
object_evidence/G0036__8x_nearest.png,.png,8574,OPEN_OK,
object_evidence/G0036__raw_mask.png,.png,232,OPEN_OK,
object_evidence/G0037.json,.json,1412,OPEN_OK,
object_evidence/G0037__1x.png,.png,3570,OPEN_OK,
object_evidence/G0037__8x_nearest.png,.png,8550,OPEN_OK,
object_evidence/G0037__raw_mask.png,.png,221,OPEN_OK,
object_evidence/G0038.json,.json,1414,OPEN_OK,
object_evidence/G0038__1x.png,.png,5347,OPEN_OK,
object_evidence/G0038__8x_nearest.png,.png,11483,OPEN_OK,
object_evidence/G0038__raw_mask.png,.png,341,OPEN_OK,
object_evidence/G0039.json,.json,1420,OPEN_OK,
object_evidence/G0039__1x.png,.png,5578,OPEN_OK,
object_evidence/G0039__8x_nearest.png,.png,13112,OPEN_OK,
object_evidence/G0039__raw_mask.png,.png,353,OPEN_OK,
object_evidence/G0040.json,.json,1419,OPEN_OK,
object_evidence/G0040__1x.png,.png,6124,OPEN_OK,
object_evidence/G0040__8x_nearest.png,.png,14076,OPEN_OK,
object_evidence/G0040__raw_mask.png,.png,429,OPEN_OK,
object_evidence/G0041.json,.json,1419,OPEN_OK,
object_evidence/G0041__1x.png,.png,3279,OPEN_OK,
object_evidence/G0041__8x_nearest.png,.png,7235,OPEN_OK,
object_evidence/G0041__raw_mask.png,.png,202,OPEN_OK,
object_evidence/G0042.json,.json,1421,OPEN_OK,
object_evidence/G0042__1x.png,.png,2331,OPEN_OK,
object_evidence/G0042__8x_nearest.png,.png,5943,OPEN_OK,
object_evidence/G0042__raw_mask.png,.png,120,OPEN_OK,
object_evidence/G0043.json,.json,1420,OPEN_OK,
object_evidence/G0043__1x.png,.png,2922,OPEN_OK,
object_evidence/G0043__8x_nearest.png,.png,6636,OPEN_OK,
object_evidence/G0043__raw_mask.png,.png,189,OPEN_OK,
object_evidence/G0044.json,.json,1415,OPEN_OK,
object_evidence/G0044__1x.png,.png,3325,OPEN_OK,
object_evidence/G0044__8x_nearest.png,.png,8432,OPEN_OK,
object_evidence/G0044__raw_mask.png,.png,217,OPEN_OK,
object_evidence/G0045.json,.json,1415,OPEN_OK,
object_evidence/G0045__1x.png,.png,5271,OPEN_OK,
object_evidence/G0045__8x_nearest.png,.png,11278,OPEN_OK,
object_evidence/G0045__raw_mask.png,.png,332,OPEN_OK,
object_evidence/G0046.json,.json,1415,OPEN_OK,
object_evidence/G0046__1x.png,.png,4379,OPEN_OK,
object_evidence/G0046__8x_nearest.png,.png,9924,OPEN_OK,
object_evidence/G0046__raw_mask.png,.png,294,OPEN_OK,
object_evidence/G0047.json,.json,1415,OPEN_OK,
object_evidence/G0047__1x.png,.png,4375,OPEN_OK,
object_evidence/G0047__8x_nearest.png,.png,10058,OPEN_OK,
object_evidence/G0047__raw_mask.png,.png,294,OPEN_OK,
object_evidence/G0048.json,.json,1415,OPEN_OK,
object_evidence/G0048__1x.png,.png,4996,OPEN_OK,
object_evidence/G0048__8x_nearest.png,.png,10937,OPEN_OK,
object_evidence/G0048__raw_mask.png,.png,333,OPEN_OK,
object_evidence/G0049.json,.json,1415,OPEN_OK,
object_evidence/G0049__1x.png,.png,4458,OPEN_OK,
object_evidence/G0049__8x_nearest.png,.png,10351,OPEN_OK,
object_evidence/G0049__raw_mask.png,.png,304,OPEN_OK,
object_evidence/G0050.json,.json,1418,OPEN_OK,
object_evidence/G0050__1x.png,.png,4565,OPEN_OK,
object_evidence/G0050__8x_nearest.png,.png,10324,OPEN_OK,
object_evidence/G0050__raw_mask.png,.png,322,OPEN_OK,
object_evidence/G0051.json,.json,1418,OPEN_OK,
object_evidence/G0051__1x.png,.png,4103,OPEN_OK,
object_evidence/G0051__8x_nearest.png,.png,9358,OPEN_OK,
object_evidence/G0051__raw_mask.png,.png,292,OPEN_OK,
object_evidence/G0052.json,.json,1416,OPEN_OK,
object_evidence/G0052__1x.png,.png,4574,OPEN_OK,
object_evidence/G0052__8x_nearest.png,.png,10485,OPEN_OK,
object_evidence/G0052__raw_mask.png,.png,287,OPEN_OK,
object_evidence/G0053.json,.json,1418,OPEN_OK,
object_evidence/G0053__1x.png,.png,4449,OPEN_OK,
object_evidence/G0053__8x_nearest.png,.png,10139,OPEN_OK,
object_evidence/G0053__raw_mask.png,.png,294,OPEN_OK,
object_evidence/G0054.json,.json,1413,OPEN_OK,
object_evidence/G0054__1x.png,.png,4407,OPEN_OK,
object_evidence/G0054__8x_nearest.png,.png,9833,OPEN_OK,
object_evidence/G0054__raw_mask.png,.png,288,OPEN_OK,
object_evidence/G0055.json,.json,1418,OPEN_OK,
object_evidence/G0055__1x.png,.png,3938,OPEN_OK,
object_evidence/G0055__8x_nearest.png,.png,9185,OPEN_OK,
object_evidence/G0055__raw_mask.png,.png,259,OPEN_OK,
object_evidence/G0056.json,.json,1416,OPEN_OK,
object_evidence/G0056__1x.png,.png,4065,OPEN_OK,
object_evidence/G0056__8x_nearest.png,.png,9454,OPEN_OK,
object_evidence/G0056__raw_mask.png,.png,272,OPEN_OK,
object_evidence/G0057.json,.json,1418,OPEN_OK,
object_evidence/G0057__1x.png,.png,4616,OPEN_OK,
object_evidence/G0057__8x_nearest.png,.png,10446,OPEN_OK,
object_evidence/G0057__raw_mask.png,.png,315,OPEN_OK,
object_evidence/G0058.json,.json,1412,OPEN_OK,
object_evidence/G0058__1x.png,.png,3832,OPEN_OK,
object_evidence/G0058__8x_nearest.png,.png,8864,OPEN_OK,
object_evidence/G0058__raw_mask.png,.png,237,OPEN_OK,
object_evidence/G0059.json,.json,1444,OPEN_OK,
object_evidence/G0059__1x.png,.png,3610,OPEN_OK,
object_evidence/G0059__8x_nearest.png,.png,7658,OPEN_OK,
object_evidence/G0059__raw_mask.png,.png,205,OPEN_OK,
object_evidence/G0060.json,.json,1452,OPEN_OK,
object_evidence/G0060__1x.png,.png,1784,OPEN_OK,
object_evidence/G0060__8x_nearest.png,.png,4513,OPEN_OK,
object_evidence/G0060__raw_mask.png,.png,150,OPEN_OK,
object_evidence/G0061.json,.json,1439,OPEN_OK,
object_evidence/G0061__1x.png,.png,2326,OPEN_OK,
object_evidence/G0061__8x_nearest.png,.png,5913,OPEN_OK,
object_evidence/G0061__raw_mask.png,.png,120,OPEN_OK,
object_evidence/G0062.json,.json,1443,OPEN_OK,
object_evidence/G0062__1x.png,.png,3247,OPEN_OK,
object_evidence/G0062__8x_nearest.png,.png,7082,OPEN_OK,
object_evidence/G0062__raw_mask.png,.png,195,OPEN_OK,
object_evidence/G0063.json,.json,1450,OPEN_OK,
object_evidence/G0063__1x.png,.png,1808,OPEN_OK,
object_evidence/G0063__8x_nearest.png,.png,4529,OPEN_OK,
object_evidence/G0063__raw_mask.png,.png,150,OPEN_OK,
object_evidence/G0064.json,.json,1445,OPEN_OK,
object_evidence/G0064__1x.png,.png,3484,OPEN_OK,
object_evidence/G0064__8x_nearest.png,.png,7646,OPEN_OK,
object_evidence/G0064__raw_mask.png,.png,205,OPEN_OK,
object_evidence/G0065.json,.json,1449,OPEN_OK,
object_evidence/G0065__1x.png,.png,2577,OPEN_OK,
object_evidence/G0065__8x_nearest.png,.png,5902,OPEN_OK,
object_evidence/G0065__raw_mask.png,.png,167,OPEN_OK,
object_evidence/G0066.json,.json,1440,OPEN_OK,
object_evidence/G0066__1x.png,.png,2305,OPEN_OK,
object_evidence/G0066__8x_nearest.png,.png,5884,OPEN_OK,
object_evidence/G0066__raw_mask.png,.png,120,OPEN_OK,
object_evidence/G0067.json,.json,1444,OPEN_OK,
object_evidence/G0067__1x.png,.png,3726,OPEN_OK,
object_evidence/G0067__8x_nearest.png,.png,9095,OPEN_OK,
object_evidence/G0067__raw_mask.png,.png,234,OPEN_OK,
object_evidence/G0068.json,.json,1405,OPEN_OK,
object_evidence/G0068__1x.png,.png,3628,OPEN_OK,
object_evidence/G0068__8x_nearest.png,.png,8749,OPEN_OK,
object_evidence/G0068__raw_mask.png,.png,217,OPEN_OK,
object_evidence/G0069.json,.json,1405,OPEN_OK,
object_evidence/G0069__1x.png,.png,4387,OPEN_OK,
object_evidence/G0069__8x_nearest.png,.png,9889,OPEN_OK,
object_evidence/G0069__raw_mask.png,.png,296,OPEN_OK,
object_evidence/G0070.json,.json,1407,OPEN_OK,
object_evidence/G0070__1x.png,.png,4182,OPEN_OK,
object_evidence/G0070__8x_nearest.png,.png,9715,OPEN_OK,
object_evidence/G0070__raw_mask.png,.png,271,OPEN_OK,
object_evidence/G0071.json,.json,1409,OPEN_OK,
object_evidence/G0071__1x.png,.png,3153,OPEN_OK,
object_evidence/G0071__8x_nearest.png,.png,7990,OPEN_OK,
object_evidence/G0071__raw_mask.png,.png,186,OPEN_OK,
object_evidence/G0072.json,.json,1401,OPEN_OK,
object_evidence/G0072__1x.png,.png,3385,OPEN_OK,
object_evidence/G0072__8x_nearest.png,.png,8467,OPEN_OK,
object_evidence/G0072__raw_mask.png,.png,230,OPEN_OK,
object_evidence/G0073.json,.json,1397,OPEN_OK,
object_evidence/G0073__1x.png,.png,4441,OPEN_OK,
object_evidence/G0073__8x_nearest.png,.png,9861,OPEN_OK,
object_evidence/G0073__raw_mask.png,.png,294,OPEN_OK,
object_evidence/G0074.json,.json,1397,OPEN_OK,
object_evidence/G0074__1x.png,.png,3646,OPEN_OK,
object_evidence/G0074__8x_nearest.png,.png,9089,OPEN_OK,
object_evidence/G0074__raw_mask.png,.png,242,OPEN_OK,
object_evidence/G0075.json,.json,1395,OPEN_OK,
object_evidence/G0075__1x.png,.png,3474,OPEN_OK,
object_evidence/G0075__8x_nearest.png,.png,8415,OPEN_OK,
object_evidence/G0075__raw_mask.png,.png,215,OPEN_OK,
object_evidence/G0076.json,.json,1392,OPEN_OK,
object_evidence/G0076__1x.png,.png,5342,OPEN_OK,
object_evidence/G0076__8x_nearest.png,.png,11385,OPEN_OK,
object_evidence/G0076__raw_mask.png,.png,337,OPEN_OK,
object_evidence/G0077.json,.json,1395,OPEN_OK,
object_evidence/G0077__1x.png,.png,4544,OPEN_OK,
object_evidence/G0077__8x_nearest.png,.png,9869,OPEN_OK,
object_evidence/G0077__raw_mask.png,.png,287,OPEN_OK,
object_evidence/G0078.json,.json,1401,OPEN_OK,
object_evidence/G0078__1x.png,.png,4714,OPEN_OK,
object_evidence/G0078__8x_nearest.png,.png,10564,OPEN_OK,
object_evidence/G0078__raw_mask.png,.png,284,OPEN_OK,
object_evidence/G0079.json,.json,1401,OPEN_OK,
object_evidence/G0079__1x.png,.png,4188,OPEN_OK,
object_evidence/G0079__8x_nearest.png,.png,9817,OPEN_OK,
object_evidence/G0079__raw_mask.png,.png,270,OPEN_OK,
object_evidence/G0080.json,.json,1398,OPEN_OK,
object_evidence/G0080__1x.png,.png,5690,OPEN_OK,
object_evidence/G0080__8x_nearest.png,.png,11949,OPEN_OK,
object_evidence/G0080__raw_mask.png,.png,356,OPEN_OK,
object_evidence/G0081.json,.json,1401,OPEN_OK,
object_evidence/G0081__1x.png,.png,4183,OPEN_OK,
object_evidence/G0081__8x_nearest.png,.png,9625,OPEN_OK,
object_evidence/G0081__raw_mask.png,.png,278,OPEN_OK,
object_evidence/G0082.json,.json,1397,OPEN_OK,
object_evidence/G0082__1x.png,.png,3671,OPEN_OK,
object_evidence/G0082__8x_nearest.png,.png,8907,OPEN_OK,
object_evidence/G0082__raw_mask.png,.png,217,OPEN_OK,
object_evidence/G0083.json,.json,1393,OPEN_OK,
object_evidence/G0083__1x.png,.png,5363,OPEN_OK,
object_evidence/G0083__8x_nearest.png,.png,11374,OPEN_OK,
object_evidence/G0083__raw_mask.png,.png,354,OPEN_OK,
object_evidence/G0084.json,.json,1394,OPEN_OK,
object_evidence/G0084__1x.png,.png,3115,OPEN_OK,
object_evidence/G0084__8x_nearest.png,.png,7908,OPEN_OK,
object_evidence/G0084__raw_mask.png,.png,197,OPEN_OK,
object_evidence/G0085.json,.json,1390,OPEN_OK,
object_evidence/G0085__1x.png,.png,4898,OPEN_OK,
object_evidence/G0085__8x_nearest.png,.png,10654,OPEN_OK,
object_evidence/G0085__raw_mask.png,.png,322,OPEN_OK,
object_evidence/G0086.json,.json,1397,OPEN_OK,
object_evidence/G0086__1x.png,.png,4753,OPEN_OK,
object_evidence/G0086__8x_nearest.png,.png,10566,OPEN_OK,
object_evidence/G0086__raw_mask.png,.png,311,OPEN_OK,
object_evidence/G0087.json,.json,1397,OPEN_OK,
object_evidence/G0087__1x.png,.png,3782,OPEN_OK,
object_evidence/G0087__8x_nearest.png,.png,8914,OPEN_OK,
object_evidence/G0087__raw_mask.png,.png,235,OPEN_OK,
object_evidence/G0088.json,.json,1398,OPEN_OK,
object_evidence/G0088__1x.png,.png,4406,OPEN_OK,
object_evidence/G0088__8x_nearest.png,.png,9993,OPEN_OK,
object_evidence/G0088__raw_mask.png,.png,284,OPEN_OK,
object_evidence/G0089.json,.json,1394,OPEN_OK,
object_evidence/G0089__1x.png,.png,3376,OPEN_OK,
object_evidence/G0089__8x_nearest.png,.png,8331,OPEN_OK,
object_evidence/G0089__raw_mask.png,.png,236,OPEN_OK,
object_evidence/G0090.json,.json,1395,OPEN_OK,
object_evidence/G0090__1x.png,.png,5746,OPEN_OK,
object_evidence/G0090__8x_nearest.png,.png,12139,OPEN_OK,
object_evidence/G0090__raw_mask.png,.png,356,OPEN_OK,
object_evidence/G0091.json,.json,1391,OPEN_OK,
object_evidence/G0091__1x.png,.png,3573,OPEN_OK,
object_evidence/G0091__8x_nearest.png,.png,8632,OPEN_OK,
object_evidence/G0091__raw_mask.png,.png,226,OPEN_OK,
object_evidence/G0092.json,.json,1398,OPEN_OK,
object_evidence/G0092__1x.png,.png,3303,OPEN_OK,
object_evidence/G0092__8x_nearest.png,.png,8184,OPEN_OK,
object_evidence/G0092__raw_mask.png,.png,212,OPEN_OK,
object_evidence/G0093.json,.json,1398,OPEN_OK,
object_evidence/G0093__1x.png,.png,4449,OPEN_OK,
object_evidence/G0093__8x_nearest.png,.png,10054,OPEN_OK,
object_evidence/G0093__raw_mask.png,.png,290,OPEN_OK,
object_evidence/G0094.json,.json,1402,OPEN_OK,
object_evidence/G0094__1x.png,.png,4109,OPEN_OK,
object_evidence/G0094__8x_nearest.png,.png,9699,OPEN_OK,
object_evidence/G0094__raw_mask.png,.png,270,OPEN_OK,
object_evidence/G0095.json,.json,1402,OPEN_OK,
object_evidence/G0095__1x.png,.png,3449,OPEN_OK,
object_evidence/G0095__8x_nearest.png,.png,8250,OPEN_OK,
object_evidence/G0095__raw_mask.png,.png,188,OPEN_OK,
pair_evidence/R000118.json,.json,984,OPEN_OK,
pair_evidence/R000118__1x.png,.png,5400,OPEN_OK,
pair_evidence/R000118__8x_nearest.png,.png,19075,OPEN_OK,
pair_evidence/R000118__intersection.png,.png,238,OPEN_OK,
pair_evidence/R000118__mask_a.png,.png,438,OPEN_OK,
pair_evidence/R000118__mask_b.png,.png,357,OPEN_OK,
pair_evidence/R000118__overlay.png,.png,1186,OPEN_OK,
pair_evidence/R000118__raw.png,.png,2265,OPEN_OK,
pair_evidence/R000231.json,.json,984,OPEN_OK,
pair_evidence/R000231__1x.png,.png,4728,OPEN_OK,
pair_evidence/R000231__8x_nearest.png,.png,18046,OPEN_OK,
pair_evidence/R000231__intersection.png,.png,240,OPEN_OK,
pair_evidence/R000231__mask_a.png,.png,411,OPEN_OK,
pair_evidence/R000231__mask_b.png,.png,365,OPEN_OK,
pair_evidence/R000231__overlay.png,.png,1006,OPEN_OK,
pair_evidence/R000231__raw.png,.png,1758,OPEN_OK,
pair_evidence/R000575.json,.json,982,OPEN_OK,
pair_evidence/R000575__1x.png,.png,7521,OPEN_OK,
pair_evidence/R000575__8x_nearest.png,.png,25261,OPEN_OK,
pair_evidence/R000575__intersection.png,.png,283,OPEN_OK,
pair_evidence/R000575__mask_a.png,.png,438,OPEN_OK,
pair_evidence/R000575__mask_b.png,.png,555,OPEN_OK,
pair_evidence/R000575__overlay.png,.png,2538,OPEN_OK,
pair_evidence/R000575__raw.png,.png,3859,OPEN_OK,
pair_evidence/R000684.json,.json,981,OPEN_OK,
pair_evidence/R000684__1x.png,.png,6511,OPEN_OK,
pair_evidence/R000684__8x_nearest.png,.png,19914,OPEN_OK,
pair_evidence/R000684__intersection.png,.png,222,OPEN_OK,
pair_evidence/R000684__mask_a.png,.png,355,OPEN_OK,
pair_evidence/R000684__mask_b.png,.png,501,OPEN_OK,
pair_evidence/R000684__overlay.png,.png,1949,OPEN_OK,
pair_evidence/R000684__raw.png,.png,3104,OPEN_OK,
pair_evidence/R000792.json,.json,981,OPEN_OK,
pair_evidence/R000792__1x.png,.png,6016,OPEN_OK,
pair_evidence/R000792__8x_nearest.png,.png,17532,OPEN_OK,
pair_evidence/R000792__intersection.png,.png,222,OPEN_OK,
pair_evidence/R000792__mask_a.png,.png,337,OPEN_OK,
pair_evidence/R000792__mask_b.png,.png,486,OPEN_OK,
pair_evidence/R000792__overlay.png,.png,1483,OPEN_OK,
pair_evidence/R000792__raw.png,.png,2771,OPEN_OK,
pair_evidence/R000793.json,.json,982,OPEN_OK,
pair_evidence/R000793__1x.png,.png,8607,OPEN_OK,
pair_evidence/R000793__8x_nearest.png,.png,26250,OPEN_OK,
pair_evidence/R000793__intersection.png,.png,269,OPEN_OK,
pair_evidence/R000793__mask_a.png,.png,390,OPEN_OK,
pair_evidence/R000793__mask_b.png,.png,534,OPEN_OK,
pair_evidence/R000793__overlay.png,.png,3795,OPEN_OK,
pair_evidence/R000793__raw.png,.png,4934,OPEN_OK,
pair_evidence/R000899.json,.json,981,OPEN_OK,
pair_evidence/R000899__1x.png,.png,8193,OPEN_OK,
pair_evidence/R000899__8x_nearest.png,.png,24600,OPEN_OK,
pair_evidence/R000899__intersection.png,.png,259,OPEN_OK,
pair_evidence/R000899__mask_a.png,.png,373,OPEN_OK,
pair_evidence/R000899__mask_b.png,.png,536,OPEN_OK,
pair_evidence/R000899__overlay.png,.png,3292,OPEN_OK,
pair_evidence/R000899__raw.png,.png,4541,OPEN_OK,
pair_evidence/R000900.json,.json,981,OPEN_OK,
pair_evidence/R000900__1x.png,.png,6371,OPEN_OK,
pair_evidence/R000900__8x_nearest.png,.png,18859,OPEN_OK,
pair_evidence/R000900__intersection.png,.png,222,OPEN_OK,
pair_evidence/R000900__mask_a.png,.png,326,OPEN_OK,
pair_evidence/R000900__mask_b.png,.png,482,OPEN_OK,
pair_evidence/R000900__overlay.png,.png,1911,OPEN_OK,
pair_evidence/R000900__raw.png,.png,3028,OPEN_OK,
pair_evidence/R001006.json,.json,981,OPEN_OK,
pair_evidence/R001006__1x.png,.png,5973,OPEN_OK,
pair_evidence/R001006__8x_nearest.png,.png,17820,OPEN_OK,
pair_evidence/R001006__intersection.png,.png,222,OPEN_OK,
pair_evidence/R001006__mask_a.png,.png,357,OPEN_OK,
pair_evidence/R001006__mask_b.png,.png,474,OPEN_OK,
pair_evidence/R001006__overlay.png,.png,1660,OPEN_OK,
pair_evidence/R001006__raw.png,.png,2719,OPEN_OK,
pair_evidence/R001007.json,.json,981,OPEN_OK,
pair_evidence/R001007__1x.png,.png,6622,OPEN_OK,
pair_evidence/R001007__8x_nearest.png,.png,21082,OPEN_OK,
pair_evidence/R001007__intersection.png,.png,221,OPEN_OK,
pair_evidence/R001007__mask_a.png,.png,352,OPEN_OK,
pair_evidence/R001007__mask_b.png,.png,409,OPEN_OK,
pair_evidence/R001007__overlay.png,.png,2348,OPEN_OK,
pair_evidence/R001007__raw.png,.png,3147,OPEN_OK,
pair_evidence/R001111.json,.json,982,OPEN_OK,
pair_evidence/R001111__1x.png,.png,8339,OPEN_OK,
pair_evidence/R001111__8x_nearest.png,.png,28180,OPEN_OK,
pair_evidence/R001111__intersection.png,.png,310,OPEN_OK,
pair_evidence/R001111__mask_a.png,.png,484,OPEN_OK,
pair_evidence/R001111__mask_b.png,.png,543,OPEN_OK,
pair_evidence/R001111__overlay.png,.png,3326,OPEN_OK,
pair_evidence/R001111__raw.png,.png,4451,OPEN_OK,
pair_evidence/R001112.json,.json,981,OPEN_OK,
pair_evidence/R001112__1x.png,.png,5071,OPEN_OK,
pair_evidence/R001112__8x_nearest.png,.png,16753,OPEN_OK,
pair_evidence/R001112__intersection.png,.png,243,OPEN_OK,
pair_evidence/R001112__mask_a.png,.png,389,OPEN_OK,
pair_evidence/R001112__mask_b.png,.png,442,OPEN_OK,
pair_evidence/R001112__overlay.png,.png,966,OPEN_OK,
pair_evidence/R001112__raw.png,.png,1911,OPEN_OK,
pair_evidence/R001113.json,.json,981,OPEN_OK,
pair_evidence/R001113__1x.png,.png,7082,OPEN_OK,
pair_evidence/R001113__8x_nearest.png,.png,25398,OPEN_OK,
pair_evidence/R001113__intersection.png,.png,297,OPEN_OK,
pair_evidence/R001113__mask_a.png,.png,472,OPEN_OK,
pair_evidence/R001113__mask_b.png,.png,413,OPEN_OK,
pair_evidence/R001113__overlay.png,.png,2912,OPEN_OK,
pair_evidence/R001113__raw.png,.png,3622,OPEN_OK,
pair_evidence/R001217.json,.json,981,OPEN_OK,
pair_evidence/R001217__1x.png,.png,4748,OPEN_OK,
pair_evidence/R001217__8x_nearest.png,.png,15468,OPEN_OK,
pair_evidence/R001217__intersection.png,.png,232,OPEN_OK,
pair_evidence/R001217__mask_a.png,.png,368,OPEN_OK,
pair_evidence/R001217__mask_b.png,.png,346,OPEN_OK,
pair_evidence/R001217__overlay.png,.png,1164,OPEN_OK,
pair_evidence/R001217__raw.png,.png,1917,OPEN_OK,
pair_evidence/R001320.json,.json,981,OPEN_OK,
pair_evidence/R001320__1x.png,.png,5072,OPEN_OK,
pair_evidence/R001320__8x_nearest.png,.png,16966,OPEN_OK,
pair_evidence/R001320__intersection.png,.png,223,OPEN_OK,
pair_evidence/R001320__mask_a.png,.png,349,OPEN_OK,
pair_evidence/R001320__mask_b.png,.png,333,OPEN_OK,
pair_evidence/R001320__overlay.png,.png,1594,OPEN_OK,
pair_evidence/R001320__raw.png,.png,2223,OPEN_OK,
pair_evidence/R001422.json,.json,982,OPEN_OK,
pair_evidence/R001422__1x.png,.png,5453,OPEN_OK,
pair_evidence/R001422__8x_nearest.png,.png,19616,OPEN_OK,
pair_evidence/R001422__intersection.png,.png,229,OPEN_OK,
pair_evidence/R001422__mask_a.png,.png,294,OPEN_OK,
pair_evidence/R001422__mask_b.png,.png,340,OPEN_OK,
pair_evidence/R001422__overlay.png,.png,2207,OPEN_OK,
pair_evidence/R001422__raw.png,.png,2630,OPEN_OK,
pair_evidence/R002018.json,.json,988,OPEN_OK,
pair_evidence/R002018__1x.png,.png,8745,OPEN_OK,
pair_evidence/R002018__8x_nearest.png,.png,29155,OPEN_OK,
pair_evidence/R002018__intersection.png,.png,308,OPEN_OK,
pair_evidence/R002018__mask_a.png,.png,585,OPEN_OK,
pair_evidence/R002018__mask_b.png,.png,458,OPEN_OK,
pair_evidence/R002018__overlay.png,.png,3485,OPEN_OK,
pair_evidence/R002018__raw.png,.png,4796,OPEN_OK,
pair_evidence/R002019.json,.json,987,OPEN_OK,
pair_evidence/R002019__1x.png,.png,8248,OPEN_OK,
pair_evidence/R002019__8x_nearest.png,.png,23538,OPEN_OK,
pair_evidence/R002019__intersection.png,.png,241,OPEN_OK,
pair_evidence/R002019__mask_a.png,.png,521,OPEN_OK,
pair_evidence/R002019__mask_b.png,.png,557,OPEN_OK,
pair_evidence/R002019__overlay.png,.png,1904,OPEN_OK,
pair_evidence/R002019__raw.png,.png,4005,OPEN_OK,
pair_evidence/R002020.json,.json,987,OPEN_OK,
pair_evidence/R002020__1x.png,.png,9501,OPEN_OK,
pair_evidence/R002020__8x_nearest.png,.png,28045,OPEN_OK,
pair_evidence/R002020__intersection.png,.png,260,OPEN_OK,
pair_evidence/R002020__mask_a.png,.png,550,OPEN_OK,
pair_evidence/R002020__mask_b.png,.png,493,OPEN_OK,
pair_evidence/R002020__overlay.png,.png,3975,OPEN_OK,
pair_evidence/R002020__raw.png,.png,5301,OPEN_OK,
pair_evidence/R002115.json,.json,987,OPEN_OK,
pair_evidence/R002115__1x.png,.png,6908,OPEN_OK,
pair_evidence/R002115__8x_nearest.png,.png,21807,OPEN_OK,
pair_evidence/R002115__intersection.png,.png,240,OPEN_OK,
pair_evidence/R002115__mask_a.png,.png,474,OPEN_OK,
pair_evidence/R002115__mask_b.png,.png,464,OPEN_OK,
pair_evidence/R002115__overlay.png,.png,2064,OPEN_OK,
pair_evidence/R002115__raw.png,.png,3191,OPEN_OK,
pair_evidence/R002116.json,.json,987,OPEN_OK,
pair_evidence/R002116__1x.png,.png,7227,OPEN_OK,
pair_evidence/R002116__8x_nearest.png,.png,23035,OPEN_OK,
pair_evidence/R002116__intersection.png,.png,239,OPEN_OK,
pair_evidence/R002116__mask_a.png,.png,490,OPEN_OK,
pair_evidence/R002116__mask_b.png,.png,412,OPEN_OK,
pair_evidence/R002116__overlay.png,.png,2454,OPEN_OK,
pair_evidence/R002116__raw.png,.png,3546,OPEN_OK,
pair_evidence/R002210.json,.json,987,OPEN_OK,
pair_evidence/R002210__1x.png,.png,7374,OPEN_OK,
pair_evidence/R002210__8x_nearest.png,.png,23813,OPEN_OK,
pair_evidence/R002210__intersection.png,.png,241,OPEN_OK,
pair_evidence/R002210__mask_a.png,.png,464,OPEN_OK,
pair_evidence/R002210__mask_b.png,.png,416,OPEN_OK,
pair_evidence/R002210__overlay.png,.png,2387,OPEN_OK,
pair_evidence/R002210__raw.png,.png,3624,OPEN_OK,
pair_evidence/R002211.json,.json,988,OPEN_OK,
pair_evidence/R002211__1x.png,.png,6614,OPEN_OK,
pair_evidence/R002211__8x_nearest.png,.png,21355,OPEN_OK,
pair_evidence/R002211__intersection.png,.png,241,OPEN_OK,
pair_evidence/R002211__mask_a.png,.png,450,OPEN_OK,
pair_evidence/R002211__mask_b.png,.png,421,OPEN_OK,
pair_evidence/R002211__overlay.png,.png,1842,OPEN_OK,
pair_evidence/R002211__raw.png,.png,3075,OPEN_OK,
pair_evidence/R002304.json,.json,988,OPEN_OK,
pair_evidence/R002304__1x.png,.png,7140,OPEN_OK,
pair_evidence/R002304__8x_nearest.png,.png,24123,OPEN_OK,
pair_evidence/R002304__intersection.png,.png,260,OPEN_OK,
pair_evidence/R002304__mask_a.png,.png,438,OPEN_OK,
pair_evidence/R002304__mask_b.png,.png,437,OPEN_OK,
pair_evidence/R002304__overlay.png,.png,2775,OPEN_OK,
pair_evidence/R002304__raw.png,.png,3649,OPEN_OK,
pair_evidence/R002305.json,.json,988,OPEN_OK,
pair_evidence/R002305__1x.png,.png,5710,OPEN_OK,
pair_evidence/R002305__8x_nearest.png,.png,19140,OPEN_OK,
pair_evidence/R002305__intersection.png,.png,244,OPEN_OK,
pair_evidence/R002305__mask_a.png,.png,394,OPEN_OK,
pair_evidence/R002305__mask_b.png,.png,446,OPEN_OK,
pair_evidence/R002305__overlay.png,.png,1384,OPEN_OK,
pair_evidence/R002305__raw.png,.png,2449,OPEN_OK,
pair_evidence/R002306.json,.json,989,OPEN_OK,
pair_evidence/R002306__1x.png,.png,8578,OPEN_OK,
pair_evidence/R002306__8x_nearest.png,.png,28555,OPEN_OK,
pair_evidence/R002306__intersection.png,.png,308,OPEN_OK,
pair_evidence/R002306__mask_a.png,.png,455,OPEN_OK,
pair_evidence/R002306__mask_b.png,.png,646,OPEN_OK,
pair_evidence/R002306__overlay.png,.png,2860,OPEN_OK,
pair_evidence/R002306__raw.png,.png,4380,OPEN_OK,
pair_evidence/R004048.json,.json,994,OPEN_OK,
pair_evidence/R004048__1x.png,.png,8444,OPEN_OK,
pair_evidence/R004048__8x_nearest.png,.png,28412,OPEN_OK,
pair_evidence/R004048__intersection.png,.png,313,OPEN_OK,
pair_evidence/R004048__mask_a.png,.png,484,OPEN_OK,
pair_evidence/R004048__mask_b.png,.png,610,OPEN_OK,
pair_evidence/R004048__overlay.png,.png,3214,OPEN_OK,
pair_evidence/R004048__raw.png,.png,4516,OPEN_OK,
pair_evidence/R004049.json,.json,993,OPEN_OK,
pair_evidence/R004049__1x.png,.png,6451,OPEN_OK,
pair_evidence/R004049__8x_nearest.png,.png,20356,OPEN_OK,
pair_evidence/R004049__intersection.png,.png,243,OPEN_OK,
pair_evidence/R004049__mask_a.png,.png,413,OPEN_OK,
pair_evidence/R004049__mask_b.png,.png,534,OPEN_OK,
pair_evidence/R004049__overlay.png,.png,1866,OPEN_OK,
pair_evidence/R004049__raw.png,.png,3047,OPEN_OK,
pair_evidence/R004050.json,.json,993,OPEN_OK,
pair_evidence/R004050__1x.png,.png,8800,OPEN_OK,
pair_evidence/R004050__8x_nearest.png,.png,25854,OPEN_OK,
pair_evidence/R004050__intersection.png,.png,347,OPEN_OK,
pair_evidence/R004050__mask_a.png,.png,512,OPEN_OK,
pair_evidence/R004050__mask_b.png,.png,612,OPEN_OK,
pair_evidence/R004050__overlay.png,.png,3790,OPEN_OK,
pair_evidence/R004050__raw.png,.png,5115,OPEN_OK,
pair_evidence/R004121.json,.json,993,OPEN_OK,
pair_evidence/R004121__1x.png,.png,9102,OPEN_OK,
pair_evidence/R004121__8x_nearest.png,.png,25588,OPEN_OK,
pair_evidence/R004121__intersection.png,.png,244,OPEN_OK,
pair_evidence/R004121__mask_a.png,.png,580,OPEN_OK,
pair_evidence/R004121__mask_b.png,.png,523,OPEN_OK,
pair_evidence/R004121__overlay.png,.png,2796,OPEN_OK,
pair_evidence/R004121__raw.png,.png,4847,OPEN_OK,
pair_evidence/R004122.json,.json,993,OPEN_OK,
pair_evidence/R004122__1x.png,.png,9803,OPEN_OK,
pair_evidence/R004122__8x_nearest.png,.png,27614,OPEN_OK,
pair_evidence/R004122__intersection.png,.png,242,OPEN_OK,
pair_evidence/R004122__mask_a.png,.png,588,OPEN_OK,
pair_evidence/R004122__mask_b.png,.png,509,OPEN_OK,
pair_evidence/R004122__overlay.png,.png,3425,OPEN_OK,
pair_evidence/R004122__raw.png,.png,5385,OPEN_OK,
pair_evidence/R004192.json,.json,993,OPEN_OK,
pair_evidence/R004192__1x.png,.png,8608,OPEN_OK,
pair_evidence/R004192__8x_nearest.png,.png,24746,OPEN_OK,
pair_evidence/R004192__intersection.png,.png,241,OPEN_OK,
pair_evidence/R004192__mask_a.png,.png,503,OPEN_OK,
pair_evidence/R004192__mask_b.png,.png,507,OPEN_OK,
pair_evidence/R004192__overlay.png,.png,2952,OPEN_OK,
pair_evidence/R004192__raw.png,.png,4548,OPEN_OK,
pair_evidence/R004193.json,.json,993,OPEN_OK,
pair_evidence/R004193__1x.png,.png,8801,OPEN_OK,
pair_evidence/R004193__8x_nearest.png,.png,25530,OPEN_OK,
pair_evidence/R004193__intersection.png,.png,241,OPEN_OK,
pair_evidence/R004193__mask_a.png,.png,516,OPEN_OK,
pair_evidence/R004193__mask_b.png,.png,480,OPEN_OK,
pair_evidence/R004193__overlay.png,.png,2951,OPEN_OK,
pair_evidence/R004193__raw.png,.png,4507,OPEN_OK,
pair_evidence/R004262.json,.json,993,OPEN_OK,
pair_evidence/R004262__1x.png,.png,8496,OPEN_OK,
pair_evidence/R004262__8x_nearest.png,.png,25036,OPEN_OK,
pair_evidence/R004262__intersection.png,.png,242,OPEN_OK,
pair_evidence/R004262__mask_a.png,.png,502,OPEN_OK,
pair_evidence/R004262__mask_b.png,.png,502,OPEN_OK,
pair_evidence/R004262__overlay.png,.png,2796,OPEN_OK,
pair_evidence/R004262__raw.png,.png,4522,OPEN_OK,
pair_evidence/R004263.json,.json,993,OPEN_OK,
pair_evidence/R004263__1x.png,.png,8360,OPEN_OK,
pair_evidence/R004263__8x_nearest.png,.png,24375,OPEN_OK,
pair_evidence/R004263__intersection.png,.png,244,OPEN_OK,
pair_evidence/R004263__mask_a.png,.png,510,OPEN_OK,
pair_evidence/R004263__mask_b.png,.png,478,OPEN_OK,
pair_evidence/R004263__overlay.png,.png,3015,OPEN_OK,
pair_evidence/R004263__raw.png,.png,4504,OPEN_OK,
pair_evidence/R004331.json,.json,993,OPEN_OK,
pair_evidence/R004331__1x.png,.png,8731,OPEN_OK,
pair_evidence/R004331__8x_nearest.png,.png,25934,OPEN_OK,
pair_evidence/R004331__intersection.png,.png,244,OPEN_OK,
pair_evidence/R004331__mask_a.png,.png,570,OPEN_OK,
pair_evidence/R004331__mask_b.png,.png,479,OPEN_OK,
pair_evidence/R004331__overlay.png,.png,2856,OPEN_OK,
pair_evidence/R004331__raw.png,.png,4675,OPEN_OK,
pair_evidence/R004332.json,.json,993,OPEN_OK,
pair_evidence/R004332__1x.png,.png,8295,OPEN_OK,
pair_evidence/R004332__8x_nearest.png,.png,24254,OPEN_OK,
pair_evidence/R004332__intersection.png,.png,243,OPEN_OK,
pair_evidence/R004332__mask_a.png,.png,566,OPEN_OK,
pair_evidence/R004332__mask_b.png,.png,470,OPEN_OK,
pair_evidence/R004332__overlay.png,.png,2430,OPEN_OK,
pair_evidence/R004332__raw.png,.png,4328,OPEN_OK,
pair_evidence/R004399.json,.json,993,OPEN_OK,
pair_evidence/R004399__1x.png,.png,9781,OPEN_OK,
pair_evidence/R004399__8x_nearest.png,.png,27676,OPEN_OK,
pair_evidence/R004399__intersection.png,.png,347,OPEN_OK,
pair_evidence/R004399__mask_a.png,.png,629,OPEN_OK,
pair_evidence/R004399__mask_b.png,.png,576,OPEN_OK,
pair_evidence/R004399__overlay.png,.png,4184,OPEN_OK,
pair_evidence/R004399__raw.png,.png,5509,OPEN_OK,
pair_evidence/R004400.json,.json,993,OPEN_OK,
pair_evidence/R004400__1x.png,.png,7661,OPEN_OK,
pair_evidence/R004400__8x_nearest.png,.png,22748,OPEN_OK,
pair_evidence/R004400__intersection.png,.png,245,OPEN_OK,
pair_evidence/R004400__mask_a.png,.png,528,OPEN_OK,
pair_evidence/R004400__mask_b.png,.png,558,OPEN_OK,
pair_evidence/R004400__overlay.png,.png,1812,OPEN_OK,
pair_evidence/R004400__raw.png,.png,3454,OPEN_OK,
pair_evidence/R004401.json,.json,994,OPEN_OK,
pair_evidence/R004401__1x.png,.png,8782,OPEN_OK,
pair_evidence/R004401__8x_nearest.png,.png,29392,OPEN_OK,
pair_evidence/R004401__intersection.png,.png,315,OPEN_OK,
pair_evidence/R004401__mask_a.png,.png,593,OPEN_OK,
pair_evidence/R004401__mask_b.png,.png,531,OPEN_OK,
pair_evidence/R004401__overlay.png,.png,3300,OPEN_OK,
pair_evidence/R004401__raw.png,.png,4700,OPEN_OK,
pair_evidence/R004597.json,.json,999,OPEN_OK,
pair_evidence/R004597__1x.png,.png,7935,OPEN_OK,
pair_evidence/R004597__8x_nearest.png,.png,25282,OPEN_OK,
pair_evidence/R004597__intersection.png,.png,247,OPEN_OK,
pair_evidence/R004597__mask_a.png,.png,531,OPEN_OK,
pair_evidence/R004597__mask_b.png,.png,407,OPEN_OK,
pair_evidence/R004597__overlay.png,.png,2707,OPEN_OK,
pair_evidence/R004597__raw.png,.png,4118,OPEN_OK,
pair_evidence/R004660.json,.json,999,OPEN_OK,
pair_evidence/R004660__1x.png,.png,6520,OPEN_OK,
pair_evidence/R004660__8x_nearest.png,.png,19728,OPEN_OK,
pair_evidence/R004660__intersection.png,.png,249,OPEN_OK,
pair_evidence/R004660__mask_a.png,.png,512,OPEN_OK,
pair_evidence/R004660__mask_b.png,.png,420,OPEN_OK,
pair_evidence/R004660__overlay.png,.png,1647,OPEN_OK,
pair_evidence/R004660__raw.png,.png,3111,OPEN_OK,
pair_evidence/R004662.json,.json,999,OPEN_OK,
pair_evidence/R004662__1x.png,.png,8083,OPEN_OK,
pair_evidence/R004662__8x_nearest.png,.png,26425,OPEN_OK,
pair_evidence/R004662__intersection.png,.png,294,OPEN_OK,
pair_evidence/R004662__mask_a.png,.png,562,OPEN_OK,
pair_evidence/R004662__mask_b.png,.png,332,OPEN_OK,
pair_evidence/R004662__overlay.png,.png,3701,OPEN_OK,
pair_evidence/R004662__raw.png,.png,4566,OPEN_OK,
pair_evidence/R004724.json,.json,999,OPEN_OK,
pair_evidence/R004724__1x.png,.png,4897,OPEN_OK,
pair_evidence/R004724__8x_nearest.png,.png,16442,OPEN_OK,
pair_evidence/R004724__intersection.png,.png,249,OPEN_OK,
pair_evidence/R004724__mask_a.png,.png,498,OPEN_OK,
pair_evidence/R004724__mask_b.png,.png,288,OPEN_OK,
pair_evidence/R004724__overlay.png,.png,841,OPEN_OK,
pair_evidence/R004724__raw.png,.png,1957,OPEN_OK,
pair_evidence/R004725.json,.json,999,OPEN_OK,
pair_evidence/R004725__1x.png,.png,7566,OPEN_OK,
pair_evidence/R004725__8x_nearest.png,.png,24833,OPEN_OK,
pair_evidence/R004725__intersection.png,.png,279,OPEN_OK,
pair_evidence/R004725__mask_a.png,.png,534,OPEN_OK,
pair_evidence/R004725__mask_b.png,.png,440,OPEN_OK,
pair_evidence/R004725__overlay.png,.png,2545,OPEN_OK,
pair_evidence/R004725__raw.png,.png,3941,OPEN_OK,
pair_evidence/R004785.json,.json,999,OPEN_OK,
pair_evidence/R004785__1x.png,.png,7383,OPEN_OK,
pair_evidence/R004785__8x_nearest.png,.png,25133,OPEN_OK,
pair_evidence/R004785__intersection.png,.png,294,OPEN_OK,
pair_evidence/R004785__mask_a.png,.png,527,OPEN_OK,
pair_evidence/R004785__mask_b.png,.png,336,OPEN_OK,
pair_evidence/R004785__overlay.png,.png,3347,OPEN_OK,
pair_evidence/R004785__raw.png,.png,4124,OPEN_OK,
pair_evidence/R004786.json,.json,999,OPEN_OK,
pair_evidence/R004786__1x.png,.png,5809,OPEN_OK,
pair_evidence/R004786__8x_nearest.png,.png,17900,OPEN_OK,
pair_evidence/R004786__intersection.png,.png,249,OPEN_OK,
pair_evidence/R004786__mask_a.png,.png,480,OPEN_OK,
pair_evidence/R004786__mask_b.png,.png,406,OPEN_OK,
pair_evidence/R004786__overlay.png,.png,1390,OPEN_OK,
pair_evidence/R004786__raw.png,.png,2636,OPEN_OK,
pair_evidence/R004846.json,.json,1000,OPEN_OK,
pair_evidence/R004846__1x.png,.png,7337,OPEN_OK,
pair_evidence/R004846__8x_nearest.png,.png,24964,OPEN_OK,
pair_evidence/R004846__intersection.png,.png,293,OPEN_OK,
pair_evidence/R004846__mask_a.png,.png,531,OPEN_OK,
pair_evidence/R004846__mask_b.png,.png,453,OPEN_OK,
pair_evidence/R004846__overlay.png,.png,2601,OPEN_OK,
pair_evidence/R004846__raw.png,.png,3713,OPEN_OK,
pair_evidence/R005022.json,.json,1006,OPEN_OK,
pair_evidence/R005022__1x.png,.png,5891,OPEN_OK,
pair_evidence/R005022__8x_nearest.png,.png,16721,OPEN_OK,
pair_evidence/R005022__intersection.png,.png,237,OPEN_OK,
pair_evidence/R005022__mask_a.png,.png,366,OPEN_OK,
pair_evidence/R005022__mask_b.png,.png,410,OPEN_OK,
pair_evidence/R005022__overlay.png,.png,1479,OPEN_OK,
pair_evidence/R005022__raw.png,.png,1988,OPEN_OK,
pair_evidence/R005059.json,.json,1057,OPEN_OK,
pair_evidence/R005059__1x.png,.png,5929,OPEN_OK,
pair_evidence/R005059__8x_nearest.png,.png,22751,OPEN_OK,
pair_evidence/R005059__intersection.png,.png,222,OPEN_OK,
pair_evidence/R005059__mask_a.png,.png,359,OPEN_OK,
pair_evidence/R005059__mask_b.png,.png,241,OPEN_OK,
pair_evidence/R005059__overlay.png,.png,2288,OPEN_OK,
pair_evidence/R005059__raw.png,.png,2930,OPEN_OK,
pair_evidence/R005078.json,.json,1005,OPEN_OK,
pair_evidence/R005078__1x.png,.png,6049,OPEN_OK,
pair_evidence/R005078__8x_nearest.png,.png,17595,OPEN_OK,
pair_evidence/R005078__intersection.png,.png,227,OPEN_OK,
pair_evidence/R005078__mask_a.png,.png,307,OPEN_OK,
pair_evidence/R005078__mask_b.png,.png,397,OPEN_OK,
pair_evidence/R005078__overlay.png,.png,2259,OPEN_OK,
pair_evidence/R005078__raw.png,.png,2349,OPEN_OK,
pair_evidence/R005115.json,.json,1056,OPEN_OK,
pair_evidence/R005115__1x.png,.png,5587,OPEN_OK,
pair_evidence/R005115__8x_nearest.png,.png,20953,OPEN_OK,
pair_evidence/R005115__intersection.png,.png,204,OPEN_OK,
pair_evidence/R005115__mask_a.png,.png,280,OPEN_OK,
pair_evidence/R005115__mask_b.png,.png,223,OPEN_OK,
pair_evidence/R005115__overlay.png,.png,2682,OPEN_OK,
pair_evidence/R005115__raw.png,.png,2878,OPEN_OK,
pair_evidence/R005135.json,.json,1006,OPEN_OK,
pair_evidence/R005135__1x.png,.png,2873,OPEN_OK,
pair_evidence/R005135__8x_nearest.png,.png,12547,OPEN_OK,
pair_evidence/R005135__intersection.png,.png,245,OPEN_OK,
pair_evidence/R005135__mask_a.png,.png,286,OPEN_OK,
pair_evidence/R005135__mask_b.png,.png,286,OPEN_OK,
pair_evidence/R005135__overlay.png,.png,416,OPEN_OK,
pair_evidence/R005135__raw.png,.png,499,OPEN_OK,
pair_evidence/R005136.json,.json,1006,OPEN_OK,
pair_evidence/R005136__1x.png,.png,6054,OPEN_OK,
pair_evidence/R005136__8x_nearest.png,.png,23828,OPEN_OK,
pair_evidence/R005136__intersection.png,.png,299,OPEN_OK,
pair_evidence/R005136__mask_a.png,.png,341,OPEN_OK,
pair_evidence/R005136__mask_b.png,.png,489,OPEN_OK,
pair_evidence/R005136__overlay.png,.png,2196,OPEN_OK,
pair_evidence/R005136__raw.png,.png,2846,OPEN_OK,
pair_evidence/R005170.json,.json,1057,OPEN_OK,
pair_evidence/R005170__1x.png,.png,5611,OPEN_OK,
pair_evidence/R005170__8x_nearest.png,.png,22994,OPEN_OK,
pair_evidence/R005170__intersection.png,.png,231,OPEN_OK,
pair_evidence/R005170__mask_a.png,.png,269,OPEN_OK,
pair_evidence/R005170__mask_b.png,.png,250,OPEN_OK,
pair_evidence/R005170__overlay.png,.png,2834,OPEN_OK,
pair_evidence/R005170__raw.png,.png,2947,OPEN_OK,
pair_evidence/R005189.json,.json,1006,OPEN_OK,
pair_evidence/R005189__1x.png,.png,5576,OPEN_OK,
pair_evidence/R005189__8x_nearest.png,.png,20228,OPEN_OK,
pair_evidence/R005189__intersection.png,.png,239,OPEN_OK,
pair_evidence/R005189__mask_a.png,.png,388,OPEN_OK,
pair_evidence/R005189__mask_b.png,.png,284,OPEN_OK,
pair_evidence/R005189__overlay.png,.png,2004,OPEN_OK,
pair_evidence/R005189__raw.png,.png,2507,OPEN_OK,
pair_evidence/R005190.json,.json,1006,OPEN_OK,
pair_evidence/R005190__1x.png,.png,5638,OPEN_OK,
pair_evidence/R005190__8x_nearest.png,.png,17943,OPEN_OK,
pair_evidence/R005190__intersection.png,.png,238,OPEN_OK,
pair_evidence/R005190__mask_a.png,.png,385,OPEN_OK,
pair_evidence/R005190__mask_b.png,.png,427,OPEN_OK,
pair_evidence/R005190__overlay.png,.png,1335,OPEN_OK,
pair_evidence/R005190__raw.png,.png,2522,OPEN_OK,
pair_evidence/R005224.json,.json,1057,OPEN_OK,
pair_evidence/R005224__1x.png,.png,5879,OPEN_OK,
pair_evidence/R005224__8x_nearest.png,.png,22650,OPEN_OK,
pair_evidence/R005224__intersection.png,.png,222,OPEN_OK,
pair_evidence/R005224__mask_a.png,.png,366,OPEN_OK,
pair_evidence/R005224__mask_b.png,.png,241,OPEN_OK,
pair_evidence/R005224__overlay.png,.png,2444,OPEN_OK,
pair_evidence/R005224__raw.png,.png,2930,OPEN_OK,
pair_evidence/R005243.json,.json,1005,OPEN_OK,
pair_evidence/R005243__1x.png,.png,5460,OPEN_OK,
pair_evidence/R005243__8x_nearest.png,.png,16833,OPEN_OK,
pair_evidence/R005243__intersection.png,.png,227,OPEN_OK,
pair_evidence/R005243__mask_a.png,.png,279,OPEN_OK,
pair_evidence/R005243__mask_b.png,.png,415,OPEN_OK,
pair_evidence/R005243__overlay.png,.png,1643,OPEN_OK,
pair_evidence/R005243__raw.png,.png,2497,OPEN_OK,
pair_evidence/R005277.json,.json,1056,OPEN_OK,
pair_evidence/R005277__1x.png,.png,5573,OPEN_OK,
pair_evidence/R005277__8x_nearest.png,.png,20924,OPEN_OK,
pair_evidence/R005277__intersection.png,.png,204,OPEN_OK,
pair_evidence/R005277__mask_a.png,.png,271,OPEN_OK,
pair_evidence/R005277__mask_b.png,.png,223,OPEN_OK,
pair_evidence/R005277__overlay.png,.png,2667,OPEN_OK,
pair_evidence/R005277__raw.png,.png,2878,OPEN_OK,
pair_evidence/R005329.json,.json,1057,OPEN_OK,
pair_evidence/R005329__1x.png,.png,6282,OPEN_OK,
pair_evidence/R005329__8x_nearest.png,.png,23734,OPEN_OK,
pair_evidence/R005329__intersection.png,.png,227,OPEN_OK,
pair_evidence/R005329__mask_a.png,.png,365,OPEN_OK,
pair_evidence/R005329__mask_b.png,.png,245,OPEN_OK,
pair_evidence/R005329__overlay.png,.png,2588,OPEN_OK,
pair_evidence/R005329__raw.png,.png,3240,OPEN_OK,
pair_evidence/R005380.json,.json,1057,OPEN_OK,
pair_evidence/R005380__1x.png,.png,6240,OPEN_OK,
pair_evidence/R005380__8x_nearest.png,.png,25332,OPEN_OK,
pair_evidence/R005380__intersection.png,.png,249,OPEN_OK,
pair_evidence/R005380__mask_a.png,.png,337,OPEN_OK,
pair_evidence/R005380__mask_b.png,.png,267,OPEN_OK,
pair_evidence/R005380__overlay.png,.png,2865,OPEN_OK,
pair_evidence/R005380__raw.png,.png,3328,OPEN_OK,
pair_evidence/R005430.json,.json,1057,OPEN_OK,
pair_evidence/R005430__1x.png,.png,5950,OPEN_OK,
pair_evidence/R005430__8x_nearest.png,.png,23494,OPEN_OK,
pair_evidence/R005430__intersection.png,.png,229,OPEN_OK,
pair_evidence/R005430__mask_a.png,.png,267,OPEN_OK,
pair_evidence/R005430__mask_b.png,.png,247,OPEN_OK,
pair_evidence/R005430__overlay.png,.png,3149,OPEN_OK,
pair_evidence/R005430__raw.png,.png,3269,OPEN_OK,
pair_evidence/R005479.json,.json,1056,OPEN_OK,
pair_evidence/R005479__1x.png,.png,6307,OPEN_OK,
pair_evidence/R005479__8x_nearest.png,.png,23868,OPEN_OK,
pair_evidence/R005479__intersection.png,.png,227,OPEN_OK,
pair_evidence/R005479__mask_a.png,.png,394,OPEN_OK,
pair_evidence/R005479__mask_b.png,.png,245,OPEN_OK,
pair_evidence/R005479__overlay.png,.png,2486,OPEN_OK,
pair_evidence/R005479__raw.png,.png,3240,OPEN_OK,
pair_evidence/R005729.json,.json,979,OPEN_OK,
pair_evidence/R005729__1x.png,.png,7596,OPEN_OK,
pair_evidence/R005729__8x_nearest.png,.png,23205,OPEN_OK,
pair_evidence/R005729__intersection.png,.png,243,OPEN_OK,
pair_evidence/R005729__mask_a.png,.png,520,OPEN_OK,
pair_evidence/R005729__mask_b.png,.png,527,OPEN_OK,
pair_evidence/R005729__overlay.png,.png,1887,OPEN_OK,
pair_evidence/R005729__raw.png,.png,3633,OPEN_OK,
pair_evidence/R005771.json,.json,979,OPEN_OK,
pair_evidence/R005771__1x.png,.png,8582,OPEN_OK,
pair_evidence/R005771__8x_nearest.png,.png,26296,OPEN_OK,
pair_evidence/R005771__intersection.png,.png,242,OPEN_OK,
pair_evidence/R005771__mask_a.png,.png,432,OPEN_OK,
pair_evidence/R005771__mask_b.png,.png,549,OPEN_OK,
pair_evidence/R005771__overlay.png,.png,3307,OPEN_OK,
pair_evidence/R005771__raw.png,.png,4678,OPEN_OK,
pair_evidence/R005772.json,.json,979,OPEN_OK,
pair_evidence/R005772__1x.png,.png,7133,OPEN_OK,
pair_evidence/R005772__8x_nearest.png,.png,22843,OPEN_OK,
pair_evidence/R005772__intersection.png,.png,243,OPEN_OK,
pair_evidence/R005772__mask_a.png,.png,443,OPEN_OK,
pair_evidence/R005772__mask_b.png,.png,475,OPEN_OK,
pair_evidence/R005772__overlay.png,.png,2237,OPEN_OK,
pair_evidence/R005772__raw.png,.png,3356,OPEN_OK,
pair_evidence/R005813.json,.json,979,OPEN_OK,
pair_evidence/R005813__1x.png,.png,7745,OPEN_OK,
pair_evidence/R005813__8x_nearest.png,.png,24267,OPEN_OK,
pair_evidence/R005813__intersection.png,.png,242,OPEN_OK,
pair_evidence/R005813__mask_a.png,.png,392,OPEN_OK,
pair_evidence/R005813__mask_b.png,.png,490,OPEN_OK,
pair_evidence/R005813__overlay.png,.png,2920,OPEN_OK,
pair_evidence/R005813__raw.png,.png,4017,OPEN_OK,
pair_evidence/R005814.json,.json,979,OPEN_OK,
pair_evidence/R005814__1x.png,.png,9098,OPEN_OK,
pair_evidence/R005814__8x_nearest.png,.png,26310,OPEN_OK,
pair_evidence/R005814__intersection.png,.png,242,OPEN_OK,
pair_evidence/R005814__mask_a.png,.png,403,OPEN_OK,
pair_evidence/R005814__mask_b.png,.png,598,OPEN_OK,
pair_evidence/R005814__overlay.png,.png,3223,OPEN_OK,
pair_evidence/R005814__raw.png,.png,4942,OPEN_OK,
pair_evidence/R005854.json,.json,979,OPEN_OK,
pair_evidence/R005854__1x.png,.png,10425,OPEN_OK,
pair_evidence/R005854__8x_nearest.png,.png,28294,OPEN_OK,
pair_evidence/R005854__intersection.png,.png,242,OPEN_OK,
pair_evidence/R005854__mask_a.png,.png,559,OPEN_OK,
pair_evidence/R005854__mask_b.png,.png,595,OPEN_OK,
pair_evidence/R005854__overlay.png,.png,3151,OPEN_OK,
pair_evidence/R005854__raw.png,.png,5594,OPEN_OK,
pair_evidence/R005855.json,.json,979,OPEN_OK,
pair_evidence/R005855__1x.png,.png,10323,OPEN_OK,
pair_evidence/R005855__8x_nearest.png,.png,28445,OPEN_OK,
pair_evidence/R005855__intersection.png,.png,242,OPEN_OK,
pair_evidence/R005855__mask_a.png,.png,576,OPEN_OK,
pair_evidence/R005855__mask_b.png,.png,485,OPEN_OK,
pair_evidence/R005855__overlay.png,.png,4127,OPEN_OK,
pair_evidence/R005855__raw.png,.png,5789,OPEN_OK,
pair_evidence/R005894.json,.json,979,OPEN_OK,
pair_evidence/R005894__1x.png,.png,7629,OPEN_OK,
pair_evidence/R005894__8x_nearest.png,.png,23326,OPEN_OK,
pair_evidence/R005894__intersection.png,.png,244,OPEN_OK,
pair_evidence/R005894__mask_a.png,.png,508,OPEN_OK,
pair_evidence/R005894__mask_b.png,.png,493,OPEN_OK,
pair_evidence/R005894__overlay.png,.png,2296,OPEN_OK,
pair_evidence/R005894__raw.png,.png,3771,OPEN_OK,
pair_evidence/R006081.json,.json,979,OPEN_OK,
pair_evidence/R006081__1x.png,.png,6044,OPEN_OK,
pair_evidence/R006081__8x_nearest.png,.png,18342,OPEN_OK,
pair_evidence/R006081__intersection.png,.png,243,OPEN_OK,
pair_evidence/R006081__mask_a.png,.png,409,OPEN_OK,
pair_evidence/R006081__mask_b.png,.png,490,OPEN_OK,
pair_evidence/R006081__overlay.png,.png,1295,OPEN_OK,
pair_evidence/R006081__raw.png,.png,2665,OPEN_OK,
pair_evidence/R006082.json,.json,979,OPEN_OK,
pair_evidence/R006082__1x.png,.png,8735,OPEN_OK,
pair_evidence/R006082__8x_nearest.png,.png,27503,OPEN_OK,
pair_evidence/R006082__intersection.png,.png,295,OPEN_OK,
pair_evidence/R006082__mask_a.png,.png,460,OPEN_OK,
pair_evidence/R006082__mask_b.png,.png,470,OPEN_OK,
pair_evidence/R006082__overlay.png,.png,4378,OPEN_OK,
pair_evidence/R006082__raw.png,.png,5132,OPEN_OK,
pair_evidence/R006114.json,.json,979,OPEN_OK,
pair_evidence/R006114__1x.png,.png,9750,OPEN_OK,
pair_evidence/R006114__8x_nearest.png,.png,29006,OPEN_OK,
pair_evidence/R006114__intersection.png,.png,297,OPEN_OK,
pair_evidence/R006114__mask_a.png,.png,662,OPEN_OK,
pair_evidence/R006114__mask_b.png,.png,545,OPEN_OK,
pair_evidence/R006114__overlay.png,.png,3196,OPEN_OK,
pair_evidence/R006114__raw.png,.png,5139,OPEN_OK,
pair_evidence/R006115.json,.json,979,OPEN_OK,
pair_evidence/R006115__1x.png,.png,6884,OPEN_OK,
pair_evidence/R006115__8x_nearest.png,.png,19775,OPEN_OK,
pair_evidence/R006115__intersection.png,.png,242,OPEN_OK,
pair_evidence/R006115__mask_a.png,.png,595,OPEN_OK,
pair_evidence/R006115__mask_b.png,.png,410,OPEN_OK,
pair_evidence/R006115__overlay.png,.png,1533,OPEN_OK,
pair_evidence/R006115__raw.png,.png,3096,OPEN_OK,
pair_evidence/R006116.json,.json,979,OPEN_OK,
pair_evidence/R006116__1x.png,.png,10979,OPEN_OK,
pair_evidence/R006116__8x_nearest.png,.png,31292,OPEN_OK,
pair_evidence/R006116__intersection.png,.png,295,OPEN_OK,
pair_evidence/R006116__mask_a.png,.png,656,OPEN_OK,
pair_evidence/R006116__mask_b.png,.png,657,OPEN_OK,
pair_evidence/R006116__overlay.png,.png,3437,OPEN_OK,
pair_evidence/R006116__raw.png,.png,5839,OPEN_OK,
pair_evidence/R006147.json,.json,979,OPEN_OK,
pair_evidence/R006147__1x.png,.png,9382,OPEN_OK,
pair_evidence/R006147__8x_nearest.png,.png,29015,OPEN_OK,
pair_evidence/R006147__intersection.png,.png,295,OPEN_OK,
pair_evidence/R006147__mask_a.png,.png,419,OPEN_OK,
pair_evidence/R006147__mask_b.png,.png,466,OPEN_OK,
pair_evidence/R006147__overlay.png,.png,5147,OPEN_OK,
pair_evidence/R006147__raw.png,.png,5676,OPEN_OK,
pair_evidence/R006148.json,.json,979,OPEN_OK,
pair_evidence/R006148__1x.png,.png,7125,OPEN_OK,
pair_evidence/R006148__8x_nearest.png,.png,20206,OPEN_OK,
pair_evidence/R006148__intersection.png,.png,241,OPEN_OK,
pair_evidence/R006148__mask_a.png,.png,365,OPEN_OK,
pair_evidence/R006148__mask_b.png,.png,580,OPEN_OK,
pair_evidence/R006148__overlay.png,.png,1692,OPEN_OK,
pair_evidence/R006148__raw.png,.png,3298,OPEN_OK,
pair_evidence/R006149.json,.json,979,OPEN_OK,
pair_evidence/R006149__1x.png,.png,9143,OPEN_OK,
pair_evidence/R006149__8x_nearest.png,.png,28047,OPEN_OK,
pair_evidence/R006149__intersection.png,.png,283,OPEN_OK,
pair_evidence/R006149__mask_a.png,.png,405,OPEN_OK,
pair_evidence/R006149__mask_b.png,.png,471,OPEN_OK,
pair_evidence/R006149__overlay.png,.png,4843,OPEN_OK,
pair_evidence/R006149__raw.png,.png,5471,OPEN_OK,
pair_evidence/R006179.json,.json,979,OPEN_OK,
pair_evidence/R006179__1x.png,.png,10396,OPEN_OK,
pair_evidence/R006179__8x_nearest.png,.png,29960,OPEN_OK,
pair_evidence/R006179__intersection.png,.png,295,OPEN_OK,
pair_evidence/R006179__mask_a.png,.png,581,OPEN_OK,
pair_evidence/R006179__mask_b.png,.png,635,OPEN_OK,
pair_evidence/R006179__overlay.png,.png,3339,OPEN_OK,
pair_evidence/R006179__raw.png,.png,5608,OPEN_OK,
pair_evidence/R006180.json,.json,979,OPEN_OK,
pair_evidence/R006180__1x.png,.png,6527,OPEN_OK,
pair_evidence/R006180__8x_nearest.png,.png,18941,OPEN_OK,
pair_evidence/R006180__intersection.png,.png,242,OPEN_OK,
pair_evidence/R006180__mask_a.png,.png,534,OPEN_OK,
pair_evidence/R006180__mask_b.png,.png,412,OPEN_OK,
pair_evidence/R006180__overlay.png,.png,1429,OPEN_OK,
pair_evidence/R006180__raw.png,.png,2947,OPEN_OK,
pair_evidence/R006181.json,.json,979,OPEN_OK,
pair_evidence/R006181__1x.png,.png,9067,OPEN_OK,
pair_evidence/R006181__8x_nearest.png,.png,27880,OPEN_OK,
pair_evidence/R006181__intersection.png,.png,295,OPEN_OK,
pair_evidence/R006181__mask_a.png,.png,582,OPEN_OK,
pair_evidence/R006181__mask_b.png,.png,438,OPEN_OK,
pair_evidence/R006181__overlay.png,.png,3783,OPEN_OK,
pair_evidence/R006181__raw.png,.png,5089,OPEN_OK,
pair_evidence/R006210.json,.json,979,OPEN_OK,
pair_evidence/R006210__1x.png,.png,9153,OPEN_OK,
pair_evidence/R006210__8x_nearest.png,.png,27884,OPEN_OK,
pair_evidence/R006210__intersection.png,.png,295,OPEN_OK,
pair_evidence/R006210__mask_a.png,.png,586,OPEN_OK,
pair_evidence/R006210__mask_b.png,.png,473,OPEN_OK,
pair_evidence/R006210__overlay.png,.png,3729,OPEN_OK,
pair_evidence/R006210__raw.png,.png,5148,OPEN_OK,
pair_evidence/R006211.json,.json,979,OPEN_OK,
pair_evidence/R006211__1x.png,.png,6201,OPEN_OK,
pair_evidence/R006211__8x_nearest.png,.png,18556,OPEN_OK,
pair_evidence/R006211__intersection.png,.png,241,OPEN_OK,
pair_evidence/R006211__mask_a.png,.png,527,OPEN_OK,
pair_evidence/R006211__mask_b.png,.png,384,OPEN_OK,
pair_evidence/R006211__overlay.png,.png,1430,OPEN_OK,
pair_evidence/R006211__raw.png,.png,2799,OPEN_OK,
pair_evidence/R006212.json,.json,979,OPEN_OK,
pair_evidence/R006212__1x.png,.png,9081,OPEN_OK,
pair_evidence/R006212__8x_nearest.png,.png,28479,OPEN_OK,
pair_evidence/R006212__intersection.png,.png,297,OPEN_OK,
pair_evidence/R006212__mask_a.png,.png,588,OPEN_OK,
pair_evidence/R006212__mask_b.png,.png,567,OPEN_OK,
pair_evidence/R006212__overlay.png,.png,3199,OPEN_OK,
pair_evidence/R006212__raw.png,.png,4941,OPEN_OK,
pair_evidence/R006240.json,.json,979,OPEN_OK,
pair_evidence/R006240__1x.png,.png,8438,OPEN_OK,
pair_evidence/R006240__8x_nearest.png,.png,27023,OPEN_OK,
pair_evidence/R006240__intersection.png,.png,295,OPEN_OK,
pair_evidence/R006240__mask_a.png,.png,486,OPEN_OK,
pair_evidence/R006240__mask_b.png,.png,436,OPEN_OK,
pair_evidence/R006240__overlay.png,.png,3975,OPEN_OK,
pair_evidence/R006240__raw.png,.png,4858,OPEN_OK,
pair_evidence/R006241.json,.json,979,OPEN_OK,
pair_evidence/R006241__1x.png,.png,6159,OPEN_OK,
pair_evidence/R006241__8x_nearest.png,.png,18494,OPEN_OK,
pair_evidence/R006241__intersection.png,.png,243,OPEN_OK,
pair_evidence/R006241__mask_a.png,.png,402,OPEN_OK,
pair_evidence/R006241__mask_b.png,.png,506,OPEN_OK,
pair_evidence/R006241__overlay.png,.png,1296,OPEN_OK,
pair_evidence/R006241__raw.png,.png,2709,OPEN_OK,
pair_evidence/R006423.json,.json,1023,OPEN_OK,
pair_evidence/R006423__1x.png,.png,43880,OPEN_OK,
pair_evidence/R006423__8x_nearest.png,.png,333351,OPEN_OK,
pair_evidence/R006423__intersection.png,.png,1604,OPEN_OK,
pair_evidence/R006423__mask_a.png,.png,1841,OPEN_OK,
pair_evidence/R006423__mask_b.png,.png,1754,OPEN_OK,
pair_evidence/R006423__overlay.png,.png,31369,OPEN_OK,
pair_evidence/R006423__raw.png,.png,32698,OPEN_OK,
pair_evidence/R006427.json,.json,1009,OPEN_OK,
pair_evidence/R006427__1x.png,.png,25262,OPEN_OK,
pair_evidence/R006427__8x_nearest.png,.png,111308,OPEN_OK,
pair_evidence/R006427__intersection.png,.png,680,OPEN_OK,
pair_evidence/R006427__mask_a.png,.png,924,OPEN_OK,
pair_evidence/R006427__mask_b.png,.png,838,OPEN_OK,
pair_evidence/R006427__overlay.png,.png,17356,OPEN_OK,
pair_evidence/R006427__raw.png,.png,18341,OPEN_OK,
pair_evidence/R006444.json,.json,1023,OPEN_OK,
pair_evidence/R006444__1x.png,.png,43492,OPEN_OK,
pair_evidence/R006444__8x_nearest.png,.png,333656,OPEN_OK,
pair_evidence/R006444__intersection.png,.png,1604,OPEN_OK,
pair_evidence/R006444__mask_a.png,.png,1751,OPEN_OK,
pair_evidence/R006444__mask_b.png,.png,1754,OPEN_OK,
pair_evidence/R006444__overlay.png,.png,31685,OPEN_OK,
pair_evidence/R006444__raw.png,.png,32698,OPEN_OK,
pair_evidence/R006448.json,.json,1009,OPEN_OK,
pair_evidence/R006448__1x.png,.png,24878,OPEN_OK,
pair_evidence/R006448__8x_nearest.png,.png,110196,OPEN_OK,
pair_evidence/R006448__intersection.png,.png,675,OPEN_OK,
pair_evidence/R006448__mask_a.png,.png,826,OPEN_OK,
pair_evidence/R006448__mask_b.png,.png,832,OPEN_OK,
pair_evidence/R006448__overlay.png,.png,17662,OPEN_OK,
pair_evidence/R006448__raw.png,.png,18315,OPEN_OK,
pair_evidence/R006469.json,.json,1041,OPEN_OK,
pair_evidence/R006469__1x.png,.png,13415,OPEN_OK,
pair_evidence/R006469__8x_nearest.png,.png,101458,OPEN_OK,
pair_evidence/R006469__intersection.png,.png,614,OPEN_OK,
pair_evidence/R006469__mask_a.png,.png,760,OPEN_OK,
pair_evidence/R006469__mask_b.png,.png,686,OPEN_OK,
pair_evidence/R006469__overlay.png,.png,7884,OPEN_OK,
pair_evidence/R006469__raw.png,.png,8477,OPEN_OK,
pair_evidence/R006470.json,.json,1040,OPEN_OK,
pair_evidence/R006470__1x.png,.png,14057,OPEN_OK,
pair_evidence/R006470__8x_nearest.png,.png,104965,OPEN_OK,
pair_evidence/R006470__intersection.png,.png,613,OPEN_OK,
pair_evidence/R006470__mask_a.png,.png,771,OPEN_OK,
pair_evidence/R006470__mask_b.png,.png,724,OPEN_OK,
pair_evidence/R006470__overlay.png,.png,8158,OPEN_OK,
pair_evidence/R006470__raw.png,.png,8818,OPEN_OK,
pair_evidence/R006490.json,.json,1041,OPEN_OK,
pair_evidence/R006490__1x.png,.png,17450,OPEN_OK,
pair_evidence/R006490__8x_nearest.png,.png,112458,OPEN_OK,
pair_evidence/R006490__intersection.png,.png,614,OPEN_OK,
pair_evidence/R006490__mask_a.png,.png,769,OPEN_OK,
pair_evidence/R006490__mask_b.png,.png,681,OPEN_OK,
pair_evidence/R006490__overlay.png,.png,11589,OPEN_OK,
pair_evidence/R006490__raw.png,.png,12062,OPEN_OK,
pair_evidence/R006491.json,.json,1040,OPEN_OK,
pair_evidence/R006491__1x.png,.png,18099,OPEN_OK,
pair_evidence/R006491__8x_nearest.png,.png,116463,OPEN_OK,
pair_evidence/R006491__intersection.png,.png,616,OPEN_OK,
pair_evidence/R006491__mask_a.png,.png,782,OPEN_OK,
pair_evidence/R006491__mask_b.png,.png,726,OPEN_OK,
pair_evidence/R006491__overlay.png,.png,11822,OPEN_OK,
pair_evidence/R006491__raw.png,.png,12405,OPEN_OK,
pair_evidence/R006506.json,.json,1049,OPEN_OK,
pair_evidence/R006506__1x.png,.png,23309,OPEN_OK,
pair_evidence/R006506__8x_nearest.png,.png,142157,OPEN_OK,
pair_evidence/R006506__intersection.png,.png,679,OPEN_OK,
pair_evidence/R006506__mask_a.png,.png,849,OPEN_OK,
pair_evidence/R006506__mask_b.png,.png,762,OPEN_OK,
pair_evidence/R006506__overlay.png,.png,16059,OPEN_OK,
pair_evidence/R006506__raw.png,.png,16843,OPEN_OK,
pair_evidence/R006507.json,.json,1046,OPEN_OK,
pair_evidence/R006507__1x.png,.png,22739,OPEN_OK,
pair_evidence/R006507__8x_nearest.png,.png,138795,OPEN_OK,
pair_evidence/R006507__intersection.png,.png,665,OPEN_OK,
pair_evidence/R006507__mask_a.png,.png,839,OPEN_OK,
pair_evidence/R006507__mask_b.png,.png,775,OPEN_OK,
pair_evidence/R006507__overlay.png,.png,15387,OPEN_OK,
pair_evidence/R006507__raw.png,.png,16264,OPEN_OK,
pair_evidence/R006508.json,.json,1049,OPEN_OK,
pair_evidence/R006508__1x.png,.png,23324,OPEN_OK,
pair_evidence/R006508__8x_nearest.png,.png,142202,OPEN_OK,
pair_evidence/R006508__intersection.png,.png,679,OPEN_OK,
pair_evidence/R006508__mask_a.png,.png,849,OPEN_OK,
pair_evidence/R006508__mask_b.png,.png,737,OPEN_OK,
pair_evidence/R006508__overlay.png,.png,16049,OPEN_OK,
pair_evidence/R006508__raw.png,.png,16857,OPEN_OK,
pair_evidence/R006509.json,.json,1046,OPEN_OK,
pair_evidence/R006509__1x.png,.png,22725,OPEN_OK,
pair_evidence/R006509__8x_nearest.png,.png,138567,OPEN_OK,
pair_evidence/R006509__intersection.png,.png,662,OPEN_OK,
pair_evidence/R006509__mask_a.png,.png,834,OPEN_OK,
pair_evidence/R006509__mask_b.png,.png,765,OPEN_OK,
pair_evidence/R006509__overlay.png,.png,15392,OPEN_OK,
pair_evidence/R006509__raw.png,.png,16282,OPEN_OK,
pair_evidence/R006510.json,.json,1056,OPEN_OK,
pair_evidence/R006510__1x.png,.png,21463,OPEN_OK,
pair_evidence/R006510__8x_nearest.png,.png,133250,OPEN_OK,
pair_evidence/R006510__intersection.png,.png,633,OPEN_OK,
pair_evidence/R006510__mask_a.png,.png,801,OPEN_OK,
pair_evidence/R006510__mask_b.png,.png,655,OPEN_OK,
pair_evidence/R006510__overlay.png,.png,14854,OPEN_OK,
pair_evidence/R006510__raw.png,.png,15432,OPEN_OK,
pair_evidence/R006511.json,.json,1055,OPEN_OK,
pair_evidence/R006511__1x.png,.png,22157,OPEN_OK,
pair_evidence/R006511__8x_nearest.png,.png,136684,OPEN_OK,
pair_evidence/R006511__intersection.png,.png,674,OPEN_OK,
pair_evidence/R006511__mask_a.png,.png,846,OPEN_OK,
pair_evidence/R006511__mask_b.png,.png,803,OPEN_OK,
pair_evidence/R006511__overlay.png,.png,14906,OPEN_OK,
pair_evidence/R006511__raw.png,.png,15696,OPEN_OK,
pair_evidence/R006514.json,.json,1046,OPEN_OK,
pair_evidence/R006514__1x.png,.png,24133,OPEN_OK,
pair_evidence/R006514__8x_nearest.png,.png,174325,OPEN_OK,
pair_evidence/R006514__intersection.png,.png,978,OPEN_OK,
pair_evidence/R006514__mask_a.png,.png,1141,OPEN_OK,
pair_evidence/R006514__mask_b.png,.png,1146,OPEN_OK,
pair_evidence/R006514__overlay.png,.png,15601,OPEN_OK,
pair_evidence/R006514__raw.png,.png,16496,OPEN_OK,
pair_evidence/R006527.json,.json,1060,OPEN_OK,
pair_evidence/R006527__1x.png,.png,27107,OPEN_OK,
pair_evidence/R006527__8x_nearest.png,.png,191315,OPEN_OK,
pair_evidence/R006527__intersection.png,.png,876,OPEN_OK,
pair_evidence/R006527__mask_a.png,.png,1053,OPEN_OK,
pair_evidence/R006527__mask_b.png,.png,901,OPEN_OK,
pair_evidence/R006527__overlay.png,.png,19416,OPEN_OK,
pair_evidence/R006527__raw.png,.png,19940,OPEN_OK,
pair_evidence/R006528.json,.json,1057,OPEN_OK,
pair_evidence/R006528__1x.png,.png,26889,OPEN_OK,
pair_evidence/R006528__8x_nearest.png,.png,186162,OPEN_OK,
pair_evidence/R006528__intersection.png,.png,902,OPEN_OK,
pair_evidence/R006528__mask_a.png,.png,1064,OPEN_OK,
pair_evidence/R006528__mask_b.png,.png,1021,OPEN_OK,
pair_evidence/R006528__overlay.png,.png,18504,OPEN_OK,
pair_evidence/R006528__raw.png,.png,19485,OPEN_OK,
pair_evidence/R006529.json,.json,1063,OPEN_OK,
pair_evidence/R006529__1x.png,.png,26105,OPEN_OK,
pair_evidence/R006529__8x_nearest.png,.png,181380,OPEN_OK,
pair_evidence/R006529__intersection.png,.png,903,OPEN_OK,
pair_evidence/R006529__mask_a.png,.png,1068,OPEN_OK,
pair_evidence/R006529__mask_b.png,.png,933,OPEN_OK,
pair_evidence/R006529__overlay.png,.png,18459,OPEN_OK,
pair_evidence/R006529__raw.png,.png,19216,OPEN_OK,
pair_evidence/R006530.json,.json,1061,OPEN_OK,
pair_evidence/R006530__1x.png,.png,26808,OPEN_OK,
pair_evidence/R006530__8x_nearest.png,.png,185605,OPEN_OK,
pair_evidence/R006530__intersection.png,.png,902,OPEN_OK,
pair_evidence/R006530__mask_a.png,.png,1077,OPEN_OK,
pair_evidence/R006530__mask_b.png,.png,1027,OPEN_OK,
pair_evidence/R006530__overlay.png,.png,18633,OPEN_OK,
pair_evidence/R006530__raw.png,.png,19492,OPEN_OK,
pair_evidence/R006532.json,.json,1043,OPEN_OK,
pair_evidence/R006532__1x.png,.png,27966,OPEN_OK,
pair_evidence/R006532__8x_nearest.png,.png,214352,OPEN_OK,
pair_evidence/R006532__intersection.png,.png,1151,OPEN_OK,
pair_evidence/R006532__mask_a.png,.png,1315,OPEN_OK,
pair_evidence/R006532__mask_b.png,.png,1210,OPEN_OK,
pair_evidence/R006532__overlay.png,.png,19162,OPEN_OK,
pair_evidence/R006532__raw.png,.png,20166,OPEN_OK,
pair_evidence/R006545.json,.json,1066,OPEN_OK,
pair_evidence/R006545__1x.png,.png,40770,OPEN_OK,
pair_evidence/R006545__8x_nearest.png,.png,315665,OPEN_OK,
pair_evidence/R006545__intersection.png,.png,1490,OPEN_OK,
pair_evidence/R006545__mask_a.png,.png,1640,OPEN_OK,
pair_evidence/R006545__mask_b.png,.png,1521,OPEN_OK,
pair_evidence/R006545__overlay.png,.png,30197,OPEN_OK,
pair_evidence/R006545__raw.png,.png,30762,OPEN_OK,
pair_evidence/R006546.json,.json,1063,OPEN_OK,
pair_evidence/R006546__1x.png,.png,40946,OPEN_OK,
pair_evidence/R006546__8x_nearest.png,.png,314437,OPEN_OK,
pair_evidence/R006546__intersection.png,.png,1492,OPEN_OK,
pair_evidence/R006546__mask_a.png,.png,1637,OPEN_OK,
pair_evidence/R006546__mask_b.png,.png,1609,OPEN_OK,
pair_evidence/R006546__overlay.png,.png,29804,OPEN_OK,
pair_evidence/R006546__raw.png,.png,30653,OPEN_OK,
pair_evidence/R006549.json,.json,1053,OPEN_OK,
pair_evidence/R006549__1x.png,.png,42296,OPEN_OK,
pair_evidence/R006549__8x_nearest.png,.png,324179,OPEN_OK,
pair_evidence/R006549__intersection.png,.png,1553,OPEN_OK,
pair_evidence/R006549__mask_a.png,.png,1703,OPEN_OK,
pair_evidence/R006549__mask_b.png,.png,1618,OPEN_OK,
pair_evidence/R006549__overlay.png,.png,31138,OPEN_OK,
pair_evidence/R006549__raw.png,.png,31965,OPEN_OK,
pair_evidence/R006550.json,.json,1052,OPEN_OK,
pair_evidence/R006550__1x.png,.png,43675,OPEN_OK,
pair_evidence/R006550__8x_nearest.png,.png,335812,OPEN_OK,
pair_evidence/R006550__intersection.png,.png,1614,OPEN_OK,
pair_evidence/R006550__mask_a.png,.png,1765,OPEN_OK,
pair_evidence/R006550__mask_b.png,.png,1737,OPEN_OK,
pair_evidence/R006550__overlay.png,.png,31931,OPEN_OK,
pair_evidence/R006550__raw.png,.png,32832,OPEN_OK,
pair_evidence/R006576.json,.json,1044,OPEN_OK,
pair_evidence/R006576__1x.png,.png,13348,OPEN_OK,
pair_evidence/R006576__8x_nearest.png,.png,109511,OPEN_OK,
pair_evidence/R006576__intersection.png,.png,841,OPEN_OK,
pair_evidence/R006576__mask_a.png,.png,984,OPEN_OK,
pair_evidence/R006576__mask_b.png,.png,1013,OPEN_OK,
pair_evidence/R006576__overlay.png,.png,6869,OPEN_OK,
pair_evidence/R006576__raw.png,.png,7523,OPEN_OK,
pair_evidence/R006590.json,.json,1031,OPEN_OK,
pair_evidence/R006590__1x.png,.png,20520,OPEN_OK,
pair_evidence/R006590__8x_nearest.png,.png,111904,OPEN_OK,
pair_evidence/R006590__intersection.png,.png,755,OPEN_OK,
pair_evidence/R006590__mask_a.png,.png,904,OPEN_OK,
pair_evidence/R006590__mask_b.png,.png,807,OPEN_OK,
pair_evidence/R006590__overlay.png,.png,13841,OPEN_OK,
pair_evidence/R006590__raw.png,.png,14458,OPEN_OK,
pair_evidence/R006603.json,.json,1040,OPEN_OK,
pair_evidence/R006603__1x.png,.png,24882,OPEN_OK,
pair_evidence/R006603__8x_nearest.png,.png,112862,OPEN_OK,
pair_evidence/R006603__intersection.png,.png,701,OPEN_OK,
pair_evidence/R006603__mask_a.png,.png,858,OPEN_OK,
pair_evidence/R006603__mask_b.png,.png,765,OPEN_OK,
pair_evidence/R006603__overlay.png,.png,17948,OPEN_OK,
pair_evidence/R006603__raw.png,.png,18383,OPEN_OK,
pair_evidence/R006604.json,.json,1037,OPEN_OK,
pair_evidence/R006604__1x.png,.png,24218,OPEN_OK,
pair_evidence/R006604__8x_nearest.png,.png,105201,OPEN_OK,
pair_evidence/R006604__intersection.png,.png,637,OPEN_OK,
pair_evidence/R006604__mask_a.png,.png,795,OPEN_OK,
pair_evidence/R006604__mask_b.png,.png,757,OPEN_OK,
pair_evidence/R006604__overlay.png,.png,17308,OPEN_OK,
pair_evidence/R006604__raw.png,.png,17820,OPEN_OK,
pair_evidence/R006605.json,.json,1057,OPEN_OK,
pair_evidence/R006605__1x.png,.png,3756,OPEN_OK,
pair_evidence/R006605__8x_nearest.png,.png,10035,OPEN_OK,
pair_evidence/R006605__intersection.png,.png,139,OPEN_OK,
pair_evidence/R006605__mask_a.png,.png,228,OPEN_OK,
pair_evidence/R006605__mask_b.png,.png,250,OPEN_OK,
pair_evidence/R006605__overlay.png,.png,795,OPEN_OK,
pair_evidence/R006605__raw.png,.png,1241,OPEN_OK,
pair_evidence/R006626.json,.json,1057,OPEN_OK,
pair_evidence/R006626__1x.png,.png,3728,OPEN_OK,
pair_evidence/R006626__8x_nearest.png,.png,9928,OPEN_OK,
pair_evidence/R006626__intersection.png,.png,139,OPEN_OK,
pair_evidence/R006626__mask_a.png,.png,207,OPEN_OK,
pair_evidence/R006626__mask_b.png,.png,246,OPEN_OK,
pair_evidence/R006626__overlay.png,.png,867,OPEN_OK,
pair_evidence/R006626__raw.png,.png,1284,OPEN_OK,
pair_evidence/R006643.json,.json,1075,OPEN_OK,
pair_evidence/R006643__1x.png,.png,3116,OPEN_OK,
pair_evidence/R006643__8x_nearest.png,.png,8940,OPEN_OK,
pair_evidence/R006643__intersection.png,.png,141,OPEN_OK,
pair_evidence/R006643__mask_a.png,.png,167,OPEN_OK,
pair_evidence/R006643__mask_b.png,.png,252,OPEN_OK,
pair_evidence/R006643__overlay.png,.png,506,OPEN_OK,
pair_evidence/R006643__raw.png,.png,815,OPEN_OK,
pair_evidence/R006656.json,.json,1083,OPEN_OK,
pair_evidence/R006656__1x.png,.png,3140,OPEN_OK,
pair_evidence/R006656__8x_nearest.png,.png,8520,OPEN_OK,
pair_evidence/R006656__intersection.png,.png,140,OPEN_OK,
pair_evidence/R006656__mask_a.png,.png,167,OPEN_OK,
pair_evidence/R006656__mask_b.png,.png,252,OPEN_OK,
pair_evidence/R006656__overlay.png,.png,524,OPEN_OK,
pair_evidence/R006656__raw.png,.png,820,OPEN_OK,
pair_evidence/R006670.json,.json,1059,OPEN_OK,
pair_evidence/R006670__1x.png,.png,3396,OPEN_OK,
pair_evidence/R006670__8x_nearest.png,.png,10220,OPEN_OK,
pair_evidence/R006670__intersection.png,.png,164,OPEN_OK,
pair_evidence/R006670__mask_a.png,.png,229,OPEN_OK,
pair_evidence/R006670__mask_b.png,.png,296,OPEN_OK,
pair_evidence/R006670__overlay.png,.png,674,OPEN_OK,
pair_evidence/R006670__raw.png,.png,984,OPEN_OK,
provenance/authority_bindings.csv,.csv,1422,OPEN_OK,
provenance/candidate_identity.json,.json,940,OPEN_OK,
provenance/fig_v5_c05_dependency_graph.source_snapshot.tex,.tex,3122,OPEN_OK,
provenance/render_and_measurement_provenance.json,.json,2393,OPEN_OK,
tools/finalize_review.py,.py,18707,OPEN_OK,
tools/generate_evidence.py,.py,43243,OPEN_OK,
views/after_text_measurement_overlay_300dpi.png,.png,176812,OPEN_OK,
views/figure_crop_300dpi.png,.png,130174,OPEN_OK,
views/full_page_200dpi.png,.png,509402,OPEN_OK,
views/full_page_native_300dpi.png,.png,822310,OPEN_OK,
views/grayscale_300dpi.png,.png,58053,OPEN_OK,
views/standalone_300dpi.png,.png,130174,OPEN_OK,
