background_rgbs,bbox_px,declared_page_bbox_pt,foreground_pixels,h_ink_px,mask_file,mask_nonempty,object_id,object_type,overlay_index,panel,pdf_draw_refs,raw_mask_bbox_px,role,shape,source_kind,source_mapping,target_rgb,visible_text,w_ink_px
,"[412, 55, 706, 95]",,5971,,machine/parent_masks/TXT_TITLE_L.png,,TXT_TITLE_L,TEXT,1,L,,,PANEL_TITLE,,TEXT,official PDF rawdict blocks 22-30; source node/caption mapping,,接受–拒绝抽样,
,"[1180, 55, 1592, 95]",,5647,,machine/parent_masks/TXT_TITLE_R.png,,TXT_TITLE_R,TEXT,2,R,,,PANEL_TITLE,,TEXT,official PDF rawdict blocks 22-30; source node/caption mapping,,Metropolis–Hastings,
,"[321, 174, 371, 211]",,362,,machine/parent_masks/TXT_CAND_L1.png,,TXT_CAND_L1,TEXT,3,L,,,NODE_LABEL_CANDIDATE,,FORMULA,official PDF rawdict blocks 22-30; source node/caption mapping,,𝑌1,
,"[534, 174, 585, 211]",,406,,machine/parent_masks/TXT_CAND_L2.png,,TXT_CAND_L2,TEXT,4,L,,,NODE_LABEL_CANDIDATE,,FORMULA,official PDF rawdict blocks 22-30; source node/caption mapping,,𝑌2,
,"[746, 173, 797, 212]",,407,,machine/parent_masks/TXT_CAND_L3.png,,TXT_CAND_L3,TEXT,5,L,,,NODE_LABEL_CANDIDATE,,FORMULA,official PDF rawdict blocks 22-30; source node/caption mapping,,𝑌3,
,"[1148, 174, 1197, 211]",,375,,machine/parent_masks/TXT_CAND_R1.png,,TXT_CAND_R1,TEXT,6,R,,,NODE_LABEL_CANDIDATE,,FORMULA,official PDF rawdict blocks 22-30; source node/caption mapping,,𝑌1,
,"[1360, 174, 1412, 211]",,409,,machine/parent_masks/TXT_CAND_R2.png,,TXT_CAND_R2,TEXT,7,R,,,NODE_LABEL_CANDIDATE,,FORMULA,official PDF rawdict blocks 22-30; source node/caption mapping,,𝑌2,
,"[1573, 173, 1623, 212]",,400,,machine/parent_masks/TXT_CAND_R3.png,,TXT_CAND_R3,TEXT,8,R,,,NODE_LABEL_CANDIDATE,,FORMULA,official PDF rawdict blocks 22-30; source node/caption mapping,,𝑌3,
,"[321, 356, 371, 393]",,363,,machine/parent_masks/TXT_OUT_L1.png,,TXT_OUT_L1,TEXT,9,L,,,NODE_LABEL_OUTPUT,,FORMULA,official PDF rawdict blocks 22-30; source node/caption mapping,,𝑌1,
,"[746, 355, 797, 394]",,408,,machine/parent_masks/TXT_OUT_L3.png,,TXT_OUT_L3,TEXT,10,L,,,NODE_LABEL_OUTPUT,,FORMULA,official PDF rawdict blocks 22-30; source node/caption mapping,,𝑌3,
,"[542, 267, 576, 301]",,404,,machine/parent_masks/TXT_REJECT_L.png,,TXT_REJECT_L,TEXT,11,L,,,REJECT_MARKER,,TEXT,official PDF rawdict blocks 22-30; source node/caption mapping,,×,
,"[351, 460, 767, 500]",,3073,,machine/parent_masks/TXT_NOTE_L.png,,TXT_NOTE_L,TEXT,12,L,,,ANNOTATION,,TEXT_FORMULA,official PDF rawdict blocks 22-30; source node/caption mapping,,拒绝𝑌2：输出序列留空,
,"[1148, 356, 1197, 393]",,377,,machine/parent_masks/TXT_OUT_R1.png,,TXT_OUT_R1,TEXT,13,R,,,NODE_LABEL_OUTPUT,,FORMULA,official PDF rawdict blocks 22-30; source node/caption mapping,,𝑌1,
,"[1361, 356, 1410, 393]",,377,,machine/parent_masks/TXT_OUT_R2.png,,TXT_OUT_R2,TEXT,14,R,,,NODE_LABEL_OUTPUT,,FORMULA,official PDF rawdict blocks 22-30; source node/caption mapping,,𝑌1,
,"[1573, 355, 1623, 394]",,400,,machine/parent_masks/TXT_OUT_R3.png,,TXT_OUT_R3,TEXT,15,R,,,NODE_LABEL_OUTPUT,,FORMULA,official PDF rawdict blocks 22-30; source node/caption mapping,,𝑌3,
,"[1369, 267, 1403, 301]",,404,,machine/parent_masks/TXT_REJECT_R.png,,TXT_REJECT_R,TEXT,16,R,,,REJECT_MARKER,,TEXT,official PDF rawdict blocks 22-30; source node/caption mapping,,×,
,"[1104, 460, 1666, 500]",,3863,,machine/parent_masks/TXT_NOTE_R.png,,TXT_NOTE_R,TEXT,17,R,,,ANNOTATION,,TEXT_FORMULA,official PDF rawdict blocks 22-30; source node/caption mapping,,拒绝𝑌2：下一时刻仍记录当前𝑌1,
,"[18, 571, 1928, 664]",,22489,,machine/parent_masks/TXT_CAPTION.png,,TXT_CAPTION,TEXT,18,PAGE,,,CAPTION,,TEXT,official PDF rawdict blocks 22-30; source node/caption mapping,,图32.10接受–拒绝抽样拒绝候选后不输出该候选；MH拒绝候选后把当前状态再次记入链，因此输出通常相关而非独立,
"((255, 255, 255),)",,"[114.8, 497.74, 293.39, 622.47]",6776,522,machine/graphic_masks/G_PANEL_L_BORDER.png,true,G_PANEL_L_BORDER,GRAPHIC,19,L,draw[4],"[186, 23, 933, 545]",PANEL_BORDER,rounded_rect,,panel rectangle left,"(184, 192, 200)",,747
"((255, 255, 255),)",,"[313.23, 497.74, 491.81, 622.47]",6279,522,machine/graphic_masks/G_PANEL_R_BORDER.png,true,G_PANEL_R_BORDER,GRAPHIC,20,R,draw[5],"[1013, 23, 1760, 545]",PANEL_BORDER,rounded_rect,,panel rectangle right,"(184, 192, 200)",,747
"((255, 255, 255), (246, 247, 248))",,"[140.31, 525.52, 165.82, 551.03]",1069,109,machine/graphic_masks/G_CAND_L1_BORDER.png,true,G_CAND_L1_BORDER,GRAPHIC,21,L,draw[6],"[292, 138, 401, 247]",NODE_BORDER,circle,,cand lp1,"(184, 192, 200)",,109
"((255, 255, 255), (246, 247, 248))",,"[191.34, 525.52, 216.85, 551.03]",1064,109,machine/graphic_masks/G_CAND_L2_BORDER.png,true,G_CAND_L2_BORDER,GRAPHIC,22,L,draw[7],"[505, 138, 614, 247]",NODE_BORDER,circle,,cand lp2,"(184, 192, 200)",,109
"((255, 255, 255), (246, 247, 248))",,"[242.36, 525.52, 267.87, 551.03]",1094,109,machine/graphic_masks/G_CAND_L3_BORDER.png,true,G_CAND_L3_BORDER,GRAPHIC,23,L,draw[8],"[717, 138, 827, 247]",NODE_BORDER,circle,,cand lp3,"(184, 192, 200)",,110
"((255, 255, 255), (246, 247, 248))",,"[338.74, 525.52, 364.25, 551.03]",1063,109,machine/graphic_masks/G_CAND_R1_BORDER.png,true,G_CAND_R1_BORDER,GRAPHIC,24,R,draw[9],"[1119, 138, 1228, 247]",NODE_BORDER,circle,,cand mp1,"(184, 192, 200)",,109
"((255, 255, 255), (246, 247, 248))",,"[389.76, 525.52, 415.28, 551.03]",1078,109,machine/graphic_masks/G_CAND_R2_BORDER.png,true,G_CAND_R2_BORDER,GRAPHIC,25,R,draw[10],"[1331, 138, 1441, 247]",NODE_BORDER,circle,,cand mp2,"(184, 192, 200)",,110
"((255, 255, 255), (246, 247, 248))",,"[440.79, 525.52, 466.3, 551.03]",1066,109,machine/graphic_masks/G_CAND_R3_BORDER.png,true,G_CAND_R3_BORDER,GRAPHIC,26,R,draw[11],"[1544, 138, 1653, 247]",NODE_BORDER,circle,,cand mp3,"(184, 192, 200)",,109
"((255, 255, 255),)",,"[140.03, 568.89, 166.11, 594.97]",1627,113,machine/graphic_masks/G_OUT_L1_BORDER.png,true,G_OUT_L1_BORDER,GRAPHIC,27,L,draw[12],"[290, 318, 403, 431]",NODE_BORDER,circle,,outnode r1,"(31, 78, 121)",,113
"((255, 255, 255),)",,"[242.08, 568.89, 268.16, 594.97]",1617,113,machine/graphic_masks/G_OUT_L3_BORDER.png,true,G_OUT_L3_BORDER,GRAPHIC,28,L,draw[13],"[715, 318, 829, 431]",NODE_BORDER,circle,,outnode r3,"(31, 78, 121)",,114
"((255, 255, 255),)",,"[152.65, 552.9, 153.49, 566.9]",46,57,machine/graphic_masks/G_PROP_L1.png,true,G_PROP_L1,GRAPHIC,29,L,draw[14],"[345, 254, 348, 311]",LINE_ARROW,vertical_line,,prop lp1-r1,"(184, 192, 200)",,3
"((255, 255, 255),)",,"[254.7, 552.9, 255.54, 566.9]",81,57,machine/graphic_masks/G_PROP_L3.png,true,G_PROP_L3,GRAPHIC,30,L,draw[15],"[770, 254, 774, 311]",LINE_ARROW,vertical_line,,prop lp3-r3,"(184, 192, 200)",,4
"((255, 255, 255),)",,"[338.46, 568.89, 364.54, 594.97]",1631,113,machine/graphic_masks/G_OUT_R1_BORDER.png,true,G_OUT_R1_BORDER,GRAPHIC,31,R,draw[16],"[1117, 318, 1230, 431]",NODE_BORDER,circle,,outnode m1,"(31, 78, 121)",,113
"((255, 255, 255),)",,"[389.48, 568.89, 415.56, 594.97]",3210,120,machine/graphic_masks/G_OUT_R2_DOUBLE_BORDER.png,true,G_OUT_R2_DOUBLE_BORDER,GRAPHIC,32,R,draw[17]+draw[18],"[1326, 315, 1446, 435]",NODE_BORDER,double_circle_final_visible,,outnode m2 double,"(31, 78, 121)",,120
"((255, 255, 255),)",,"[440.51, 568.89, 466.58, 594.97]",1625,113,machine/graphic_masks/G_OUT_R3_BORDER.png,true,G_OUT_R3_BORDER,GRAPHIC,33,R,draw[19],"[1542, 318, 1655, 431]",NODE_BORDER,circle,,outnode m3,"(31, 78, 121)",,113
"((255, 255, 255),)",,"[351.08, 552.9, 351.92, 566.9]",12,57,machine/graphic_masks/G_PROP_R1.png,true,G_PROP_R1,GRAPHIC,34,R,draw[20],"[1172, 254, 1175, 311]",LINE_ARROW,vertical_line,,prop mp1-m1,"(184, 192, 200)",,3
"((255, 255, 255),)",,"[402.1, 552.9, 402.94, 555.9]",7,6,machine/graphic_masks/G_PROP_R2_UP.png,true,G_PROP_R2_UP,GRAPHIC,35,R,draw[21].item[0],"[1385, 254, 1388, 260]",LINE_ARROW,vertical_line,,prop mp2-rxM,"(184, 192, 200)",,3
"((255, 255, 255),)",,"[402.1, 564.2, 402.94, 566.9]",3,3,machine/graphic_masks/G_PROP_R2_DOWN.png,true,G_PROP_R2_DOWN,GRAPHIC,36,R,draw[21].item[1],"[1385, 308, 1388, 311]",LINE_ARROW,vertical_line,,prop rxM-m2,"(184, 192, 200)",,3
"((255, 255, 255),)",,"[453.13, 552.9, 453.97, 566.9]",47,57,machine/graphic_masks/G_PROP_R3.png,true,G_PROP_R3,GRAPHIC,37,R,draw[22],"[1597, 254, 1600, 311]",LINE_ARROW,vertical_line,,prop mp3-m3,"(184, 192, 200)",,3
"((255, 255, 255),)",,"[367.9, 580.5, 384.4, 583.4]",405,15,machine/graphic_masks/G_ARROW_R1_R2.png,true,G_ARROW_R1_R2,GRAPHIC,38,R,draw[23]+draw[24],"[1242, 367, 1313, 382]",LINE_ARROW,arrow_shaft_head,,actual m1-m2,"(31, 78, 121)",,71
"((255, 255, 255),)",,"[418.9, 580.5, 435.4, 583.4]",409,15,machine/graphic_masks/G_ARROW_R2_R3.png,true,G_ARROW_R2_R3,GRAPHIC,39,R,draw[25]+draw[26],"[1454, 367, 1526, 382]",LINE_ARROW,arrow_shaft_head,,actual m2-m3,"(31, 78, 121)",,72
"((255, 255, 255),)",,"[302.85, 501.5, 303.77, 618.7]",674,486,machine/graphic_masks/G_DIVIDER.png,true,G_DIVIDER,GRAPHIC,40,MID,draw[27],"[972, 41, 974, 527]",PANEL_DIVIDER,vertical_line,,divider,"(184, 192, 200)",,2
