"relative_path","bytes","sha256","mtime_utc_ticks","mtime_utc_7digit"
"after_font_audit.csv","2671","3CC0199B7E97563FCC328E86A564BED486017184ECCEBBC570CEE8225A7DA296","639232961618194587","2026-08-25T23:09:21.8194587Z"
"after_overlap_report.csv","2161","4CFB4FDFC9559670D04495FE78EC6A753ECDE87656DB3FE97BEA03B1FB5AA222","639232963766486386","2026-08-25T23:12:56.6486386Z"
"after_pixel_measurements.csv","12760","F16CE6A7C276DF0228D83DC0D5A926530267A028167294DDB6010A6E0B1B7A3F","639232958275232504","2026-08-25T23:03:47.5232504Z"
"after_text_measurement_overlay_300dpi.png","114647","A72F61FCC9F65869FA8C92E16EC31E2EFAC053D6D0EC185B95C6F540728F05E7","639232958267013754","2026-08-25T23:03:46.7013754Z"
"after_visual_acceptance.md","1644","C309AD60197B55A45E9BC293A537597061AC8511BF2FB7BFD535FAAF40D864D9","639232963770669898","2026-08-25T23:12:57.0669898Z"
"all_unordered_pairs.csv","957269","4B31BD219B0BF192531DF4A12ACD0BD1ABF75933548B809AB334FB61F58CE5ED","639232958275769889","2026-08-25T23:03:47.5769889Z"
"build_machine_evidence.py","37417","41A32BECB7676688379EF4CCF6D52D78EA7E3F3FFEA0EDF1FA988879C4941D69","639232957901855491","2026-08-25T23:03:10.1855491Z"
"candidate_inventory.json","4222","F4C45D832E0E91831D2865097E610E7DE4A1A6CF030DBDBC94DCF7741D7B5583","639232958275861516","2026-08-25T23:03:47.5861516Z"
"counterevidence_8x_nearest_sheet.png","254410","40ED195A7F8FC6800980BDC19758820C0CB4E3FBD7B9E8EC73E206A239B78B48","639232958275091536","2026-08-25T23:03:47.5091536Z"
"counterevidence_native1x_sheet.png","59557","879158171626690B11D12075DFA085BDC2A05A05755E4B2A106D7ED945ADFE19","639232958270243193","2026-08-25T23:03:47.0243193Z"
"critical_pair_candidates.csv","27425","D43130662A4318B9046B09FF04767ADBADCE9B24C1351AEA87E03E788056D131","639232958275790264","2026-08-25T23:03:47.5790264Z"
"critical_roi_manifest.json","1740","81BD083AD0A8E8A49491B287AA51C527CCCEA00804F56ACF70AE3CDEE950E079","639232958275214401","2026-08-25T23:03:47.5214401Z"
"critical_rois/C01_WARMUP_DIVIDER_EQ__8x_nearest.png","31565","519DA73CDE9B51BD39618688A8A3B1F42DDCEC77DAD696D67DBC686DAE5A7248","639232958267398009","2026-08-25T23:03:46.7398009Z"
"critical_rois/C01_WARMUP_DIVIDER_EQ__native1x.png","8869","4C6B9283985DE9CDDC49992C2EC51FED9B2270633D1FFDFB27B3D3B914BB1C1B","639232958267054354","2026-08-25T23:03:46.7054354Z"
"critical_rois/C02_RETAINED_EQ_SERIES__8x_nearest.png","42474","031D8F090AA54A31B8C9F3D826BFC9905950CAE5479E88F96314308468D996D8","639232958268111879","2026-08-25T23:03:46.8111879Z"
"critical_rois/C02_RETAINED_EQ_SERIES__native1x.png","11969","DB988165D89C2DC719AC238F3500EC42A1707057B04DEF1BC3D808630DE748EE","639232958267448682","2026-08-25T23:03:46.7448682Z"
"critical_rois/C03_LOWER_TITLE_OVERLINE_PANEL_GAP__8x_nearest.png","37496","17AC75A0A15B8187A2BE4FF4960BA04596AED9E6F253CEBE5F9A88F9B939D61C","639232958268789169","2026-08-25T23:03:46.8789169Z"
"critical_rois/C03_LOWER_TITLE_OVERLINE_PANEL_GAP__native1x.png","12877","EA4451F03CCF7DA10202F71E63771E3BF8A4C14E3F54BFEAEF32ACAA853331F7","639232958268122038","2026-08-25T23:03:46.8122038Z"
"critical_rois/C04_TARGET_LABEL_TARGET_LINE__8x_nearest.png","21267","FEE9B3B93B4A93E507F881DCBD67B758410410330A72578DDC1B293D0D7BC61D","639232958269211944","2026-08-25T23:03:46.9211944Z"
"critical_rois/C04_TARGET_LABEL_TARGET_LINE__native1x.png","4994","2729450864442AB313730CD80AE5F7314DEA3714117BC87E2A5AF33B5E072F57","639232958268789169","2026-08-25T23:03:46.8789169Z"
"critical_rois/C05_LOWER_YLABEL_OVERLINE_AXIS__8x_nearest.png","25473","DB93B7FE799CC5BFABA3B1A44D75FA485117FB2F96D7BF51140AD62B2C8C418F","639232958269677084","2026-08-25T23:03:46.9677084Z"
"critical_rois/C05_LOWER_YLABEL_OVERLINE_AXIS__native1x.png","7088","4CE1B62B2F371DA0AC8BE28FE7989338AA54EFF20C197F5A507E61DEA200F983","639232958269211944","2026-08-25T23:03:46.9211944Z"
"critical_rois/C06_XTICKS_XLABEL_AXIS__8x_nearest.png","16847","B2DE77F0D07F7ABF17908FD61F1F66244380C41D1C5AD9D33F3309116799E130","639232958270060672","2026-08-25T23:03:47.0060672Z"
"critical_rois/C06_XTICKS_XLABEL_AXIS__native1x.png","2335","A50B2EB66C0099D24CA3FEDB96A64B71FA86872B46EAF958962E6FF52548E613","639232958269709208","2026-08-25T23:03:46.9709208Z"
"drawing_masks/D0006__TICKS.png","3169","0F97D6A894D123E8A5B9870598D5437A96EDC81B71394965E5D3634C1DC099AF","639232957980171517","2026-08-25T23:03:18.0171517Z"
"drawing_masks/D0007__TICKS.png","3168","C3BDD1A0B16F317537D99D2F15FC89154B48415A6A64B06FB15C85BBE56CEA8D","639232957980457188","2026-08-25T23:03:18.0457188Z"
"drawing_masks/D0008__AXIS_LINE.png","3140","2A89FC821E4E59D6E4E334497192E50D7C6E7C30C730225EC6F2F0D30C6791CE","639232957980729235","2026-08-25T23:03:18.0729235Z"
"drawing_masks/D0009__ARROWHEAD.png","3206","1FA65D63DC0FE92E340C59270263449EB402FA669D8DD22BF2B6235940181575","639232957981036685","2026-08-25T23:03:18.1036685Z"
"drawing_masks/D0010__AXIS_LINE.png","3142","A1AFF15DA3F1797434EE705C212A96F359A5259C46FC34FCE471AA9D7C678120","639232957981339105","2026-08-25T23:03:18.1339105Z"
"drawing_masks/D0011__ARROWHEAD.png","3196","A0D4EE16DB8E5236C199473310A0D282E2CBEFA2BD039FB3C7C798C2DBA2EA47","639232957981650547","2026-08-25T23:03:18.1650547Z"
"drawing_masks/D0013__DATA_CURVE.png","5013","2B8D16963A0CDB34457200C4E88BD41F66DF00BA4055A13FB38BEB1740485E61","639232957981986011","2026-08-25T23:03:18.1986011Z"
"drawing_masks/D0014__REFERENCE_LINE.png","3275","870D67C1F7CFA1CEA3A8430506DE62A708933841A0CE49A65C652283C7656556","639232957982288486","2026-08-25T23:03:18.2288486Z"
"drawing_masks/D0015__MATH_RULE.png","3138","467317274E476D1EE342C1C06A797243D582B02F84ED69FEB2975137B22AF1D2","639232957982587410","2026-08-25T23:03:18.2587410Z"
"drawing_masks/D0016__MATH_RULE.png","3144","D9A5E1ED3FB2D786F2745277AA6BBC87F25DC019F6A6345F1C6F7E23CAE4BCC0","639232957982881511","2026-08-25T23:03:18.2881511Z"
"drawing_masks/D0017__MATH_RULE.png","3137","65D2F7FCE39F83632F86BF700E2F3CC0953571033C7F34D9A54339641DC61232","639232957983171561","2026-08-25T23:03:18.3171561Z"
"drawing_masks/D0018__MATH_RULE.png","3143","00C3E91592884BE0BB22CB3BF93BBFC14D825A657B5ADDF1CE639F8FABFA8035","639232957983458178","2026-08-25T23:03:18.3458178Z"
"drawing_masks/D0019__MARKER.png","3196","98F15D289852E6A0700C0A78B4493E07A03B6D0E98171204ACE114A180057CFC","639232957983760465","2026-08-25T23:03:18.3760465Z"
"drawing_masks/D0020__MARKER.png","3199","C703883FE0353DAF2B2F50A8B649B5A4F78C513F110F9337F0FE3385184E03F6","639232957984065930","2026-08-25T23:03:18.4065930Z"
"drawing_masks/D0021__MARKER.png","3192","21C4B82E14B80A8EDD55B05001327A90465908E3C15F201822F30CA942028139","639232957984372386","2026-08-25T23:03:18.4372386Z"
"drawing_masks/D0022__MARKER.png","3193","4DA7A917C29DDE4B8AD65380AA0B8A71A7C8D6B2DADF90937C95B43FD337C883","639232957984672599","2026-08-25T23:03:18.4672599Z"
"drawing_masks/D0023__MARKER.png","3203","5BA362F5B3DC46F75C52251162BBD3E2E91446F5DE404F04E5E5822863D0AA87","639232957984981410","2026-08-25T23:03:18.4981410Z"
"drawing_masks/D0024__MARKER.png","3202","49BEB0F0336099321F28CA73080B0313AC3C9E19DC562858542D86CE94F2F609","639232957985273014","2026-08-25T23:03:18.5273014Z"
"drawing_masks/D0025__MARKER.png","3198","ECBDA2084C502343A36DEA053981C4C071947C41D7CCD1EFC1988FC9442F6D4D","639232957985582049","2026-08-25T23:03:18.5582049Z"
"drawing_masks/D0026__MARKER.png","3193","B4BC401D688B97FE916CB640CFEE0024AB1806FD85358C8E34DA4481C35ABC30","639232957985869965","2026-08-25T23:03:18.5869965Z"
"drawing_masks/D0027__MARKER.png","3196","3D982358C9AB3D663401CD6EDF7DCFE9FF3484C136C8FAC1BDE69743ED5AA682","639232957986184134","2026-08-25T23:03:18.6184134Z"
"drawing_masks/D0028__MARKER.png","3200","ABCE6C9A2E66BEB53DE897682A78DF1C325C4D0C6193435945E36B4444CD547E","639232957986488302","2026-08-25T23:03:18.6488302Z"
"drawing_masks/D0029__MARKER.png","3197","83FC6A2AFC7D79DF7AE41F5ECED705DAE1EE2153A4B4BB9B9E5F959ED5277ED3","639232957986793451","2026-08-25T23:03:18.6793451Z"
"drawing_masks/D0030__MARKER.png","3191","4CB6E44B36DAB8F37B76C3C6B5E2B420E53E1B86148AD8F30D4693DF4E1BCA70","639232957987104739","2026-08-25T23:03:18.7104739Z"
"drawing_masks/D0031__MARKER.png","3207","A89850DA1152B186CBCB2B9807B3BEB2744E65753C1F81C4A6A83F388120A654","639232957987396634","2026-08-25T23:03:18.7396634Z"
"drawing_masks/D0032__MARKER.png","3209","67DE4824EB830E978E7B8260B4749CC4714406100C1A81EB098B84060E0C43BC","639232957987697848","2026-08-25T23:03:18.7697848Z"
"drawing_masks/D0033__MARKER.png","3207","D08711242E3E1402DBFA73435FA1849902B6163B6D9994AA136D494A5C55D71A","639232957987991162","2026-08-25T23:03:18.7991162Z"
"drawing_masks/D0034__MARKER.png","3200","5D0233A81EF25AADEA7974385B121C2D75546147BD039F09441E67929C1C25CE","639232957988296163","2026-08-25T23:03:18.8296163Z"
"drawing_masks/D0035__MARKER.png","3191","2C11FFCE3829AC2F341761926D17D260DB7BFE57A1AB828C3BFD30E96E5A6D24","639232957988596150","2026-08-25T23:03:18.8596150Z"
"drawing_masks/D0036__MARKER.png","3182","7442053F205FA0CA9899ED1712ABA14CBE6442762B25A5E40ED81F625161BD8D","639232957988900000","2026-08-25T23:03:18.8900000Z"
"drawing_masks/D0037__MARKER.png","3194","C26C53387993B6743C9AFBFC2B588558B964684F79D75655F2E889CC3CDDB9E1","639232957989205112","2026-08-25T23:03:18.9205112Z"
"drawing_masks/D0038__MARKER.png","3197","92C0F85F274E92CA535E476A4E56BFF1CF7A57129F37FC88FA3B87118E848082","639232957989521304","2026-08-25T23:03:18.9521304Z"
"drawing_masks/D0039__TICKS.png","3173","946F8E14218EB5FE5952053CEFE6149EB7612B0CB695C10BCB402C08AC375CC7","639232957989825742","2026-08-25T23:03:18.9825742Z"
"drawing_masks/D0040__TICKS.png","3179","B1189FCC9462AEFC63B6497DF9158EE08FE67317AC74E80C41CB384507BC9F22","639232957990112794","2026-08-25T23:03:19.0112794Z"
"drawing_masks/D0041__AXIS_LINE.png","3148","30E7CFF76197C362FE50DF263D8F1A0F8ACA9784980577A6876BDB044AE29738","639232957990390765","2026-08-25T23:03:19.0390765Z"
"drawing_masks/D0042__ARROWHEAD.png","3190","9FC3C08817B873F69A15506B872876EB35DFF39220137065E89198D32231CD59","639232957990688360","2026-08-25T23:03:19.0688360Z"
"drawing_masks/D0043__AXIS_LINE.png","3152","22647EAD7B64E1F513B5D367CBCECA0A328C98B8014407BE3763A1C6B3F60326","639232957990968248","2026-08-25T23:03:19.0968248Z"
"drawing_masks/D0044__ARROWHEAD.png","3190","0AAB9606E0B9749C7FB0201BCE195198E128D02F49FB0ED05EAFE9248DFB64F3","639232957991255241","2026-08-25T23:03:19.1255241Z"
"drawing_masks/D0046__DATA_CURVE.png","4080","D4A919C265558ECC15BA4827E1E36371BBE066EC965CBEAF5BE3FC4631E0A9F7","639232957991575968","2026-08-25T23:03:19.1575968Z"
"drawing_masks/D0047__REFERENCE_LINE.png","3285","8FC4D40AEBFDDDD19E95AAC21EF767B80DD6395D310B6C59971312AAD6EF887F","639232957991869125","2026-08-25T23:03:19.1869125Z"
"drawing_masks/D0048__REFERENCE_LINE.png","3252","DA827220E404F22943370A7FA2DB9D873890A2CF0AAD3EA33967745CD6B33354","639232957992140828","2026-08-25T23:03:19.2140828Z"
"drawing_masks/D0049__MARKER.png","3138","415C7AC4BE7FC6050A1335CC737F2B7A9175968764E8E37E2129FF245E6DBC3D","639232957992426694","2026-08-25T23:03:19.2426694Z"
"drawing_masks/D0050__MARKER.png","3141","015C3885EB414527E44B8BE2C62F28936035ABF6DBAD98F2A13C41B412A17F2C","639232957992730431","2026-08-25T23:03:19.2730431Z"
"drawing_masks/D0051__MARKER.png","3141","86C18C3E85AAD177D8187B51543DAFE4D199B14EEB40ED827DBEE7F51B3DC7AE","639232957993023684","2026-08-25T23:03:19.3023684Z"
"drawing_masks/D0052__MARKER.png","3137","89F35F4528A0867919FE809B608C395E8AF8332665355C2654BEDCB147849C72","639232957993316681","2026-08-25T23:03:19.3316681Z"
"drawing_masks/D0053__MARKER.png","3141","527FA31AC5CEECEDCAA6D3AF4A789056AF3EDD3D9D0191DD0B29B55890FE3274","639232957993584203","2026-08-25T23:03:19.3584203Z"
"drawing_masks/D0054__MARKER.png","3145","1CB5CCCE9F4546BE877D8EFD7872CE5E586FA661C70C8681CAB0D61FBDE8196A","639232957993883080","2026-08-25T23:03:19.3883080Z"
"drawing_masks/D0055__MARKER.png","3143","0CB7ABD1AE2D281611E01578E3A774D2F70E4E0A1AB1A381C212BD09025D90B2","639232957994219459","2026-08-25T23:03:19.4219459Z"
"drawing_masks/D0056__MARKER.png","3144","01B4CC3F949AAA9FD2E6E809D2F7A055BB112BCDDC4AC49580BEC422F08C31D2","639232957994490175","2026-08-25T23:03:19.4490175Z"
"drawing_masks/D0057__MARKER.png","3144","DDDE0823A726CDB58E814A4C79171DE95B201D220B9916C69305896701502CB8","639232957994801961","2026-08-25T23:03:19.4801961Z"
"drawing_masks/D0058__MARKER.png","3145","7BBC3AB105427BECA6698B0E91F3F31F9A7CC1920E160034A7DEE03C2240CD9B","639232957995083759","2026-08-25T23:03:19.5083759Z"
"drawing_masks/D0059__MARKER.png","3139","217C4F8BD9B604E3864FD9C3B1E46D4141A838345FFAC7BE4EBFD182F798B893","639232957995398455","2026-08-25T23:03:19.5398455Z"
"drawing_masks/D0060__MARKER.png","3143","BC86D4E8EAD2535D42668709D221309E549A95D4B4A8F6E2EEB336AC719496B9","639232957995700966","2026-08-25T23:03:19.5700966Z"
"drawing_masks/D0061__MARKER.png","3139","DB75C0097E8CB1CF7D03FA718C0D47A0BBC804A61E287F8210521EEDE903DEA2","639232957995949750","2026-08-25T23:03:19.5949750Z"
"drawing_masks/D0062__MARKER.png","3143","3AB8B56BF9704C45CAC144C33F10913CB015021919432EA023F2EF1E7F4A6492","639232957996270767","2026-08-25T23:03:19.6270767Z"
"drawing_masks/D0063__MARKER.png","3141","616683BE7DF9696B03E507B19A13AEDB11F17841523A34E575D4265D3700C433","639232957996548610","2026-08-25T23:03:19.6548610Z"
"drawing_masks/D0064__MATH_RULE.png","3136","FA0B95E6C337FFE16F0BA81AF1B7B706AA3790DD4C5279C4AE45033023415DDF","639232957996850370","2026-08-25T23:03:19.6850370Z"
"drawing_masks/D0065__MATH_RULE.png","3138","1EACD955A97C13B261CAF7A7D032C9AD818CCCA7BC3D76ADF618D8D869E63CE4","639232957997122495","2026-08-25T23:03:19.7122495Z"
"drawing_masks/H0001__HATCH_PATTERN.png","5483","6E6849AC674B78E799E92FE36F1171D5DB56F5E8F1CA4B1B84F4BB52423255CB","639232957997419089","2026-08-25T23:03:19.7419089Z"
"drawing_masks/H0002__HATCH_PATTERN.png","4376","680196F0E36425027FF5AE5C5C86370DA9688DFA3295496D126309469F253397","639232957997656288","2026-08-25T23:03:19.7656288Z"
"drawing_path_ledger.csv","17968","AF2DA5552D8083E79C1A59D66DE28166331BEA9E8C5DCA1965FF78A38138FD94","639232958275275463","2026-08-25T23:03:47.5275463Z"
"figure_crop_300dpi.png","138380","9F4D765B5E52D645186954445C7349D3B1B6850E1D8D5CF92072FF84D45C5756","639232957976025246","2026-08-25T23:03:17.6025246Z"
"final_crosscheck.py","10882","9D6CE831102C2BB1161C230A4234DD199FA4217771047E8313ED19974905F3F5","639232963978114420","2026-08-25T23:13:17.8114420Z"
"full_page_200dpi.png","465277","C4864217247A66DF6E0BA132063B01C39FE53313726494DF7048A76CE73EF5DE","639232948657951367","2026-08-25T22:47:45.7951367Z"
"full_page_300dpi.png","742896","6B0C6F7DC1E12386AFAF0A7A93BA1370C3543D52E64DBAAC29F545AFC8501BB8","639232948676762944","2026-08-25T22:47:47.6762944Z"
"full_page_gray_300dpi.png","709449","8E36378E0B4DDC3FEEA3F1FF3B63085E1DB86552909257E1C29D71BED646168F","639232948693948064","2026-08-25T22:47:49.3948064Z"
"glyph_contact_map.csv","2065","12CAC03E721B50B11BD24FCFF07E029C285EF57074D786BE118F09B6E3E8EA36","639232958275790264","2026-08-25T23:03:47.5790264Z"
"glyph_contacts/contact_sheet_01.png","79747","E055A64E2D10094C47C0447DBDE1A0FE0921841DCD0D2786DB4EF2624F1CA47F","639232958256817013","2026-08-25T23:03:45.6817013Z"
"glyph_contacts/contact_sheet_02.png","59513","5FAEA3C5D7E2767E26780C424623A458DE6D66D7E9A770E08CB3B3BC364EBDB6","639232958257662431","2026-08-25T23:03:45.7662431Z"
"glyph_contacts/contact_sheet_03.png","77642","FBCD17C779456871C3D3DD5D21157E799353E331C522621F05DBF355E2B420A7","639232958258607899","2026-08-25T23:03:45.8607899Z"
"glyph_contacts/contact_sheet_04.png","65404","629514CC423861FAEBDB83AFA65E5523E8F76C26F80EFF87717B14FF0025530D","639232958259453222","2026-08-25T23:03:45.9453222Z"
"glyph_contacts/contact_sheet_05.png","74564","991FDAC7EE21E79C8344C76E7AB7ACAD3E9058B487364AEFB6CCF3BBC33B11C9","639232958260385900","2026-08-25T23:03:46.0385900Z"
"glyph_contacts/contact_sheet_06.png","67041","8C66940525938A0D691F7022E9A60ADEA432E1C1E738DAB276A3363EFBE7425D","639232958261237672","2026-08-25T23:03:46.1237672Z"
"glyph_contacts/contact_sheet_07.png","64291","271452BF7476449B219F26C8284096ED804C0CD5CDABC9568D7173393EB3A3FF","639232958262112592","2026-08-25T23:03:46.2112592Z"
"glyph_contacts/contact_sheet_08.png","65201","97F948105C0A691AC28C47A6C2F86574AD1C9FE9FE920137D967FD3162A31634","639232958262978403","2026-08-25T23:03:46.2978403Z"
"glyph_contacts/contact_sheet_09.png","73530","64D0BCB1A56F71CE124172C8F76F4112BBD7BA993326ED38A16EBB791BAB1AFA","639232958263879212","2026-08-25T23:03:46.3879212Z"
"glyph_contacts/contact_sheet_10.png","79482","EB24F164B5FD6D92F8F3E0832DC3E81F0EA792476FA5AFA809471B24BDB4938E","639232958264848710","2026-08-25T23:03:46.4848710Z"
"glyph_contacts/contact_sheet_11.png","82438","DE179CD924243DBECD53582A88444594D58ED8F2ABA48F55EDE2DD0BDA0893AB","639232958265878986","2026-08-25T23:03:46.5878986Z"
"glyph_contacts/contact_sheet_12.png","20435","C456DA7B67B2B717E887D2763FB4FF78E4E39274581B7D1A78858AE8B1A40D69","639232958266183212","2026-08-25T23:03:46.6183212Z"
"glyph_masks/G0001__U0032.png","182","316E8AE711F8860BF9AF12B374FEC177863E53594539E1A01374B3525EACE9E5","639232957978562337","2026-08-25T23:03:17.8562337Z"
"glyph_masks/G0002__U0033.png","183","E3285649D133B5700A577A1795A72AAEFA183AA234D1B6F0170E7CDE992E7941","639232957978582334","2026-08-25T23:03:17.8582334Z"
"glyph_masks/G0003__U0034.png","153","A64A34FC3C51E139C29737D523C7B7ACBB72EAD0F40565E8B1F00C527FB8E848","639232957978602327","2026-08-25T23:03:17.8602327Z"
"glyph_masks/G0004__U9884.png","270","6C32B7D2C5E40411FDE219A6665D6F00435998B9ADB53451CA902D8C409FC7D5","639232957978622335","2026-08-25T23:03:17.8622335Z"
"glyph_masks/G0005__U70ED.png","293","B7BC9D51AD1C8AF8731521EB0B7962F61B27AFEF8F866A753CAA722C8039A457","639232957978641080","2026-08-25T23:03:17.8641080Z"
"glyph_masks/G0006__U6BB5.png","280","D29B5374B348A1493CBE57E0E5BE7B210AE30DC3B91E5960172F789B1744DF52","639232957978657569","2026-08-25T23:03:17.8657569Z"
"glyph_masks/G0007__U1D461.png","144","8D982B787181C51E77E2A832A7F89E19F28AE013A968E33F2F640DFD2AF99941","639232957978678124","2026-08-25T23:03:17.8678124Z"
"glyph_masks/G0008__U0031.png","121","83B6DA83735EF8413EAF4088A41BC4EAB33C3BD5972124D624D21BFD854DE8D3","639232957978678124","2026-08-25T23:03:17.8678124Z"
"glyph_masks/G0009__U002C.png","118","792399D08860B45F81127CE5E70BC4CD58AFDD697A72C3911E474FAEF3E4E59C","639232957978678124","2026-08-25T23:03:17.8678124Z"
"glyph_masks/G0010__U2026.png","140","803BDFA600FB6D1AC2F61CCE702ED18D2E847D6892A5187969B51763D6DA2197","639232957978718240","2026-08-25T23:03:17.8718240Z"
"glyph_masks/G0011__U002C.png","118","792399D08860B45F81127CE5E70BC4CD58AFDD697A72C3911E474FAEF3E4E59C","639232957978738468","2026-08-25T23:03:17.8738468Z"
"glyph_masks/G0012__U0035.png","171","FAD0298E94C1946B167A4644390AAD94E08D8B715F95DEAF4435D0F01CDE5B66","639232957978748473","2026-08-25T23:03:17.8748473Z"
"glyph_masks/G0013__U4FDD.png","261","F19C284DAE8DAE9FB54EF7265F5AB841B67E6500537A6F94EEE579C9FF54E623","639232957978766152","2026-08-25T23:03:17.8766152Z"
"glyph_masks/G0014__U7559.png","252","E0168712B46C62CB47E161DB58677D8764983B3D3C9BA9743EDBEA3A2D6158BB","639232957978812522","2026-08-25T23:03:17.8812522Z"
"glyph_masks/G0015__U6837.png","242","83F721D67128CAA4FA040C3649595DFB9D8E93A15033187805A263D4D40FDFCA","639232957978832626","2026-08-25T23:03:17.8832626Z"
"glyph_masks/G0016__U672C.png","223","11B1370AF38A582AA761E53E0B70AC914CF81268C4BBBA34DF1315F4E201C470","639232957978850211","2026-08-25T23:03:17.8850211Z"
"glyph_masks/G0017__U1D461.png","145","C1968BB51A21DD0F23FF49CF8D2E3039F111D4593EF2182D83C24BAD29170C0A","639232957978864329","2026-08-25T23:03:17.8864329Z"
"glyph_masks/G0018__U0036.png","183","16D03259F1646784A06DC98F6C78DDD80D0236BD4C674DED728F9B90B84A25C7","639232957978881166","2026-08-25T23:03:17.8881166Z"
"glyph_masks/G0019__U002C.png","116","2603295CD3284A4398E54199054C3A0216DC9588F44FD35BE3D99604EE3CCF30","639232957978920694","2026-08-25T23:03:17.8920694Z"
"glyph_masks/G0020__U2026.png","137","B40BFCB6882E33E37807CEF6976C2CB6D6DC98C1191687A976FE2E4878AD5D89","639232957978920694","2026-08-25T23:03:17.8920694Z"
"glyph_masks/G0021__U002C.png","118","792399D08860B45F81127CE5E70BC4CD58AFDD697A72C3911E474FAEF3E4E59C","639232957978920694","2026-08-25T23:03:17.8920694Z"
"glyph_masks/G0022__U0032.png","184","59C02B0BD73339BB04A0A2C8716A772902C371691033D083315E2E7EE1A2F735","639232957978975701","2026-08-25T23:03:17.8975701Z"
"glyph_masks/G0023__U0030.png","165","B96AA5496AC3BA8DBDE82071C104E95AC69B602C7BED9AD7C93B24AFC0E68824","639232957978989664","2026-08-25T23:03:17.8989664Z"
"glyph_masks/G0024__U1D44B.png","221","E3C63E98C381348150FA331B7089D423E969D2574AB442FF74446BB6582A2906","639232957979021145","2026-08-25T23:03:17.9021145Z"
"glyph_masks/G0025__U1D461.png","134","DFB39E999627A44523DE217CA2F50DB5C78BBD0DF4E50FE333346CD3926816AB","639232957979046025","2026-08-25T23:03:17.9046025Z"
"glyph_masks/G0026__U8F68.png","285","2C6308029621CEEE79277918D8C2817C205BBEAE6F2ABF11E26A838636B31A92","639232957979046025","2026-08-25T23:03:17.9046025Z"
"glyph_masks/G0027__U8FF9.png","322","20239B161ADC1E407BF4F3283F2AA5A6E8620C243D7B9836A45DBA6BCD38A7EA","639232957979092218","2026-08-25T23:03:17.9092218Z"
"glyph_masks/G0028__U1D44B.png","213","2D1AC5530602C29B9AA3F783DA83211C7EE9774563F38DCECD030A1D17B74554","639232957979108934","2026-08-25T23:03:17.9108934Z"
"glyph_masks/G0029__U1D461.png","133","B4554B8C7CAF30D62883F74F838F57AC2C4BF12413D142648E8608A2E5270EEA","639232957979142081","2026-08-25T23:03:17.9142081Z"
"glyph_masks/G0030__U0031.png","121","7B5CBBF5447F14A9D36BEE854EC443B62A31191D43D3D8D54B7A4915D4197567","639232957979152439","2026-08-25T23:03:17.9152439Z"
"glyph_masks/G0031__U0035.png","172","0A0E17C32A2EDBB9DA04872BDEE072EFFD98E10F34AA6CB9612C91983CD6ADEA","639232957979162431","2026-08-25T23:03:17.9162431Z"
"glyph_masks/G0032__U0031.png","121","66A29DE8B58CA1E4517B75A8FC300A8BBBFEC1B5BBA41EC950FC6EDC5D581158","639232957979182419","2026-08-25T23:03:17.9182419Z"
"glyph_masks/G0033__U0030.png","173","AE67BFE689B67B495B7ED67A7A4786D3BD8B818B114B67B9EEC75D791FE7CA0E","639232957979202424","2026-08-25T23:03:17.9202424Z"
"glyph_masks/G0034__U0031.png","123","D02F7DDB22A55A5CF2B56D9B495C8AD38859C9DD8D2E8B136FBD55E42E2AE909","639232957979211176","2026-08-25T23:03:17.9211176Z"
"glyph_masks/G0035__U0035.png","170","1F0A01E7AF3C64DCDAF78E27A0542313C069116A67C642364AE5D4E6FF4DD69C","639232957979231265","2026-08-25T23:03:17.9231265Z"
"glyph_masks/G0036__U0032.png","180","420760C8BB190AE0482721E060F48A4C16D270DCD02C41DF0CD36FCE8B093125","639232957979262916","2026-08-25T23:03:17.9262916Z"
"glyph_masks/G0037__U0030.png","172","091DCB0FC7E9225CCC3B5AED069E8D13E30476B4393C0EBA309A965AACF1409A","639232957979287759","2026-08-25T23:03:17.9287759Z"
"glyph_masks/G0038__U0031.png","123","6C5DDD90EF4839D72A5DF4F70E9B83D911457B6AEA5A7887B090097D921A2E38","639232957979315984","2026-08-25T23:03:17.9315984Z"
"glyph_masks/G0039__U002E.png","112","7F358061540CFB9765D6466B172EDD7CE18448306C8DA370DDDB81AE1E45AD22","639232957979335099","2026-08-25T23:03:17.9335099Z"
"glyph_masks/G0040__U0038.png","187","982F6AD9E433D3B36869DF8DBB00AA1D0F44F7DDB0A4C9EC09B9579CFA17E0FE","639232957979345204","2026-08-25T23:03:17.9345204Z"
"glyph_masks/G0041__U0031.png","123","D02F7DDB22A55A5CF2B56D9B495C8AD38859C9DD8D2E8B136FBD55E42E2AE909","639232957979345204","2026-08-25T23:03:17.9345204Z"
"glyph_masks/G0042__U002E.png","112","F31D14996DC863E04C00B617BB464A23E4FBACDC138D5A8B6D4AD2188000A171","639232957979386901","2026-08-25T23:03:17.9386901Z"
"glyph_masks/G0043__U0039.png","183","48110893CEFB61D3B8EA746895E4A0141B0A288A37D8D4565F64838463207095","639232957979404592","2026-08-25T23:03:17.9404592Z"
"glyph_masks/G0044__U0032.png","182","316E8AE711F8860BF9AF12B374FEC177863E53594539E1A01374B3525EACE9E5","639232957979404592","2026-08-25T23:03:17.9404592Z"
"glyph_masks/G0045__U0032.png","181","BD4D70A99B06C9F7CCF557D671CE24E1849045270FF3817C472C7D348A1D6C4F","639232957979404592","2026-08-25T23:03:17.9404592Z"
"glyph_masks/G0046__U002E.png","112","7F358061540CFB9765D6466B172EDD7CE18448306C8DA370DDDB81AE1E45AD22","639232957979444880","2026-08-25T23:03:17.9444880Z"
"glyph_masks/G0047__U0031.png","119","203B9D52467A2896511E92BEB3E10EF13FEA5C0F23253D4BDAEC5A421C7C73BC","639232957979456316","2026-08-25T23:03:17.9456316Z"
"glyph_masks/G0048__U76EE.png","146","B9F053AE705DE6A8C472294327CC8DEA348DA0848F45B5780081351A3CF81E80","639232957979464566","2026-08-25T23:03:17.9464566Z"
"glyph_masks/G0049__U6807.png","261","B06A004A6AB84C6A36431D308355A5C5D0069EE15ADD7ED4012FEB8C5B8B4EBC","639232957979464566","2026-08-25T23:03:17.9464566Z"
"glyph_masks/G0050__U503C.png","223","2D7A954E7265C367141A6AB78AB4ABC61198B6A18A6187B4FDAC8DD40831851F","639232957979516902","2026-08-25T23:03:17.9516902Z"
"glyph_masks/G0051__U0032.png","181","6E18167E641382E2B658B6058ACFAF4CD62C8C8EBCA6B0DA4437B8FD6598BD93","639232957979526232","2026-08-25T23:03:17.9526232Z"
"glyph_masks/G0052__U1D461.png","161","ACFA7D73167EF239E21C9EACDC34A0B7BCDDFEF36843E75B8CB209E898B78F22","639232957979526232","2026-08-25T23:03:17.9526232Z"
"glyph_masks/G0053__U1D44B.png","213","2D1AC5530602C29B9AA3F783DA83211C7EE9774563F38DCECD030A1D17B74554","639232957979560702","2026-08-25T23:03:17.9560702Z"
"glyph_masks/G0054__U0036.png","168","0A291959FCC106C7B7EC61F1B165581CDA2AA9472116ECEDAE3E195489D26D7E","639232957979587004","2026-08-25T23:03:17.9587004Z"
"glyph_masks/G0055__U2236.png","109","0F19099C0FE4ABE7AF98BA788E4B2670375E7CE3CC78F2B3A287233AF9FB3DF6","639232957979596990","2026-08-25T23:03:17.9596990Z"
"glyph_masks/G0056__U1D461.png","134","DFB39E999627A44523DE217CA2F50DB5C78BBD0DF4E50FE333346CD3926816AB","639232957979611746","2026-08-25T23:03:17.9611746Z"
"glyph_masks/G0057__U4FDD.png","290","1F08FB82FF3109466474F6A08602C19C63A39985118EBAE8C1E4E456122553BA","639232957979630432","2026-08-25T23:03:17.9630432Z"
"glyph_masks/G0058__U7559.png","260","A32D35405C20B9A44AFDBAC229C61789908A6C8AE4AF65289B9CA9581FBD857D","639232957979651777","2026-08-25T23:03:17.9651777Z"
"glyph_masks/G0059__U6837.png","259","B3B065903485259D0F37C700ED1FA3BC0E0AA80E8A30FBD0404177AEAA6CF41D","639232957979675773","2026-08-25T23:03:17.9675773Z"
"glyph_masks/G0060__U672C.png","255","00FAA6F9873FCBA2D0F8A00A8527ABF0DCDFC3A7B95FC2AE93321262DD448390","639232957979686747","2026-08-25T23:03:17.9686747Z"
"glyph_masks/G0061__U8FD0.png","294","3980B06AE8850B539861CBE1D2BFA4530CF268CC73154F044BA9316984B80CF1","639232957979707925","2026-08-25T23:03:17.9707925Z"
"glyph_masks/G0062__U884C.png","236","A943641E105A90E18E4321902EFC318E2D186A129192377220E39C8A6D997E71","639232957979728715","2026-08-25T23:03:17.9728715Z"
"glyph_masks/G0063__U5747.png","303","0BB288D7CC406519771233C6153BADD138588B0E166FE036FC2188618AD7BBF8","639232957979750770","2026-08-25T23:03:17.9750770Z"
"glyph_masks/G0064__U503C.png","239","B5DB1E92CF82937BDE3997594DEB5AC2E44D184DCFBA249C1EDDCAF1BA8237F0","639232957979760859","2026-08-25T23:03:17.9760859Z"
"glyph_masks/G0065__U1D44B.png","213","2D1AC5530602C29B9AA3F783DA83211C7EE9774563F38DCECD030A1D17B74554","639232957979785771","2026-08-25T23:03:17.9785771Z"
"glyph_masks/G0066__U0036.png","167","B1C8972DF6638AC831F29D1E4D94AA4B2F9592689F1C3540C39EE5E5EEB4E699","639232957979795770","2026-08-25T23:03:17.9795770Z"
"glyph_masks/G0067__U2236.png","106","49E4D5294FFC2DEA0A5C74970E071E4841EEF7FA484FD6654126D1015FB8120D","639232957979815774","2026-08-25T23:03:17.9815774Z"
"glyph_masks/G0068__U1D461.png","133","D1A212EEE9BC4CB3EABBB9A9B9592F2BD6360B18DE0D4AD67CD68B82D02A6629","639232957979827409","2026-08-25T23:03:17.9827409Z"
"grayscale_300dpi.png","64281","214F5BE63349944F5CB61F3A70E66302C769EA644207DB64DF9B28C072B7BDF2","639232957976838666","2026-08-25T23:03:17.6838666Z"
"HANDOFF.md","3176","E587560571EA891070CF89FAF462B4C7535047C9C0459CC3C8C1E3DD9EF3BD23","639232965012833588","2026-08-25T23:15:01.2833588Z"
"machine_crosscheck.json","940","575522F673764196029B744703A23C3AE6B700F8E30022B7279411E74EA59ED4","639232964062376457","2026-08-25T23:13:26.2376457Z"
"manual_endpoint_clip_review.csv","2805","223E48807C16CBCDC0F842C092E9A58AED26D3D8005AB46EF46D0777B96ABB1A","639232961643447339","2026-08-25T23:09:24.3447339Z"
"manual_glyph_review.csv","8619","EC38669D4FC1969BA1D83CA181A69DF2A09156ED1C74FBEF51B0E0100D2F189D","639232962268833279","2026-08-25T23:10:26.8833279Z"
"manual_math_rule_review.csv","1174","2C3C6C17927458ABE2F569D42C51B27271FF47CE66822C0CB21751C9D51267C0","639232961626718778","2026-08-25T23:09:22.6718778Z"
"manual_relationship_review.csv","2761","34AA58348CAAFB4689FD468FBAA46B2F1FF442E540E2ADB1BF5D956FD64A13EA","639232961635274217","2026-08-25T23:09:23.5274217Z"
"math_rule_contact_map.csv","247","F2518E06A91235A7AFD9872C285E564F66695F9204BC6845C2776EC7B16AD893","639232958275790264","2026-08-25T23:03:47.5790264Z"
"math_rule_contact_sheet.png","26521","7C6EB623D270570B1BFF51A94D04E6BA276D60589975DB10202F820FEC247D8D","639232958266537022","2026-08-25T23:03:46.6537022Z"
"object_manifest.csv","24079","37EEA306BD3EF22B575C0F4950CE50E85AE6CECB5511C321DA8C8A973A9ECA4A","639232958275275463","2026-08-25T23:03:47.5275463Z"
"panel_role_script_ledger.csv","1797","594708443DB160CFD5DDDD683EE4D5315F256BD771C1E070EC431C96444F4695","639232961658670212","2026-08-25T23:09:25.8670212Z"
"RESULT.json","557","F8B30B71681772062C11FA3D05FCE1AD66A1BF706DC3EC2CA8B10BB5328CE206","639232963783933321","2026-08-25T23:12:58.3933321Z"
"RESULT.txt","459","CFDFDCEB65B9940F1C53D8C9FE21F805B8930BDC4C194DC3620DEA0551CE238C","639232963779023983","2026-08-25T23:12:57.9023983Z"
"SA3_REPORT.md","6868","B463182C8424C226E0872089A19C2DF783A41FAFAA65C6CF3AAE15EAEDEE8431","639232963774845316","2026-08-25T23:12:57.4845316Z"
"semantic_recomputation.json","2712","DD42B7DFF5400DF2A81BCCF3A0AD8A416121F2D693C6634AB5F837CB6D164F86","639232958275810514","2026-08-25T23:03:47.5810514Z"
"standalone_300dpi.png","91834","18FA736DAB6A7600206A908F2E5764A0C6FAFC85CE0F99E55BA972FB16D24085","639232957976556691","2026-08-25T23:03:17.6556691Z"
"visual_view_ledger.csv","2239","DE00092C740CF30648756DC0452425E7A7A81247255E9D8B3A695D88C70DD2BB","639232961651274620","2026-08-25T23:09:25.1274620Z"
