ELEMENT_ID,SAFE_FILENAME
TXT-001,TXT-001
TXT-002,TXT-002
TXT-003,TXT-003
TXT-004,TXT-004
TXT-005,TXT-005
TXT-006,TXT-006
TXT-007,TXT-007
TXT-008,TXT-008
TXT-009,TXT-009
TXT-010,TXT-010
TXT-011,TXT-011
TXT-012,TXT-012
TXT-013,TXT-013
TXT-014,TXT-014
TXT-015,TXT-015
TXT-016,TXT-016
TXT-017,TXT-017
TXT-018,TXT-018
TXT-019,TXT-019
TXT-020,TXT-020
TXT-021,TXT-021
TXT-022,TXT-022
TXT-023,TXT-023
TXT-024,TXT-024
TXT-025,TXT-025
TXT-026,TXT-026
TXT-027,TXT-027
TXT-028,TXT-028
TXT-029,TXT-029
TXT-030,TXT-030
TXT-031,TXT-031
TXT-032,TXT-032
TXT-033,TXT-033
TXT-034,TXT-034
TXT-035,TXT-035
TXT-036,TXT-036
TXT-037,TXT-037
TXT-038,TXT-038
TXT-039,TXT-039
TXT-040,TXT-040
TXT-041,TXT-041
TXT-042,TXT-042
TXT-043,TXT-043
TXT-044,TXT-044
TXT-045,TXT-045
TXT-046,TXT-046
TXT-047,TXT-047
TXT-048,TXT-048
TXT-049,TXT-049
TXT-050,TXT-050
TXT-051,TXT-051
TXT-052,TXT-052
TXT-053,TXT-053
TXT-054,TXT-054
TXT-055,TXT-055
TXT-056,TXT-056
TXT-057,TXT-057
TXT-058,TXT-058
TXT-059,TXT-059
TXT-060,TXT-060
TXT-061,TXT-061
TXT-062,TXT-062
TXT-063,TXT-063
TXT-064,TXT-064
TXT-065,TXT-065
TXT-066,TXT-066
TXT-067,TXT-067
TXT-068,TXT-068
TXT-069,TXT-069
TXT-070,TXT-070
TXT-071,TXT-071
TXT-072,TXT-072
TXT-073,TXT-073
TXT-074,TXT-074
TXT-075,TXT-075
TXT-076,TXT-076
TXT-077,TXT-077
TXT-078,TXT-078
TXT-079,TXT-079
TXT-080,TXT-080
TXT-081,TXT-081
TXT-082,TXT-082
TXT-083,TXT-083
TXT-084,TXT-084
TXT-085,TXT-085
TXT-086,TXT-086
TXT-087,TXT-087
TXT-088,TXT-088
TXT-089,TXT-089
TXT-090,TXT-090
TXT-091,TXT-091
TXT-092,TXT-092
TXT-093,TXT-093
TXT-094,TXT-094
TXT-095,TXT-095
TXT-096,TXT-096
TXT-097,TXT-097
TXT-098,TXT-098
TXT-099,TXT-099
TXT-100,TXT-100
TXT-101,TXT-101
TXT-102,TXT-102
TXT-103,TXT-103
TXT-104,TXT-104
TXT-105,TXT-105
TXT-106,TXT-106
TXT-107,TXT-107
TXT-108,TXT-108
TXT-109,TXT-109
TXT-110,TXT-110
TXT-111,TXT-111
TXT-112,TXT-112
G-TOP-X-TICKS,G-TOP-X-TICKS
G-TOP-Y-TICKS,G-TOP-Y-TICKS
G-TOP-X-AXIS,G-TOP-X-AXIS
G-TOP-X-ARROWHEAD,G-TOP-X-ARROWHEAD
G-TOP-Y-AXIS,G-TOP-Y-AXIS
G-TOP-Y-ARROWHEAD,G-TOP-Y-ARROWHEAD
G-TOP-DATA-CURVE,G-TOP-DATA-CURVE
G-TOP-BURNIN-SEPARATOR,G-TOP-BURNIN-SEPARATOR
G-EQ-WARMUP-UPPER,G-EQ-WARMUP-UPPER
G-EQ-WARMUP-LOWER,G-EQ-WARMUP-LOWER
G-EQ-RETAINED-UPPER,G-EQ-RETAINED-UPPER
G-EQ-RETAINED-LOWER,G-EQ-RETAINED-LOWER
G-TOP-MARKER-T01,G-TOP-MARKER-T01
G-TOP-MARKER-T02,G-TOP-MARKER-T02
G-TOP-MARKER-T03,G-TOP-MARKER-T03
G-TOP-MARKER-T04,G-TOP-MARKER-T04
G-TOP-MARKER-T05,G-TOP-MARKER-T05
G-TOP-MARKER-T06,G-TOP-MARKER-T06
G-TOP-MARKER-T07,G-TOP-MARKER-T07
G-TOP-MARKER-T08,G-TOP-MARKER-T08
G-TOP-MARKER-T09,G-TOP-MARKER-T09
G-TOP-MARKER-T10,G-TOP-MARKER-T10
G-TOP-MARKER-T11,G-TOP-MARKER-T11
G-TOP-MARKER-T12,G-TOP-MARKER-T12
G-TOP-MARKER-T13,G-TOP-MARKER-T13
G-TOP-MARKER-T14,G-TOP-MARKER-T14
G-TOP-MARKER-T15,G-TOP-MARKER-T15
G-TOP-MARKER-T16,G-TOP-MARKER-T16
G-TOP-MARKER-T17,G-TOP-MARKER-T17
G-TOP-MARKER-T18,G-TOP-MARKER-T18
G-TOP-MARKER-T19,G-TOP-MARKER-T19
G-TOP-MARKER-T20,G-TOP-MARKER-T20
G-BOTTOM-X-TICKS,G-BOTTOM-X-TICKS
G-BOTTOM-Y-TICKS,G-BOTTOM-Y-TICKS
G-BOTTOM-X-AXIS,G-BOTTOM-X-AXIS
G-BOTTOM-X-ARROWHEAD,G-BOTTOM-X-ARROWHEAD
G-BOTTOM-Y-AXIS,G-BOTTOM-Y-AXIS
G-BOTTOM-Y-ARROWHEAD,G-BOTTOM-Y-ARROWHEAD
G-BOTTOM-DATA-CURVE,G-BOTTOM-DATA-CURVE
G-BOTTOM-BURNIN-SEPARATOR,G-BOTTOM-BURNIN-SEPARATOR
G-BOTTOM-TARGET-LINE,G-BOTTOM-TARGET-LINE
G-BOTTOM-MARKER-T06,G-BOTTOM-MARKER-T06
G-BOTTOM-MARKER-T07,G-BOTTOM-MARKER-T07
G-BOTTOM-MARKER-T08,G-BOTTOM-MARKER-T08
G-BOTTOM-MARKER-T09,G-BOTTOM-MARKER-T09
G-BOTTOM-MARKER-T10,G-BOTTOM-MARKER-T10
G-BOTTOM-MARKER-T11,G-BOTTOM-MARKER-T11
G-BOTTOM-MARKER-T12,G-BOTTOM-MARKER-T12
G-BOTTOM-MARKER-T13,G-BOTTOM-MARKER-T13
G-BOTTOM-MARKER-T14,G-BOTTOM-MARKER-T14
G-BOTTOM-MARKER-T15,G-BOTTOM-MARKER-T15
G-BOTTOM-MARKER-T16,G-BOTTOM-MARKER-T16
G-BOTTOM-MARKER-T17,G-BOTTOM-MARKER-T17
G-BOTTOM-MARKER-T18,G-BOTTOM-MARKER-T18
G-BOTTOM-MARKER-T19,G-BOTTOM-MARKER-T19
G-BOTTOM-MARKER-T20,G-BOTTOM-MARKER-T20
G-BOTTOM-YLABEL-OVERLINE,G-BOTTOM-YLABEL-OVERLINE
G-BOTTOM-TITLE-OVERLINE,G-BOTTOM-TITLE-OVERLINE
G-TOP-BURNIN-HATCH,G-TOP-BURNIN-HATCH
G-BOTTOM-BURNIN-HATCH,G-BOTTOM-BURNIN-HATCH
