GLYPH_ID,SAFE_FILENAME,MASK_FILE,TRIPTYCH_FILE,SPECIAL_REPLAY
T001_G01,T001_G01,masks/T001_G01.png,triptychs/T001_G01_ORIGINAL_OVERLAY_MASK.png,
T002_G01,T002_G01,masks/T002_G01.png,triptychs/T002_G01_ORIGINAL_OVERLAY_MASK.png,
T003_G01,T003_G01,masks/T003_G01.png,triptychs/T003_G01_ORIGINAL_OVERLAY_MASK.png,
T004_G01,T004_G01,masks/T004_G01.png,triptychs/T004_G01_ORIGINAL_OVERLAY_MASK.png,
T005_G01,T005_G01,masks/T005_G01.png,triptychs/T005_G01_ORIGINAL_OVERLAY_MASK.png,
T006_G01,T006_G01,masks/T006_G01.png,triptychs/T006_G01_ORIGINAL_OVERLAY_MASK.png,
T007_G01,T007_G01,masks/T007_G01.png,triptychs/T007_G01_ORIGINAL_OVERLAY_MASK.png,
T008_G01,T008_G01,masks/T008_G01.png,triptychs/T008_G01_ORIGINAL_OVERLAY_MASK.png,
T009_G01,T009_G01,masks/T009_G01.png,triptychs/T009_G01_ORIGINAL_OVERLAY_MASK.png,
T010_G01,T010_G01,masks/T010_G01.png,triptychs/T010_G01_ORIGINAL_OVERLAY_MASK.png,
T011_G01,T011_G01,masks/T011_G01.png,triptychs/T011_G01_ORIGINAL_OVERLAY_MASK.png,
T012_G01,T012_G01,masks/T012_G01.png,triptychs/T012_G01_ORIGINAL_OVERLAY_MASK.png,
T013_G01,T013_G01,masks/T013_G01.png,triptychs/T013_G01_ORIGINAL_OVERLAY_MASK.png,
T014_G01,T014_G01,masks/T014_G01.png,triptychs/T014_G01_ORIGINAL_OVERLAY_MASK.png,
T015_G01,T015_G01,masks/T015_G01.png,triptychs/T015_G01_ORIGINAL_OVERLAY_MASK.png,
T016_G01,T016_G01,masks/T016_G01.png,triptychs/T016_G01_ORIGINAL_OVERLAY_MASK.png,
T017_G01,T017_G01,masks/T017_G01.png,triptychs/T017_G01_ORIGINAL_OVERLAY_MASK.png,
T018_G01,T018_G01,masks/T018_G01.png,triptychs/T018_G01_ORIGINAL_OVERLAY_MASK.png,
T019_G01,T019_G01,masks/T019_G01.png,triptychs/T019_G01_ORIGINAL_OVERLAY_MASK.png,
T020_G01,T020_G01,masks/T020_G01.png,triptychs/T020_G01_ORIGINAL_OVERLAY_MASK.png,
T021_G01,T021_G01,masks/T021_G01.png,triptychs/T021_G01_ORIGINAL_OVERLAY_MASK.png,
T022_ALT_G01,T022_ALT_G01,masks/T022_ALT_G01.png,triptychs/T022_ALT_G01_ORIGINAL_OVERLAY_MASK.png,
T023_G01,T023_G01,masks/T023_G01.png,triptychs/T023_G01_ORIGINAL_OVERLAY_MASK.png,
T024_G01,T024_G01,masks/T024_G01.png,triptychs/T024_G01_ORIGINAL_OVERLAY_MASK.png,
T025_G01,T025_G01,masks/T025_G01.png,triptychs/T025_G01_ORIGINAL_OVERLAY_MASK.png,
T026_G01,T026_G01,masks/T026_G01.png,triptychs/T026_G01_ORIGINAL_OVERLAY_MASK.png,
T027_G01,T027_G01,masks/T027_G01.png,triptychs/T027_G01_ORIGINAL_OVERLAY_MASK.png,
T028_G01,T028_G01,masks/T028_G01.png,triptychs/T028_G01_ORIGINAL_OVERLAY_MASK.png,
T029_G01,T029_G01,masks/T029_G01.png,triptychs/T029_G01_ORIGINAL_OVERLAY_MASK.png,
T030_G01,T030_G01,masks/T030_G01.png,triptychs/T030_G01_ORIGINAL_OVERLAY_MASK.png,
T031_G01,T031_G01,masks/T031_G01.png,triptychs/T031_G01_ORIGINAL_OVERLAY_MASK.png,
T032_G01,T032_G01,masks/T032_G01.png,triptychs/T032_G01_ORIGINAL_OVERLAY_MASK.png,
T033_G01,T033_G01,masks/T033_G01.png,triptychs/T033_G01_ORIGINAL_OVERLAY_MASK.png,
T034_G01,T034_G01,masks/T034_G01.png,triptychs/T034_G01_ORIGINAL_OVERLAY_MASK.png,
T035_G01,T035_G01,masks/T035_G01.png,triptychs/T035_G01_ORIGINAL_OVERLAY_MASK.png,
T036_G01,T036_G01,masks/T036_G01.png,triptychs/T036_G01_ORIGINAL_OVERLAY_MASK.png,
T037_G01,T037_G01,masks/T037_G01.png,triptychs/T037_G01_ORIGINAL_OVERLAY_MASK.png,
T038_G01,T038_G01,masks/T038_G01.png,triptychs/T038_G01_ORIGINAL_OVERLAY_MASK.png,
T039_G01,T039_G01,masks/T039_G01.png,triptychs/T039_G01_ORIGINAL_OVERLAY_MASK.png,
T040_G01,T040_G01,masks/T040_G01.png,triptychs/T040_G01_ORIGINAL_OVERLAY_MASK.png,
T041_G01,T041_G01,masks/T041_G01.png,triptychs/T041_G01_ORIGINAL_OVERLAY_MASK.png,
T042_G01,T042_G01,masks/T042_G01.png,triptychs/T042_G01_ORIGINAL_OVERLAY_MASK.png,
T043_G01,T043_G01,masks/T043_G01.png,triptychs/T043_G01_ORIGINAL_OVERLAY_MASK.png,
T044_G01,T044_G01,masks/T044_G01.png,triptychs/T044_G01_ORIGINAL_OVERLAY_MASK.png,
T045_G01,T045_G01,masks/T045_G01.png,triptychs/T045_G01_ORIGINAL_OVERLAY_MASK.png,
T046_G01,T046_G01,masks/T046_G01.png,triptychs/T046_G01_ORIGINAL_OVERLAY_MASK.png,
T047_G01,T047_G01,masks/T047_G01.png,triptychs/T047_G01_ORIGINAL_OVERLAY_MASK.png,
T048_G01,T048_G01,masks/T048_G01.png,triptychs/T048_G01_ORIGINAL_OVERLAY_MASK.png,
T049_G01,T049_G01,masks/T049_G01.png,triptychs/T049_G01_ORIGINAL_OVERLAY_MASK.png,
T050_G01,T050_G01,masks/T050_G01.png,triptychs/T050_G01_ORIGINAL_OVERLAY_MASK.png,
T051_G01,T051_G01,masks/T051_G01.png,triptychs/T051_G01_ORIGINAL_OVERLAY_MASK.png,
T052_G01,T052_G01,masks/T052_G01.png,triptychs/T052_G01_ORIGINAL_OVERLAY_MASK.png,
T053_G01,T053_G01,masks/T053_G01.png,triptychs/T053_G01_ORIGINAL_OVERLAY_MASK.png,
T054_G01,T054_G01,masks/T054_G01.png,triptychs/T054_G01_ORIGINAL_OVERLAY_MASK.png,
T055_G01,T055_G01,masks/T055_G01.png,triptychs/T055_G01_ORIGINAL_OVERLAY_MASK.png,
T056_G01,T056_G01,masks/T056_G01.png,triptychs/T056_G01_ORIGINAL_OVERLAY_MASK.png,
T057_G01,T057_G01,masks/T057_G01.png,triptychs/T057_G01_ORIGINAL_OVERLAY_MASK.png,
T058_G01,T058_G01,masks/T058_G01.png,triptychs/T058_G01_ORIGINAL_OVERLAY_MASK.png,
T059_G01,T059_G01,masks/T059_G01.png,triptychs/T059_G01_ORIGINAL_OVERLAY_MASK.png,
T060_G01,T060_G01,masks/T060_G01.png,triptychs/T060_G01_ORIGINAL_OVERLAY_MASK.png,
T061_G01,T061_G01,masks/T061_G01.png,triptychs/T061_G01_ORIGINAL_OVERLAY_MASK.png,
T062_G01,T062_G01,masks/T062_G01.png,triptychs/T062_G01_ORIGINAL_OVERLAY_MASK.png,
T063_G01,T063_G01,masks/T063_G01.png,triptychs/T063_G01_ORIGINAL_OVERLAY_MASK.png,
T064_G01,T064_G01,masks/T064_G01.png,triptychs/T064_G01_ORIGINAL_OVERLAY_MASK.png,
T065_G01,T065_G01,masks/T065_G01.png,triptychs/T065_G01_ORIGINAL_OVERLAY_MASK.png,
T066_G01,T066_G01,masks/T066_G01.png,triptychs/T066_G01_ORIGINAL_OVERLAY_MASK.png,
T067_G01,T067_G01,masks/T067_G01.png,triptychs/T067_G01_ORIGINAL_OVERLAY_MASK.png,
T068_G01,T068_G01,masks/T068_G01.png,triptychs/T068_G01_ORIGINAL_OVERLAY_MASK.png,
T069_G01,T069_G01,masks/T069_G01.png,triptychs/T069_G01_ORIGINAL_OVERLAY_MASK.png,
T070_G01,T070_G01,masks/T070_G01.png,triptychs/T070_G01_ORIGINAL_OVERLAY_MASK.png,
T071_G01,T071_G01,masks/T071_G01.png,triptychs/T071_G01_ORIGINAL_OVERLAY_MASK.png,
T072_G01,T072_G01,masks/T072_G01.png,triptychs/T072_G01_ORIGINAL_OVERLAY_MASK.png,
T073_G01,T073_G01,masks/T073_G01.png,triptychs/T073_G01_ORIGINAL_OVERLAY_MASK.png,
T022_G01,T022_G01,masks/T022_G01.png,triptychs/T022_G01_ORIGINAL_OVERLAY_MASK.png,R3_FULLWIDTH_LEFT_PAREN_REPLAY
T075_G01,T075_G01,masks/T075_G01.png,triptychs/T075_G01_ORIGINAL_OVERLAY_MASK.png,
T076_G01,T076_G01,masks/T076_G01.png,triptychs/T076_G01_ORIGINAL_OVERLAY_MASK.png,
T077_G01,T077_G01,masks/T077_G01.png,triptychs/T077_G01_ORIGINAL_OVERLAY_MASK.png,
T078_G01,T078_G01,masks/T078_G01.png,triptychs/T078_G01_ORIGINAL_OVERLAY_MASK.png,
T079_G01,T079_G01,masks/T079_G01.png,triptychs/T079_G01_ORIGINAL_OVERLAY_MASK.png,
T080_G01,T080_G01,masks/T080_G01.png,triptychs/T080_G01_ORIGINAL_OVERLAY_MASK.png,
T081_G01,T081_G01,masks/T081_G01.png,triptychs/T081_G01_ORIGINAL_OVERLAY_MASK.png,
T082_G01,T082_G01,masks/T082_G01.png,triptychs/T082_G01_ORIGINAL_OVERLAY_MASK.png,
T083_G01,T083_G01,masks/T083_G01.png,triptychs/T083_G01_ORIGINAL_OVERLAY_MASK.png,
T084_G01,T084_G01,masks/T084_G01.png,triptychs/T084_G01_ORIGINAL_OVERLAY_MASK.png,
T085_G01,T085_G01,masks/T085_G01.png,triptychs/T085_G01_ORIGINAL_OVERLAY_MASK.png,
T086_G01,T086_G01,masks/T086_G01.png,triptychs/T086_G01_ORIGINAL_OVERLAY_MASK.png,
T087_G01,T087_G01,masks/T087_G01.png,triptychs/T087_G01_ORIGINAL_OVERLAY_MASK.png,
T088_G01,T088_G01,masks/T088_G01.png,triptychs/T088_G01_ORIGINAL_OVERLAY_MASK.png,
T089_G01,T089_G01,masks/T089_G01.png,triptychs/T089_G01_ORIGINAL_OVERLAY_MASK.png,
T090_G01,T090_G01,masks/T090_G01.png,triptychs/T090_G01_ORIGINAL_OVERLAY_MASK.png,
T091_G01,T091_G01,masks/T091_G01.png,triptychs/T091_G01_ORIGINAL_OVERLAY_MASK.png,
T092_G01,T092_G01,masks/T092_G01.png,triptychs/T092_G01_ORIGINAL_OVERLAY_MASK.png,
T093_G01,T093_G01,masks/T093_G01.png,triptychs/T093_G01_ORIGINAL_OVERLAY_MASK.png,
T094_G01,T094_G01,masks/T094_G01.png,triptychs/T094_G01_ORIGINAL_OVERLAY_MASK.png,
T095_G01,T095_G01,masks/T095_G01.png,triptychs/T095_G01_ORIGINAL_OVERLAY_MASK.png,
T096_G01,T096_G01,masks/T096_G01.png,triptychs/T096_G01_ORIGINAL_OVERLAY_MASK.png,
T097_G01,T097_G01,masks/T097_G01.png,triptychs/T097_G01_ORIGINAL_OVERLAY_MASK.png,
T098_G01,T098_G01,masks/T098_G01.png,triptychs/T098_G01_ORIGINAL_OVERLAY_MASK.png,
T099_G01,T099_G01,masks/T099_G01.png,triptychs/T099_G01_ORIGINAL_OVERLAY_MASK.png,
T100_G01,T100_G01,masks/T100_G01.png,triptychs/T100_G01_ORIGINAL_OVERLAY_MASK.png,
T101_G01,T101_G01,masks/T101_G01.png,triptychs/T101_G01_ORIGINAL_OVERLAY_MASK.png,
T102_G01,T102_G01,masks/T102_G01.png,triptychs/T102_G01_ORIGINAL_OVERLAY_MASK.png,
T103_G01,T103_G01,masks/T103_G01.png,triptychs/T103_G01_ORIGINAL_OVERLAY_MASK.png,
T104_G01,T104_G01,masks/T104_G01.png,triptychs/T104_G01_ORIGINAL_OVERLAY_MASK.png,
T105_G01,T105_G01,masks/T105_G01.png,triptychs/T105_G01_ORIGINAL_OVERLAY_MASK.png,
T106_G01,T106_G01,masks/T106_G01.png,triptychs/T106_G01_ORIGINAL_OVERLAY_MASK.png,
T107_G01,T107_G01,masks/T107_G01.png,triptychs/T107_G01_ORIGINAL_OVERLAY_MASK.png,
T108_G01,T108_G01,masks/T108_G01.png,triptychs/T108_G01_ORIGINAL_OVERLAY_MASK.png,
T109_G01,T109_G01,masks/T109_G01.png,triptychs/T109_G01_ORIGINAL_OVERLAY_MASK.png,
T110_G01,T110_G01,masks/T110_G01.png,triptychs/T110_G01_ORIGINAL_OVERLAY_MASK.png,
T111_G01,T111_G01,masks/T111_G01.png,triptychs/T111_G01_ORIGINAL_OVERLAY_MASK.png,
T112_G01,T112_G01,masks/T112_G01.png,triptychs/T112_G01_ORIGINAL_OVERLAY_MASK.png,
T113_G01,T113_G01,masks/T113_G01.png,triptychs/T113_G01_ORIGINAL_OVERLAY_MASK.png,
T114_G01,T114_G01,masks/T114_G01.png,triptychs/T114_G01_ORIGINAL_OVERLAY_MASK.png,
T115_G01,T115_G01,masks/T115_G01.png,triptychs/T115_G01_ORIGINAL_OVERLAY_MASK.png,
T116_G01,T116_G01,masks/T116_G01.png,triptychs/T116_G01_ORIGINAL_OVERLAY_MASK.png,
T117_G01,T117_G01,masks/T117_G01.png,triptychs/T117_G01_ORIGINAL_OVERLAY_MASK.png,
T118_G01,T118_G01,masks/T118_G01.png,triptychs/T118_G01_ORIGINAL_OVERLAY_MASK.png,
T119_G01,T119_G01,masks/T119_G01.png,triptychs/T119_G01_ORIGINAL_OVERLAY_MASK.png,
T120_G01,T120_G01,masks/T120_G01.png,triptychs/T120_G01_ORIGINAL_OVERLAY_MASK.png,
T121_G01,T121_G01,masks/T121_G01.png,triptychs/T121_G01_ORIGINAL_OVERLAY_MASK.png,
T122_G01,T122_G01,masks/T122_G01.png,triptychs/T122_G01_ORIGINAL_OVERLAY_MASK.png,
T123_G01,T123_G01,masks/T123_G01.png,triptychs/T123_G01_ORIGINAL_OVERLAY_MASK.png,
T124_G01,T124_G01,masks/T124_G01.png,triptychs/T124_G01_ORIGINAL_OVERLAY_MASK.png,
T125_G01,T125_G01,masks/T125_G01.png,triptychs/T125_G01_ORIGINAL_OVERLAY_MASK.png,
T126_G01,T126_G01,masks/T126_G01.png,triptychs/T126_G01_ORIGINAL_OVERLAY_MASK.png,
T127_G01,T127_G01,masks/T127_G01.png,triptychs/T127_G01_ORIGINAL_OVERLAY_MASK.png,
T128_G01,T128_G01,masks/T128_G01.png,triptychs/T128_G01_ORIGINAL_OVERLAY_MASK.png,
T129_G01,T129_G01,masks/T129_G01.png,triptychs/T129_G01_ORIGINAL_OVERLAY_MASK.png,
T130_G01,T130_G01,masks/T130_G01.png,triptychs/T130_G01_ORIGINAL_OVERLAY_MASK.png,
T131_G01,T131_G01,masks/T131_G01.png,triptychs/T131_G01_ORIGINAL_OVERLAY_MASK.png,
T132_G01,T132_G01,masks/T132_G01.png,triptychs/T132_G01_ORIGINAL_OVERLAY_MASK.png,
T133_G01,T133_G01,masks/T133_G01.png,triptychs/T133_G01_ORIGINAL_OVERLAY_MASK.png,
T134_G01,T134_G01,masks/T134_G01.png,triptychs/T134_G01_ORIGINAL_OVERLAY_MASK.png,
T135_G01,T135_G01,masks/T135_G01.png,triptychs/T135_G01_ORIGINAL_OVERLAY_MASK.png,
T136_G01,T136_G01,masks/T136_G01.png,triptychs/T136_G01_ORIGINAL_OVERLAY_MASK.png,
T137_G01,T137_G01,masks/T137_G01.png,triptychs/T137_G01_ORIGINAL_OVERLAY_MASK.png,
T138_G01,T138_G01,masks/T138_G01.png,triptychs/T138_G01_ORIGINAL_OVERLAY_MASK.png,
T139_G01,T139_G01,masks/T139_G01.png,triptychs/T139_G01_ORIGINAL_OVERLAY_MASK.png,
T140_G01,T140_G01,masks/T140_G01.png,triptychs/T140_G01_ORIGINAL_OVERLAY_MASK.png,
T141_G01,T141_G01,masks/T141_G01.png,triptychs/T141_G01_ORIGINAL_OVERLAY_MASK.png,
T142_G01,T142_G01,masks/T142_G01.png,triptychs/T142_G01_ORIGINAL_OVERLAY_MASK.png,
T143_G01,T143_G01,masks/T143_G01.png,triptychs/T143_G01_ORIGINAL_OVERLAY_MASK.png,
T144_G01,T144_G01,masks/T144_G01.png,triptychs/T144_G01_ORIGINAL_OVERLAY_MASK.png,
T145_G01,T145_G01,masks/T145_G01.png,triptychs/T145_G01_ORIGINAL_OVERLAY_MASK.png,
T146_G01,T146_G01,masks/T146_G01.png,triptychs/T146_G01_ORIGINAL_OVERLAY_MASK.png,
T147_G01,T147_G01,masks/T147_G01.png,triptychs/T147_G01_ORIGINAL_OVERLAY_MASK.png,
T148_G01,T148_G01,masks/T148_G01.png,triptychs/T148_G01_ORIGINAL_OVERLAY_MASK.png,
T149_G01,T149_G01,masks/T149_G01.png,triptychs/T149_G01_ORIGINAL_OVERLAY_MASK.png,
T150_G01,T150_G01,masks/T150_G01.png,triptychs/T150_G01_ORIGINAL_OVERLAY_MASK.png,
T151_G01,T151_G01,masks/T151_G01.png,triptychs/T151_G01_ORIGINAL_OVERLAY_MASK.png,
T152_G01,T152_G01,masks/T152_G01.png,triptychs/T152_G01_ORIGINAL_OVERLAY_MASK.png,
T153_G01,T153_G01,masks/T153_G01.png,triptychs/T153_G01_ORIGINAL_OVERLAY_MASK.png,
T154_G01,T154_G01,masks/T154_G01.png,triptychs/T154_G01_ORIGINAL_OVERLAY_MASK.png,
T155_G01,T155_G01,masks/T155_G01.png,triptychs/T155_G01_ORIGINAL_OVERLAY_MASK.png,
T156_G01,T156_G01,masks/T156_G01.png,triptychs/T156_G01_ORIGINAL_OVERLAY_MASK.png,
T157_G01,T157_G01,masks/T157_G01.png,triptychs/T157_G01_ORIGINAL_OVERLAY_MASK.png,
T158_G01,T158_G01,masks/T158_G01.png,triptychs/T158_G01_ORIGINAL_OVERLAY_MASK.png,
T159_G01,T159_G01,masks/T159_G01.png,triptychs/T159_G01_ORIGINAL_OVERLAY_MASK.png,
T160_G01,T160_G01,masks/T160_G01.png,triptychs/T160_G01_ORIGINAL_OVERLAY_MASK.png,
T161_G01,T161_G01,masks/T161_G01.png,triptychs/T161_G01_ORIGINAL_OVERLAY_MASK.png,
T162_G01,T162_G01,masks/T162_G01.png,triptychs/T162_G01_ORIGINAL_OVERLAY_MASK.png,
T163_G01,T163_G01,masks/T163_G01.png,triptychs/T163_G01_ORIGINAL_OVERLAY_MASK.png,
T164_G01,T164_G01,masks/T164_G01.png,triptychs/T164_G01_ORIGINAL_OVERLAY_MASK.png,
T165_G01,T165_G01,masks/T165_G01.png,triptychs/T165_G01_ORIGINAL_OVERLAY_MASK.png,
T166_G01,T166_G01,masks/T166_G01.png,triptychs/T166_G01_ORIGINAL_OVERLAY_MASK.png,
T167_G01,T167_G01,masks/T167_G01.png,triptychs/T167_G01_ORIGINAL_OVERLAY_MASK.png,
T168_G01,T168_G01,masks/T168_G01.png,triptychs/T168_G01_ORIGINAL_OVERLAY_MASK.png,
T169_G01,T169_G01,masks/T169_G01.png,triptychs/T169_G01_ORIGINAL_OVERLAY_MASK.png,
T170_G01,T170_G01,masks/T170_G01.png,triptychs/T170_G01_ORIGINAL_OVERLAY_MASK.png,
T171_G01,T171_G01,masks/T171_G01.png,triptychs/T171_G01_ORIGINAL_OVERLAY_MASK.png,
T172_G01,T172_G01,masks/T172_G01.png,triptychs/T172_G01_ORIGINAL_OVERLAY_MASK.png,
T173_G01,T173_G01,masks/T173_G01.png,triptychs/T173_G01_ORIGINAL_OVERLAY_MASK.png,
T174_G01,T174_G01,masks/T174_G01.png,triptychs/T174_G01_ORIGINAL_OVERLAY_MASK.png,
T175_G01,T175_G01,masks/T175_G01.png,triptychs/T175_G01_ORIGINAL_OVERLAY_MASK.png,
T176_G01,T176_G01,masks/T176_G01.png,triptychs/T176_G01_ORIGINAL_OVERLAY_MASK.png,
T177_G01,T177_G01,masks/T177_G01.png,triptychs/T177_G01_ORIGINAL_OVERLAY_MASK.png,
T178_G01,T178_G01,masks/T178_G01.png,triptychs/T178_G01_ORIGINAL_OVERLAY_MASK.png,
T179_G01,T179_G01,masks/T179_G01.png,triptychs/T179_G01_ORIGINAL_OVERLAY_MASK.png,
T180_G01,T180_G01,masks/T180_G01.png,triptychs/T180_G01_ORIGINAL_OVERLAY_MASK.png,
T181_G01,T181_G01,masks/T181_G01.png,triptychs/T181_G01_ORIGINAL_OVERLAY_MASK.png,
T182_G01,T182_G01,masks/T182_G01.png,triptychs/T182_G01_ORIGINAL_OVERLAY_MASK.png,
T183_G01,T183_G01,masks/T183_G01.png,triptychs/T183_G01_ORIGINAL_OVERLAY_MASK.png,
T184_G01,T184_G01,masks/T184_G01.png,triptychs/T184_G01_ORIGINAL_OVERLAY_MASK.png,
T185_G01,T185_G01,masks/T185_G01.png,triptychs/T185_G01_ORIGINAL_OVERLAY_MASK.png,
T186_G01,T186_G01,masks/T186_G01.png,triptychs/T186_G01_ORIGINAL_OVERLAY_MASK.png,
T187_G01,T187_G01,masks/T187_G01.png,triptychs/T187_G01_ORIGINAL_OVERLAY_MASK.png,
T188_G01,T188_G01,masks/T188_G01.png,triptychs/T188_G01_ORIGINAL_OVERLAY_MASK.png,
T189_G01,T189_G01,masks/T189_G01.png,triptychs/T189_G01_ORIGINAL_OVERLAY_MASK.png,
T190_G01,T190_G01,masks/T190_G01.png,triptychs/T190_G01_ORIGINAL_OVERLAY_MASK.png,
T191_G01,T191_G01,masks/T191_G01.png,triptychs/T191_G01_ORIGINAL_OVERLAY_MASK.png,
T192_G01,T192_G01,masks/T192_G01.png,triptychs/T192_G01_ORIGINAL_OVERLAY_MASK.png,
T193_G01,T193_G01,masks/T193_G01.png,triptychs/T193_G01_ORIGINAL_OVERLAY_MASK.png,
T194_G01,T194_G01,masks/T194_G01.png,triptychs/T194_G01_ORIGINAL_OVERLAY_MASK.png,
T195_G01,T195_G01,masks/T195_G01.png,triptychs/T195_G01_ORIGINAL_OVERLAY_MASK.png,
T196_G01,T196_G01,masks/T196_G01.png,triptychs/T196_G01_ORIGINAL_OVERLAY_MASK.png,
T197_G01,T197_G01,masks/T197_G01.png,triptychs/T197_G01_ORIGINAL_OVERLAY_MASK.png,
T198_G01,T198_G01,masks/T198_G01.png,triptychs/T198_G01_ORIGINAL_OVERLAY_MASK.png,
T199_G01,T199_G01,masks/T199_G01.png,triptychs/T199_G01_ORIGINAL_OVERLAY_MASK.png,
T200_G01,T200_G01,masks/T200_G01.png,triptychs/T200_G01_ORIGINAL_OVERLAY_MASK.png,
T201_G01,T201_G01,masks/T201_G01.png,triptychs/T201_G01_ORIGINAL_OVERLAY_MASK.png,
T202_G01,T202_G01,masks/T202_G01.png,triptychs/T202_G01_ORIGINAL_OVERLAY_MASK.png,
T203_G01,T203_G01,masks/T203_G01.png,triptychs/T203_G01_ORIGINAL_OVERLAY_MASK.png,
T204_G01,T204_G01,masks/T204_G01.png,triptychs/T204_G01_ORIGINAL_OVERLAY_MASK.png,
T205_G01,T205_G01,masks/T205_G01.png,triptychs/T205_G01_ORIGINAL_OVERLAY_MASK.png,
T206_G01,T206_G01,masks/T206_G01.png,triptychs/T206_G01_ORIGINAL_OVERLAY_MASK.png,
T207_G01,T207_G01,masks/T207_G01.png,triptychs/T207_G01_ORIGINAL_OVERLAY_MASK.png,
T208_G01,T208_G01,masks/T208_G01.png,triptychs/T208_G01_ORIGINAL_OVERLAY_MASK.png,
T209_G01,T209_G01,masks/T209_G01.png,triptychs/T209_G01_ORIGINAL_OVERLAY_MASK.png,
T210_G01,T210_G01,masks/T210_G01.png,triptychs/T210_G01_ORIGINAL_OVERLAY_MASK.png,
T211_G01,T211_G01,masks/T211_G01.png,triptychs/T211_G01_ORIGINAL_OVERLAY_MASK.png,
T212_G01,T212_G01,masks/T212_G01.png,triptychs/T212_G01_ORIGINAL_OVERLAY_MASK.png,
T213_G01,T213_G01,masks/T213_G01.png,triptychs/T213_G01_ORIGINAL_OVERLAY_MASK.png,
T214_G01,T214_G01,masks/T214_G01.png,triptychs/T214_G01_ORIGINAL_OVERLAY_MASK.png,
T215_G01,T215_G01,masks/T215_G01.png,triptychs/T215_G01_ORIGINAL_OVERLAY_MASK.png,
T216_G01,T216_G01,masks/T216_G01.png,triptychs/T216_G01_ORIGINAL_OVERLAY_MASK.png,
T217_G01,T217_G01,masks/T217_G01.png,triptychs/T217_G01_ORIGINAL_OVERLAY_MASK.png,
T218_G01,T218_G01,masks/T218_G01.png,triptychs/T218_G01_ORIGINAL_OVERLAY_MASK.png,
T219_G01,T219_G01,masks/T219_G01.png,triptychs/T219_G01_ORIGINAL_OVERLAY_MASK.png,
T220_G01,T220_G01,masks/T220_G01.png,triptychs/T220_G01_ORIGINAL_OVERLAY_MASK.png,
T221_G01,T221_G01,masks/T221_G01.png,triptychs/T221_G01_ORIGINAL_OVERLAY_MASK.png,
T222_G01,T222_G01,masks/T222_G01.png,triptychs/T222_G01_ORIGINAL_OVERLAY_MASK.png,
T223_G01,T223_G01,masks/T223_G01.png,triptychs/T223_G01_ORIGINAL_OVERLAY_MASK.png,
T224_G01,T224_G01,masks/T224_G01.png,triptychs/T224_G01_ORIGINAL_OVERLAY_MASK.png,
T225_G01,T225_G01,masks/T225_G01.png,triptychs/T225_G01_ORIGINAL_OVERLAY_MASK.png,
T226_G01,T226_G01,masks/T226_G01.png,triptychs/T226_G01_ORIGINAL_OVERLAY_MASK.png,
T227_G01,T227_G01,masks/T227_G01.png,triptychs/T227_G01_ORIGINAL_OVERLAY_MASK.png,
T228_G01,T228_G01,masks/T228_G01.png,triptychs/T228_G01_ORIGINAL_OVERLAY_MASK.png,
T229_G01,T229_G01,masks/T229_G01.png,triptychs/T229_G01_ORIGINAL_OVERLAY_MASK.png,
T230_G01,T230_G01,masks/T230_G01.png,triptychs/T230_G01_ORIGINAL_OVERLAY_MASK.png,
T231_G01,T231_G01,masks/T231_G01.png,triptychs/T231_G01_ORIGINAL_OVERLAY_MASK.png,
T232_G01,T232_G01,masks/T232_G01.png,triptychs/T232_G01_ORIGINAL_OVERLAY_MASK.png,
T233_G01,T233_G01,masks/T233_G01.png,triptychs/T233_G01_ORIGINAL_OVERLAY_MASK.png,
T234_G01,T234_G01,masks/T234_G01.png,triptychs/T234_G01_ORIGINAL_OVERLAY_MASK.png,
T235_G01,T235_G01,masks/T235_G01.png,triptychs/T235_G01_ORIGINAL_OVERLAY_MASK.png,
T236_G01,T236_G01,masks/T236_G01.png,triptychs/T236_G01_ORIGINAL_OVERLAY_MASK.png,
T237_G01,T237_G01,masks/T237_G01.png,triptychs/T237_G01_ORIGINAL_OVERLAY_MASK.png,
T238_G01,T238_G01,masks/T238_G01.png,triptychs/T238_G01_ORIGINAL_OVERLAY_MASK.png,
T239_G01,T239_G01,masks/T239_G01.png,triptychs/T239_G01_ORIGINAL_OVERLAY_MASK.png,
T240_G01,T240_G01,masks/T240_G01.png,triptychs/T240_G01_ORIGINAL_OVERLAY_MASK.png,
T241_G01,T241_G01,masks/T241_G01.png,triptychs/T241_G01_ORIGINAL_OVERLAY_MASK.png,
T242_G01,T242_G01,masks/T242_G01.png,triptychs/T242_G01_ORIGINAL_OVERLAY_MASK.png,
T243_G01,T243_G01,masks/T243_G01.png,triptychs/T243_G01_ORIGINAL_OVERLAY_MASK.png,
T244_G01,T244_G01,masks/T244_G01.png,triptychs/T244_G01_ORIGINAL_OVERLAY_MASK.png,
T245_G01,T245_G01,masks/T245_G01.png,triptychs/T245_G01_ORIGINAL_OVERLAY_MASK.png,
T246_G01,T246_G01,masks/T246_G01.png,triptychs/T246_G01_ORIGINAL_OVERLAY_MASK.png,
T247_G01,T247_G01,masks/T247_G01.png,triptychs/T247_G01_ORIGINAL_OVERLAY_MASK.png,
T248_G01,T248_G01,masks/T248_G01.png,triptychs/T248_G01_ORIGINAL_OVERLAY_MASK.png,
T249_G01,T249_G01,masks/T249_G01.png,triptychs/T249_G01_ORIGINAL_OVERLAY_MASK.png,
T250_G01,T250_G01,masks/T250_G01.png,triptychs/T250_G01_ORIGINAL_OVERLAY_MASK.png,
T251_G01,T251_G01,masks/T251_G01.png,triptychs/T251_G01_ORIGINAL_OVERLAY_MASK.png,
T252_G01,T252_G01,masks/T252_G01.png,triptychs/T252_G01_ORIGINAL_OVERLAY_MASK.png,
T253_G01,T253_G01,masks/T253_G01.png,triptychs/T253_G01_ORIGINAL_OVERLAY_MASK.png,
T254_G01,T254_G01,masks/T254_G01.png,triptychs/T254_G01_ORIGINAL_OVERLAY_MASK.png,
T255_G01,T255_G01,masks/T255_G01.png,triptychs/T255_G01_ORIGINAL_OVERLAY_MASK.png,
T256_G01,T256_G01,masks/T256_G01.png,triptychs/T256_G01_ORIGINAL_OVERLAY_MASK.png,
T257_G01,T257_G01,masks/T257_G01.png,triptychs/T257_G01_ORIGINAL_OVERLAY_MASK.png,
T258_G01,T258_G01,masks/T258_G01.png,triptychs/T258_G01_ORIGINAL_OVERLAY_MASK.png,
T259_G01,T259_G01,masks/T259_G01.png,triptychs/T259_G01_ORIGINAL_OVERLAY_MASK.png,
T260_G01,T260_G01,masks/T260_G01.png,triptychs/T260_G01_ORIGINAL_OVERLAY_MASK.png,
T261_G01,T261_G01,masks/T261_G01.png,triptychs/T261_G01_ORIGINAL_OVERLAY_MASK.png,
T262_G01,T262_G01,masks/T262_G01.png,triptychs/T262_G01_ORIGINAL_OVERLAY_MASK.png,
T263_G01,T263_G01,masks/T263_G01.png,triptychs/T263_G01_ORIGINAL_OVERLAY_MASK.png,
T264_G01,T264_G01,masks/T264_G01.png,triptychs/T264_G01_ORIGINAL_OVERLAY_MASK.png,
T265_G01,T265_G01,masks/T265_G01.png,triptychs/T265_G01_ORIGINAL_OVERLAY_MASK.png,
T266_G01,T266_G01,masks/T266_G01.png,triptychs/T266_G01_ORIGINAL_OVERLAY_MASK.png,
T267_G01,T267_G01,masks/T267_G01.png,triptychs/T267_G01_ORIGINAL_OVERLAY_MASK.png,
T268_G01,T268_G01,masks/T268_G01.png,triptychs/T268_G01_ORIGINAL_OVERLAY_MASK.png,
T269_G01,T269_G01,masks/T269_G01.png,triptychs/T269_G01_ORIGINAL_OVERLAY_MASK.png,
T270_G01,T270_G01,masks/T270_G01.png,triptychs/T270_G01_ORIGINAL_OVERLAY_MASK.png,
T271_G01,T271_G01,masks/T271_G01.png,triptychs/T271_G01_ORIGINAL_OVERLAY_MASK.png,
T272_G01,T272_G01,masks/T272_G01.png,triptychs/T272_G01_ORIGINAL_OVERLAY_MASK.png,
T273_G01,T273_G01,masks/T273_G01.png,triptychs/T273_G01_ORIGINAL_OVERLAY_MASK.png,
T274_G01,T274_G01,masks/T274_G01.png,triptychs/T274_G01_ORIGINAL_OVERLAY_MASK.png,
T275_G01,T275_G01,masks/T275_G01.png,triptychs/T275_G01_ORIGINAL_OVERLAY_MASK.png,
T276_G01,T276_G01,masks/T276_G01.png,triptychs/T276_G01_ORIGINAL_OVERLAY_MASK.png,
T277_G01,T277_G01,masks/T277_G01.png,triptychs/T277_G01_ORIGINAL_OVERLAY_MASK.png,
T278_G01,T278_G01,masks/T278_G01.png,triptychs/T278_G01_ORIGINAL_OVERLAY_MASK.png,
T279_G01,T279_G01,masks/T279_G01.png,triptychs/T279_G01_ORIGINAL_OVERLAY_MASK.png,
T280_G01,T280_G01,masks/T280_G01.png,triptychs/T280_G01_ORIGINAL_OVERLAY_MASK.png,
T281_G01,T281_G01,masks/T281_G01.png,triptychs/T281_G01_ORIGINAL_OVERLAY_MASK.png,
T282_G01,T282_G01,masks/T282_G01.png,triptychs/T282_G01_ORIGINAL_OVERLAY_MASK.png,
T283_G01,T283_G01,masks/T283_G01.png,triptychs/T283_G01_ORIGINAL_OVERLAY_MASK.png,
T284_G01,T284_G01,masks/T284_G01.png,triptychs/T284_G01_ORIGINAL_OVERLAY_MASK.png,
T285_G01,T285_G01,masks/T285_G01.png,triptychs/T285_G01_ORIGINAL_OVERLAY_MASK.png,
T286_G01,T286_G01,masks/T286_G01.png,triptychs/T286_G01_ORIGINAL_OVERLAY_MASK.png,
T287_G01,T287_G01,masks/T287_G01.png,triptychs/T287_G01_ORIGINAL_OVERLAY_MASK.png,
T288_G01,T288_G01,masks/T288_G01.png,triptychs/T288_G01_ORIGINAL_OVERLAY_MASK.png,
T289_G01,T289_G01,masks/T289_G01.png,triptychs/T289_G01_ORIGINAL_OVERLAY_MASK.png,
T290_G01,T290_G01,masks/T290_G01.png,triptychs/T290_G01_ORIGINAL_OVERLAY_MASK.png,
T291_G01,T291_G01,masks/T291_G01.png,triptychs/T291_G01_ORIGINAL_OVERLAY_MASK.png,
T292_G01,T292_G01,masks/T292_G01.png,triptychs/T292_G01_ORIGINAL_OVERLAY_MASK.png,
T293_G01,T293_G01,masks/T293_G01.png,triptychs/T293_G01_ORIGINAL_OVERLAY_MASK.png,
T294_G01,T294_G01,masks/T294_G01.png,triptychs/T294_G01_ORIGINAL_OVERLAY_MASK.png,
T295_G01,T295_G01,masks/T295_G01.png,triptychs/T295_G01_ORIGINAL_OVERLAY_MASK.png,
T296_G01,T296_G01,masks/T296_G01.png,triptychs/T296_G01_ORIGINAL_OVERLAY_MASK.png,
T297_G01,T297_G01,masks/T297_G01.png,triptychs/T297_G01_ORIGINAL_OVERLAY_MASK.png,
T298_G01,T298_G01,masks/T298_G01.png,triptychs/T298_G01_ORIGINAL_OVERLAY_MASK.png,
T299_G01,T299_G01,masks/T299_G01.png,triptychs/T299_G01_ORIGINAL_OVERLAY_MASK.png,
T300_G01,T300_G01,masks/T300_G01.png,triptychs/T300_G01_ORIGINAL_OVERLAY_MASK.png,
T301_G01,T301_G01,masks/T301_G01.png,triptychs/T301_G01_ORIGINAL_OVERLAY_MASK.png,
T302_G01,T302_G01,masks/T302_G01.png,triptychs/T302_G01_ORIGINAL_OVERLAY_MASK.png,
T303_G01,T303_G01,masks/T303_G01.png,triptychs/T303_G01_ORIGINAL_OVERLAY_MASK.png,
T304_G01,T304_G01,masks/T304_G01.png,triptychs/T304_G01_ORIGINAL_OVERLAY_MASK.png,
T305_G01,T305_G01,masks/T305_G01.png,triptychs/T305_G01_ORIGINAL_OVERLAY_MASK.png,
T306_G01,T306_G01,masks/T306_G01.png,triptychs/T306_G01_ORIGINAL_OVERLAY_MASK.png,
T307_G01,T307_G01,masks/T307_G01.png,triptychs/T307_G01_ORIGINAL_OVERLAY_MASK.png,
T308_G01,T308_G01,masks/T308_G01.png,triptychs/T308_G01_ORIGINAL_OVERLAY_MASK.png,
T309_G01,T309_G01,masks/T309_G01.png,triptychs/T309_G01_ORIGINAL_OVERLAY_MASK.png,
T310_G01,T310_G01,masks/T310_G01.png,triptychs/T310_G01_ORIGINAL_OVERLAY_MASK.png,
T311_G01,T311_G01,masks/T311_G01.png,triptychs/T311_G01_ORIGINAL_OVERLAY_MASK.png,
T312_G01,T312_G01,masks/T312_G01.png,triptychs/T312_G01_ORIGINAL_OVERLAY_MASK.png,
T313_G01,T313_G01,masks/T313_G01.png,triptychs/T313_G01_ORIGINAL_OVERLAY_MASK.png,
T314_G01,T314_G01,masks/T314_G01.png,triptychs/T314_G01_ORIGINAL_OVERLAY_MASK.png,
T315_G01,T315_G01,masks/T315_G01.png,triptychs/T315_G01_ORIGINAL_OVERLAY_MASK.png,
T316_G01,T316_G01,masks/T316_G01.png,triptychs/T316_G01_ORIGINAL_OVERLAY_MASK.png,
T317_G01,T317_G01,masks/T317_G01.png,triptychs/T317_G01_ORIGINAL_OVERLAY_MASK.png,
T318_G01,T318_G01,masks/T318_G01.png,triptychs/T318_G01_ORIGINAL_OVERLAY_MASK.png,
T319_G01,T319_G01,masks/T319_G01.png,triptychs/T319_G01_ORIGINAL_OVERLAY_MASK.png,
T320_G01,T320_G01,masks/T320_G01.png,triptychs/T320_G01_ORIGINAL_OVERLAY_MASK.png,
T321_G01,T321_G01,masks/T321_G01.png,triptychs/T321_G01_ORIGINAL_OVERLAY_MASK.png,
T322_G01,T322_G01,masks/T322_G01.png,triptychs/T322_G01_ORIGINAL_OVERLAY_MASK.png,
T323_G01,T323_G01,masks/T323_G01.png,triptychs/T323_G01_ORIGINAL_OVERLAY_MASK.png,
T324_G01,T324_G01,masks/T324_G01.png,triptychs/T324_G01_ORIGINAL_OVERLAY_MASK.png,
T325_G01,T325_G01,masks/T325_G01.png,triptychs/T325_G01_ORIGINAL_OVERLAY_MASK.png,
T326_G01,T326_G01,masks/T326_G01.png,triptychs/T326_G01_ORIGINAL_OVERLAY_MASK.png,
T327_G01,T327_G01,masks/T327_G01.png,triptychs/T327_G01_ORIGINAL_OVERLAY_MASK.png,
T328_G01,T328_G01,masks/T328_G01.png,triptychs/T328_G01_ORIGINAL_OVERLAY_MASK.png,
T329_G01,T329_G01,masks/T329_G01.png,triptychs/T329_G01_ORIGINAL_OVERLAY_MASK.png,
T330_G01,T330_G01,masks/T330_G01.png,triptychs/T330_G01_ORIGINAL_OVERLAY_MASK.png,
T331_G01,T331_G01,masks/T331_G01.png,triptychs/T331_G01_ORIGINAL_OVERLAY_MASK.png,
T332_G01,T332_G01,masks/T332_G01.png,triptychs/T332_G01_ORIGINAL_OVERLAY_MASK.png,
T333_G01,T333_G01,masks/T333_G01.png,triptychs/T333_G01_ORIGINAL_OVERLAY_MASK.png,
T334_G01,T334_G01,masks/T334_G01.png,triptychs/T334_G01_ORIGINAL_OVERLAY_MASK.png,
T335_G01,T335_G01,masks/T335_G01.png,triptychs/T335_G01_ORIGINAL_OVERLAY_MASK.png,
T336_G01,T336_G01,masks/T336_G01.png,triptychs/T336_G01_ORIGINAL_OVERLAY_MASK.png,
T337_G01,T337_G01,masks/T337_G01.png,triptychs/T337_G01_ORIGINAL_OVERLAY_MASK.png,
T338_G01,T338_G01,masks/T338_G01.png,triptychs/T338_G01_ORIGINAL_OVERLAY_MASK.png,
T339_G01,T339_G01,masks/T339_G01.png,triptychs/T339_G01_ORIGINAL_OVERLAY_MASK.png,
T340_G01,T340_G01,masks/T340_G01.png,triptychs/T340_G01_ORIGINAL_OVERLAY_MASK.png,
T341_G01,T341_G01,masks/T341_G01.png,triptychs/T341_G01_ORIGINAL_OVERLAY_MASK.png,
T342_G01,T342_G01,masks/T342_G01.png,triptychs/T342_G01_ORIGINAL_OVERLAY_MASK.png,
T343_G01,T343_G01,masks/T343_G01.png,triptychs/T343_G01_ORIGINAL_OVERLAY_MASK.png,
T344_G01,T344_G01,masks/T344_G01.png,triptychs/T344_G01_ORIGINAL_OVERLAY_MASK.png,
T345_G01,T345_G01,masks/T345_G01.png,triptychs/T345_G01_ORIGINAL_OVERLAY_MASK.png,
