element_id,reviewer,sheet,cell,original_match,overlay_complete,mask_only_pure,missing_stroke_px,foreign_pixel_px,decision,note
G001,R105-SA1-FRESH-ISOLATED,contact_sheet_01.png,1,true,true,true,0,0,PASS,8x opened; digit contour matches original.
G002,R105-SA1-FRESH-ISOLATED,contact_sheet_01.png,2,true,true,true,0,0,PASS,8x opened; digit contour matches original.
G003,R105-SA1-FRESH-ISOLATED,contact_sheet_01.png,3,true,true,true,0,0,PASS,8x opened; digit contour matches original.
G004,R105-SA1-FRESH-ISOLATED,contact_sheet_02.png,1,true,true,true,0,0,PASS,8x opened; CJK contour complete and pure.
G005,R105-SA1-FRESH-ISOLATED,contact_sheet_02.png,2,true,true,true,0,0,PASS,8x opened; CJK contour complete and pure.
G006,R105-SA1-FRESH-ISOLATED,contact_sheet_02.png,3,true,true,true,0,0,PASS,8x opened; CJK contour complete and pure.
G007,R105-SA1-FRESH-ISOLATED,contact_sheet_03.png,1,true,true,true,0,0,PASS,8x opened; italic t complete and pure.
G008,R105-SA1-FRESH-ISOLATED,contact_sheet_03.png,2,true,true,true,0,0,PASS,8x opened; digit contour complete.
G009,R105-SA1-FRESH-ISOLATED,contact_sheet_03.png,3,true,true,true,0,0,PASS,8x opened; comma contour complete and peer-consistent.
G010,R105-SA1-FRESH-ISOLATED,contact_sheet_04.png,1,true,true,true,0,0,PASS,8x opened; ellipsis dots complete and peer-consistent.
G011,R105-SA1-FRESH-ISOLATED,contact_sheet_04.png,2,true,true,true,0,0,PASS,8x opened; comma contour complete and peer-consistent.
G012,R105-SA1-FRESH-ISOLATED,contact_sheet_04.png,3,true,true,true,0,0,PASS,8x opened; digit contour matches original.
G013,R105-SA1-FRESH-ISOLATED,contact_sheet_05.png,1,true,true,true,0,0,PASS,8x opened; CJK contour complete and pure.
G014,R105-SA1-FRESH-ISOLATED,contact_sheet_05.png,2,true,true,true,0,0,PASS,8x opened; CJK contour complete and pure.
G015,R105-SA1-FRESH-ISOLATED,contact_sheet_05.png,3,true,true,true,0,0,PASS,8x opened; CJK contour complete and pure.
G016,R105-SA1-FRESH-ISOLATED,contact_sheet_06.png,1,true,true,true,0,0,PASS,8x opened; CJK contour complete and pure.
G017,R105-SA1-FRESH-ISOLATED,contact_sheet_06.png,2,true,true,true,0,0,PASS,8x opened; italic t complete and pure.
G018,R105-SA1-FRESH-ISOLATED,contact_sheet_06.png,3,true,true,true,0,0,PASS,8x opened; digit contour matches original.
G019,R105-SA1-FRESH-ISOLATED,contact_sheet_07.png,1,true,true,true,0,0,PASS,8x opened; comma contour complete and peer-consistent.
G020,R105-SA1-FRESH-ISOLATED,contact_sheet_07.png,2,true,true,true,0,0,PASS,8x opened; ellipsis dots complete and peer-consistent.
G021,R105-SA1-FRESH-ISOLATED,contact_sheet_07.png,3,true,true,true,0,0,PASS,8x opened; comma contour complete and peer-consistent.
G022,R105-SA1-FRESH-ISOLATED,contact_sheet_08.png,1,true,true,true,0,0,PASS,8x opened; digit contour matches original.
G023,R105-SA1-FRESH-ISOLATED,contact_sheet_08.png,2,true,true,true,0,0,PASS,8x opened; digit contour matches original.
G024,R105-SA1-FRESH-ISOLATED,contact_sheet_08.png,3,true,true,true,0,0,PASS,8x opened; math italic X complete and pure.
G025,R105-SA1-FRESH-ISOLATED,contact_sheet_09.png,1,true,true,true,0,0,PASS,8x opened; natural script t complete and legible.
G026,R105-SA1-FRESH-ISOLATED,contact_sheet_09.png,2,true,true,true,0,0,PASS,8x opened; CJK contour complete and pure.
G027,R105-SA1-FRESH-ISOLATED,contact_sheet_09.png,3,true,true,true,0,0,PASS,8x opened; CJK contour complete and pure.
G028,R105-SA1-FRESH-ISOLATED,contact_sheet_10.png,1,true,true,true,0,0,PASS,8x opened; math italic X complete and pure.
G029,R105-SA1-FRESH-ISOLATED,contact_sheet_10.png,2,true,true,true,0,0,PASS,8x opened; natural script t complete and legible.
G030,R105-SA1-FRESH-ISOLATED,contact_sheet_10.png,3,true,true,true,0,0,PASS,8x opened; digit contour matches original.
G031,R105-SA1-FRESH-ISOLATED,contact_sheet_11.png,1,true,true,true,0,0,PASS,8x opened; digit contour matches original.
G032,R105-SA1-FRESH-ISOLATED,contact_sheet_11.png,2,true,true,true,0,0,PASS,8x opened; digit contour matches original.
G033,R105-SA1-FRESH-ISOLATED,contact_sheet_11.png,3,true,true,true,0,0,PASS,8x opened; digit contour matches original.
G034,R105-SA1-FRESH-ISOLATED,contact_sheet_12.png,1,true,true,true,0,0,PASS,8x opened; digit contour matches original.
G035,R105-SA1-FRESH-ISOLATED,contact_sheet_12.png,2,true,true,true,0,0,PASS,8x opened; digit contour matches original.
G036,R105-SA1-FRESH-ISOLATED,contact_sheet_12.png,3,true,true,true,0,0,PASS,8x opened; digit contour matches original.
G037,R105-SA1-FRESH-ISOLATED,contact_sheet_13.png,1,true,true,true,0,0,PASS,8x opened; digit contour matches original.
G038,R105-SA1-FRESH-ISOLATED,contact_sheet_13.png,2,true,true,true,0,0,PASS,8x opened; digit contour matches original.
G039,R105-SA1-FRESH-ISOLATED,contact_sheet_13.png,3,true,true,true,0,0,PASS,8x opened; decimal point complete and peer-consistent.
G040,R105-SA1-FRESH-ISOLATED,contact_sheet_14.png,1,true,true,true,0,0,PASS,8x opened; digit contour matches original.
G041,R105-SA1-FRESH-ISOLATED,contact_sheet_14.png,2,true,true,true,0,0,PASS,8x opened; digit contour matches original.
G042,R105-SA1-FRESH-ISOLATED,contact_sheet_14.png,3,true,true,true,0,0,PASS,8x opened; decimal point complete and peer-consistent.
G043,R105-SA1-FRESH-ISOLATED,contact_sheet_15.png,1,true,true,true,0,0,PASS,8x opened; digit contour matches original.
G044,R105-SA1-FRESH-ISOLATED,contact_sheet_15.png,2,true,true,true,0,0,PASS,8x opened; digit contour matches original.
G045,R105-SA1-FRESH-ISOLATED,contact_sheet_15.png,3,true,true,true,0,0,PASS,8x opened; digit contour matches original.
G046,R105-SA1-FRESH-ISOLATED,contact_sheet_16.png,1,true,true,true,0,0,PASS,8x opened; decimal point complete and peer-consistent.
G047,R105-SA1-FRESH-ISOLATED,contact_sheet_16.png,2,true,true,true,0,0,PASS,8x opened; digit contour matches original.
G048,R105-SA1-FRESH-ISOLATED,contact_sheet_16.png,3,true,true,true,0,0,PASS,8x opened; CJK contour complete in teal.
G049,R105-SA1-FRESH-ISOLATED,contact_sheet_17.png,1,true,true,true,0,0,PASS,8x opened; CJK contour complete in teal.
G050,R105-SA1-FRESH-ISOLATED,contact_sheet_17.png,2,true,true,true,0,0,PASS,8x opened; CJK contour complete in teal.
G051,R105-SA1-FRESH-ISOLATED,contact_sheet_17.png,3,true,true,true,0,0,PASS,8x opened; teal digit contour complete and pure.
G052,R105-SA1-FRESH-ISOLATED,contact_sheet_18.png,1,true,true,true,0,0,PASS,8x opened; axis-label italic t complete.
G053,R105-SA1-FRESH-ISOLATED,contact_sheet_18.png,2,true,true,true,0,0,PASS,8x opened; overlined math italic X base contour complete.
G054,R105-SA1-FRESH-ISOLATED,contact_sheet_18.png,3,true,true,true,0,0,PASS,8x opened; natural script digit complete and legible.
G055,R105-SA1-FRESH-ISOLATED,contact_sheet_19.png,1,true,true,true,0,0,PASS,8x opened; natural script ratio symbol complete.
G056,R105-SA1-FRESH-ISOLATED,contact_sheet_19.png,2,true,true,true,0,0,PASS,8x opened; natural script t complete and legible.
G057,R105-SA1-FRESH-ISOLATED,contact_sheet_19.png,3,true,true,true,0,0,PASS,8x opened; CJK contour complete and pure.
G058,R105-SA1-FRESH-ISOLATED,contact_sheet_20.png,1,true,true,true,0,0,PASS,8x opened; CJK contour complete and isolated from neighbor.
G059,R105-SA1-FRESH-ISOLATED,contact_sheet_20.png,2,true,true,true,0,0,PASS,8x opened; CJK contour complete and isolated from neighbor.
G060,R105-SA1-FRESH-ISOLATED,contact_sheet_20.png,3,true,true,true,0,0,PASS,8x opened; CJK contour complete and pure.
G061,R105-SA1-FRESH-ISOLATED,contact_sheet_21.png,1,true,true,true,0,0,PASS,8x opened; CJK contour complete and pure.
G062,R105-SA1-FRESH-ISOLATED,contact_sheet_21.png,2,true,true,true,0,0,PASS,8x opened; CJK contour complete and pure.
G063,R105-SA1-FRESH-ISOLATED,contact_sheet_21.png,3,true,true,true,0,0,PASS,8x opened; CJK contour complete and pure.
G064,R105-SA1-FRESH-ISOLATED,contact_sheet_22.png,1,true,true,true,0,0,PASS,8x opened; CJK contour complete and pure.
G065,R105-SA1-FRESH-ISOLATED,contact_sheet_22.png,2,true,true,true,0,0,PASS,8x opened; math italic X complete and pure.
G066,R105-SA1-FRESH-ISOLATED,contact_sheet_22.png,3,true,true,true,0,0,PASS,8x opened; natural script digit complete and legible.
G067,R105-SA1-FRESH-ISOLATED,contact_sheet_23.png,1,true,true,true,0,0,PASS,8x opened; natural script ratio symbol complete.
G068,R105-SA1-FRESH-ISOLATED,contact_sheet_23.png,2,true,true,true,0,0,PASS,8x opened; natural script t complete and legible.
P1_EQ_WARMUP_TOP,R105-SA1-FRESH-ISOLATED,contact_sheet_23.png,3,true,true,true,0,0,PASS,8x opened; top equality rule nonempty and pure.
P1_EQ_WARMUP_BOTTOM,R105-SA1-FRESH-ISOLATED,contact_sheet_24.png,1,true,true,true,0,0,PASS,8x opened; bottom equality rule nonempty and pure.
P1_EQ_RETAIN_TOP,R105-SA1-FRESH-ISOLATED,contact_sheet_24.png,2,true,true,true,0,0,PASS,8x opened; top equality rule nonempty and pure.
P1_EQ_RETAIN_BOTTOM,R105-SA1-FRESH-ISOLATED,contact_sheet_24.png,3,true,true,true,0,0,PASS,8x opened; bottom equality rule nonempty and pure.
P2_YLABEL_OVERLINE,R105-SA1-FRESH-ISOLATED,contact_sheet_25.png,1,true,true,true,0,0,PASS,8x opened; overline rule nonempty complete and pure.
P2_TITLE_OVERLINE,R105-SA1-FRESH-ISOLATED,contact_sheet_25.png,2,true,true,true,0,0,PASS,8x opened; overline rule nonempty complete and pure.
