PANEL,ROLE,MEDIAN_H_INK_PX,SOURCE_EFFECTIVE_PT,BASE_EFFECTIVE_PT,SOURCE_ROLE_RATIO,E_RANGE,D_RATIO_STATUS,E_RATIO_STATUS,CROSS_PANEL_ROLE_RATIO,CROSS_PANEL_STATUS,VISUAL_HARMONY,REVIEWER,REVIEWED_AT,NOTE
BOTTOM,ANNOTATION_FORMULA,35.5,9.6,9.6,1.0,"[0.95,1.10]",PASS,PASS,1.0,PASS,PASS,SA1_FRESH_R99,2026-08-24T23:56:46+08:00,opened native evidence; D/E values are independently recomputed from raw pixel and source-effective-size ledgers.
BOTTOM,AXIS_LABEL,15.0,10.8,9.6,1.125,"[1.00,1.18]",PASS,PASS,1.0,PASS,PASS,SA1_FRESH_R99,2026-08-24T23:56:46+08:00,opened native evidence; D/E values are independently recomputed from raw pixel and source-effective-size ledgers.
BOTTOM,TICK,26.0,9.6,9.6,1.0,"[0.95,1.10]",PASS,PASS,1.0,PASS,PASS,SA1_FRESH_R99,2026-08-24T23:56:46+08:00,opened native evidence; D/E values are independently recomputed from raw pixel and source-effective-size ledgers.
BOTTOM,TITLE,40.5,10.8,9.6,1.125,"[1.05,1.20]",PASS,PASS,1.0,PASS,PASS,SA1_FRESH_R99,2026-08-24T23:56:46+08:00,opened native evidence; D/E values are independently recomputed from raw pixel and source-effective-size ledgers.
CAPTION,CAPTION,37.0,9.9626,9.6,1.0378,"[0.95,1.10]",PASS,PASS,N/A,N/A,PASS,SA1_FRESH_R99,2026-08-24T23:56:46+08:00,opened native evidence; D/E values are independently recomputed from raw pixel and source-effective-size ledgers.
TOP,ANNOTATION_FORMULA,26.0,9.6,9.6,1.0,"[0.95,1.10]",PASS,PASS,1.0,PASS,PASS,SA1_FRESH_R99,2026-08-24T23:56:46+08:00,opened native evidence; D/E values are independently recomputed from raw pixel and source-effective-size ledgers.
TOP,AXIS_LABEL,21.0,10.8,9.6,1.125,"[1.00,1.18]",PASS,PASS,1.0,PASS,PASS,SA1_FRESH_R99,2026-08-24T23:56:46+08:00,opened native evidence; D/E values are independently recomputed from raw pixel and source-effective-size ledgers.
TOP,TICK,26.0,9.6,9.6,1.0,"[0.95,1.10]",PASS,PASS,1.0,PASS,PASS,SA1_FRESH_R99,2026-08-24T23:56:46+08:00,opened native evidence; D/E values are independently recomputed from raw pixel and source-effective-size ledgers.
TOP,TITLE,35.0,10.8,9.6,1.125,"[1.05,1.20]",PASS,PASS,1.0,PASS,PASS,SA1_FRESH_R99,2026-08-24T23:56:46+08:00,opened native evidence; D/E values are independently recomputed from raw pixel and source-effective-size ledgers.
